"Time of Day","Process Name","PID","Operation","Path","Result","Detail"
"12:22:43.7909216 PM","main.exe","24160","Load Image","C:\Windows\System32\ntdll.dll","SUCCESS","Image Base: 0x7fffa8620000, Image Size: 0x267000"
"12:22:43.7923718 PM","main.exe","24160","Load Image","C:\Windows\System32\kernel32.dll","SUCCESS","Image Base: 0x7fffa7440000, Image Size: 0xc9000"
"12:22:43.7925669 PM","main.exe","24160","Load Image","C:\Windows\System32\KernelBase.dll","SUCCESS","Image Base: 0x7fffa51a0000, Image Size: 0x3f1000"
"12:22:43.7955761 PM","main.exe","24160","CreateFile","C:\Windows\System32\apphelp.dll","SUCCESS","Desired Access: Read Attributes, Disposition: Open, Options: Open Reparse Point, Attributes: n/a, ShareMode: Read, Write, Delete, AllocationSize: n/a, OpenResult: Opened"
"12:22:43.7956221 PM","main.exe","24160","QueryBasicInformationFile","C:\Windows\System32\apphelp.dll","SUCCESS","CreationTime: 3/11/2026 1:06:38 PM, LastAccessTime: 4/4/2026 12:22:43 PM, LastWriteTime: 3/11/2026 1:06:38 PM, ChangeTime: 3/12/2026 12:16:21 AM, FileAttributes: A"
"12:22:43.7956369 PM","main.exe","24160","CloseFile","C:\Windows\System32\apphelp.dll","SUCCESS",""
"12:22:43.7958504 PM","main.exe","24160","CreateFile","C:\Windows\System32\apphelp.dll","SUCCESS","Desired Access: Read Data/List Directory, Execute/Traverse, Synchronize, Disposition: Open, Options: Synchronous IO Non-Alert, Non-Directory File, Attributes: n/a, ShareMode: Read, Delete, AllocationSize: n/a, OpenResult: Opened"
"12:22:43.7959030 PM","main.exe","24160","CreateFileMapping","C:\Windows\System32\apphelp.dll","FILE LOCKED WITH ONLY READERS","SyncType: SyncTypeCreateSection, PageProtection: PAGE_EXECUTE|PAGE_NOCACHE"
"12:22:43.7959281 PM","main.exe","24160","CreateFileMapping","C:\Windows\System32\apphelp.dll","SUCCESS","SyncType: SyncTypeOther"
"12:22:43.7960344 PM","main.exe","24160","Load Image","C:\Windows\System32\apphelp.dll","SUCCESS","Image Base: 0x7fffa1610000, Image Size: 0x9f000"
"12:22:43.7962620 PM","main.exe","24160","CloseFile","C:\Windows\System32\apphelp.dll","SUCCESS",""
"12:22:43.7970074 PM","main.exe","24160","CreateFile","C:\Windows\System32\ntdll.dll","SUCCESS","Desired Access: Read Control, Disposition: Open, Options: , Attributes: n/a, ShareMode: Read, Delete, AllocationSize: n/a, OpenResult: Opened"
"12:22:43.7970524 PM","main.exe","24160","QuerySecurityFile","C:\Windows\System32\ntdll.dll","BUFFER OVERFLOW","Information: Owner"
"12:22:43.7970654 PM","main.exe","24160","QuerySecurityFile","C:\Windows\System32\ntdll.dll","SUCCESS","Information: Owner"
"12:22:43.7970779 PM","main.exe","24160","CloseFile","C:\Windows\System32\ntdll.dll","SUCCESS",""
"12:22:43.7973067 PM","main.exe","24160","CreateFile","C:\Windows\System32\kernel32.dll","SUCCESS","Desired Access: Read Control, Disposition: Open, Options: , Attributes: n/a, ShareMode: Read, Delete, AllocationSize: n/a, OpenResult: Opened"
"12:22:43.7973594 PM","main.exe","24160","QuerySecurityFile","C:\Windows\System32\kernel32.dll","BUFFER OVERFLOW","Information: Owner"
"12:22:43.7973791 PM","main.exe","24160","QuerySecurityFile","C:\Windows\System32\kernel32.dll","SUCCESS","Information: Owner"
"12:22:43.7973935 PM","main.exe","24160","CloseFile","C:\Windows\System32\kernel32.dll","SUCCESS",""
"12:22:43.7976473 PM","main.exe","24160","CreateFile","C:\Windows\System32\KernelBase.dll","SUCCESS","Desired Access: Read Control, Disposition: Open, Options: , Attributes: n/a, ShareMode: Read, Delete, AllocationSize: n/a, OpenResult: Opened"
"12:22:43.7976794 PM","main.exe","24160","QuerySecurityFile","C:\Windows\System32\KernelBase.dll","BUFFER OVERFLOW","Information: Owner"
"12:22:43.7976925 PM","main.exe","24160","QuerySecurityFile","C:\Windows\System32\KernelBase.dll","SUCCESS","Information: Owner"
"12:22:43.7977047 PM","main.exe","24160","CloseFile","C:\Windows\System32\KernelBase.dll","SUCCESS",""
"12:22:43.7991194 PM","main.exe","24160","ReadFile","C:\Windows\System32\apphelp.dll","SUCCESS","Offset: 233,472, Length: 4,096, I/O Flags: Non-cached, Paging I/O, Synchronous Paging I/O, Priority: Normal"
"12:22:43.8006248 PM","main.exe","24160","ReadFile","C:\Windows\System32\apphelp.dll","SUCCESS","Offset: 233,472, Length: 28,672, I/O Flags: Non-cached, Paging I/O, Synchronous Paging I/O, Priority: Normal"
"12:22:43.8030818 PM","main.exe","24160","Load Image","C:\Windows\System32\ws2_32.dll","SUCCESS","Image Base: 0x7fffa6720000, Image Size: 0x74000"
"12:22:43.8033010 PM","main.exe","24160","Load Image","C:\Windows\System32\ucrtbase.dll","SUCCESS","Image Base: 0x7fffa55a0000, Image Size: 0x14b000"
"12:22:43.8034677 PM","main.exe","24160","QueryOpen","D:\Work\FingerDraw\FingerDraw\windows-server\Application\glib-2.0-0.dll","SUCCESS","CreationTime: 4/3/2026 9:27:14 PM, LastAccessTime: 4/4/2026 12:18:58 PM, LastWriteTime: 2/26/2026 8:51:30 PM, ChangeTime: 4/1/2026 11:31:27 PM, AllocationSize: 1,441,792, EndOfFile: 1,438,720, FileAttributes: A"
"12:22:43.8035026 PM","main.exe","24160","QueryOpen","D:\Work\FingerDraw\FingerDraw\windows-server\Application\gstreamer-1.0-0.dll","SUCCESS","CreationTime: 4/3/2026 9:27:14 PM, LastAccessTime: 4/4/2026 12:18:58 PM, LastWriteTime: 2/26/2026 8:53:38 PM, ChangeTime: 4/1/2026 11:31:18 PM, AllocationSize: 1,429,504, EndOfFile: 1,427,968, FileAttributes: A"
"12:22:43.8035821 PM","main.exe","24160","CreateFile","D:\Work\FingerDraw\FingerDraw\windows-server\Application\glib-2.0-0.dll","SUCCESS","Desired Access: Read Data/List Directory, Execute/Traverse, Synchronize, Disposition: Open, Options: Synchronous IO Non-Alert, Non-Directory File, Attributes: n/a, ShareMode: Read, Delete, AllocationSize: n/a, OpenResult: Opened"
"12:22:43.8036341 PM","main.exe","24160","Load Image","C:\Windows\System32\rpcrt4.dll","SUCCESS","Image Base: 0x7fffa75d0000, Image Size: 0x118000"
"12:22:43.8036576 PM","main.exe","24160","CreateFileMapping","D:\Work\FingerDraw\FingerDraw\windows-server\Application\glib-2.0-0.dll","FILE LOCKED WITH ONLY READERS","SyncType: SyncTypeCreateSection, PageProtection: PAGE_EXECUTE|PAGE_NOCACHE"
"12:22:43.8037954 PM","main.exe","24160","CreateFile","D:\Work\FingerDraw\FingerDraw\windows-server\Application\gstreamer-1.0-0.dll","SUCCESS","Desired Access: Read Data/List Directory, Execute/Traverse, Synchronize, Disposition: Open, Options: Synchronous IO Non-Alert, Non-Directory File, Attributes: n/a, ShareMode: Read, Delete, AllocationSize: n/a, OpenResult: Opened"
"12:22:43.8038922 PM","main.exe","24160","CreateFileMapping","D:\Work\FingerDraw\FingerDraw\windows-server\Application\glib-2.0-0.dll","SUCCESS","SyncType: SyncTypeOther"
"12:22:43.8039083 PM","main.exe","24160","CreateFileMapping","D:\Work\FingerDraw\FingerDraw\windows-server\Application\gstreamer-1.0-0.dll","FILE LOCKED WITH ONLY READERS","SyncType: SyncTypeCreateSection, PageProtection: PAGE_EXECUTE|PAGE_NOCACHE"
"12:22:43.8039732 PM","main.exe","24160","Load Image","D:\Work\FingerDraw\FingerDraw\windows-server\Application\glib-2.0-0.dll","SUCCESS","Image Base: 0x7fff41660000, Image Size: 0x165000"
"12:22:43.8040437 PM","main.exe","24160","QueryOpen","D:\Work\FingerDraw\FingerDraw\windows-server\Application\MSVCP140.dll","NAME NOT FOUND",""
"12:22:43.8041263 PM","main.exe","24160","QueryOpen","D:\Work\FingerDraw\FingerDraw\windows-server\Application\VCRUNTIME140.dll","NAME NOT FOUND",""
"12:22:43.8041508 PM","main.exe","24160","Load Image","C:\Windows\System32\user32.dll","SUCCESS","Image Base: 0x7fffa63f0000, Image Size: 0x1c5000"
"12:22:43.8044305 PM","main.exe","24160","CreateFileMapping","D:\Work\FingerDraw\FingerDraw\windows-server\Application\gstreamer-1.0-0.dll","SUCCESS","SyncType: SyncTypeOther"
"12:22:43.8044458 PM","main.exe","24160","Load Image","C:\Windows\System32\win32u.dll","SUCCESS","Image Base: 0x7fffa57a0000, Image Size: 0x27000"
"12:22:43.8045289 PM","main.exe","24160","Load Image","D:\Work\FingerDraw\FingerDraw\windows-server\Application\gstreamer-1.0-0.dll","SUCCESS","Image Base: 0x7fff3bec0000, Image Size: 0x161000"
"12:22:43.8046522 PM","main.exe","24160","CloseFile","D:\Work\FingerDraw\FingerDraw\windows-server\Application\gstreamer-1.0-0.dll","SUCCESS",""
"12:22:43.8046988 PM","main.exe","24160","Load Image","C:\Windows\System32\gdi32.dll","SUCCESS","Image Base: 0x7fffa70f0000, Image Size: 0x2b000"
"12:22:43.8048394 PM","main.exe","24160","QueryOpen","D:\Work\FingerDraw\FingerDraw\windows-server\Application\VCRUNTIME140_1.dll","NAME NOT FOUND",""
"12:22:43.8050207 PM","main.exe","24160","Load Image","C:\Windows\System32\gdi32full.dll","SUCCESS","Image Base: 0x7fffa5070000, Image Size: 0x12b000"
"12:22:43.8051289 PM","main.exe","24160","CreateFile","C:\Windows\System32\msvcp140.dll","SUCCESS","Desired Access: Read Attributes, Disposition: Open, Options: Open Reparse Point, Attributes: n/a, ShareMode: Read, Write, Delete, AllocationSize: n/a, OpenResult: Opened"
"12:22:43.8051698 PM","main.exe","24160","QueryBasicInformationFile","C:\Windows\System32\msvcp140.dll","SUCCESS","CreationTime: 11/21/2025 10:56:30 PM, LastAccessTime: 4/4/2026 12:21:49 PM, LastWriteTime: 11/21/2025 10:56:30 PM, ChangeTime: 4/2/2026 12:38:57 AM, FileAttributes: A"
"12:22:43.8051838 PM","main.exe","24160","CloseFile","C:\Windows\System32\msvcp140.dll","SUCCESS",""
"12:22:43.8052936 PM","main.exe","24160","Load Image","C:\Windows\System32\msvcp_win.dll","SUCCESS","Image Base: 0x7fffa56f0000, Image Size: 0xa3000"
"12:22:43.8054962 PM","main.exe","24160","CreateFile","C:\Windows\System32\vcruntime140.dll","SUCCESS","Desired Access: Read Attributes, Disposition: Open, Options: Open Reparse Point, Attributes: n/a, ShareMode: Read, Write, Delete, AllocationSize: n/a, OpenResult: Opened"
"12:22:43.8055329 PM","main.exe","24160","QueryBasicInformationFile","C:\Windows\System32\vcruntime140.dll","SUCCESS","CreationTime: 11/21/2025 10:56:32 PM, LastAccessTime: 4/4/2026 12:21:49 PM, LastWriteTime: 11/21/2025 10:56:32 PM, ChangeTime: 4/2/2026 12:38:58 AM, FileAttributes: A"
"12:22:43.8055433 PM","main.exe","24160","CloseFile","C:\Windows\System32\vcruntime140.dll","SUCCESS",""
"12:22:43.8056053 PM","main.exe","24160","Load Image","C:\Windows\System32\shell32.dll","SUCCESS","Image Base: 0x7fffa79a0000, Image Size: 0x75f000"
"12:22:43.8058094 PM","main.exe","24160","CreateFile","C:\Windows\System32\msvcp140.dll","SUCCESS","Desired Access: Read Data/List Directory, Execute/Traverse, Synchronize, Disposition: Open, Options: Synchronous IO Non-Alert, Non-Directory File, Attributes: n/a, ShareMode: Read, Delete, AllocationSize: n/a, OpenResult: Opened"
"12:22:43.8058644 PM","main.exe","24160","CreateFileMapping","C:\Windows\System32\msvcp140.dll","FILE LOCKED WITH ONLY READERS","SyncType: SyncTypeCreateSection, PageProtection: PAGE_EXECUTE|PAGE_NOCACHE"
"12:22:43.8058999 PM","main.exe","24160","CreateFileMapping","C:\Windows\System32\msvcp140.dll","SUCCESS","SyncType: SyncTypeOther"
"12:22:43.8059842 PM","main.exe","24160","Load Image","C:\Windows\System32\msvcp140.dll","SUCCESS","Image Base: 0x7fff9c720000, Image Size: 0x88000"
"12:22:43.8060346 PM","main.exe","24160","Load Image","C:\Windows\System32\WinTypes.dll","SUCCESS","Image Base: 0x7fffa4f00000, Image Size: 0x16a000"
"12:22:43.8061208 PM","main.exe","24160","CloseFile","C:\Windows\System32\msvcp140.dll","SUCCESS",""
"12:22:43.8062186 PM","main.exe","24160","CreateFile","C:\Windows\System32\vcruntime140.dll","SUCCESS","Desired Access: Read Data/List Directory, Execute/Traverse, Synchronize, Disposition: Open, Options: Synchronous IO Non-Alert, Non-Directory File, Attributes: n/a, ShareMode: Read, Delete, AllocationSize: n/a, OpenResult: Opened"
"12:22:43.8062668 PM","main.exe","24160","QueryOpen","D:\Work\FingerDraw\FingerDraw\windows-server\Application\intl-8.dll","SUCCESS","CreationTime: 4/3/2026 9:27:14 PM, LastAccessTime: 4/4/2026 12:18:58 PM, LastWriteTime: 2/26/2026 8:50:20 PM, ChangeTime: 4/1/2026 11:31:27 PM, AllocationSize: 16,384, EndOfFile: 13,824, FileAttributes: A"
"12:22:43.8062787 PM","main.exe","24160","CreateFile","C:\Windows\System32\vcruntime140_1.dll","SUCCESS","Desired Access: Read Attributes, Disposition: Open, Options: Open Reparse Point, Attributes: n/a, ShareMode: Read, Write, Delete, AllocationSize: n/a, OpenResult: Opened"
"12:22:43.8063159 PM","main.exe","24160","CreateFileMapping","C:\Windows\System32\vcruntime140.dll","FILE LOCKED WITH ONLY READERS","SyncType: SyncTypeCreateSection, PageProtection: PAGE_EXECUTE|PAGE_NOCACHE"
"12:22:43.8063341 PM","main.exe","24160","QueryBasicInformationFile","C:\Windows\System32\vcruntime140_1.dll","SUCCESS","CreationTime: 11/21/2025 10:56:32 PM, LastAccessTime: 4/4/2026 12:21:49 PM, LastWriteTime: 11/21/2025 10:56:32 PM, ChangeTime: 4/2/2026 12:38:58 AM, FileAttributes: A"
"12:22:43.8063430 PM","main.exe","24160","CreateFileMapping","C:\Windows\System32\vcruntime140.dll","SUCCESS","SyncType: SyncTypeOther"
"12:22:43.8063469 PM","main.exe","24160","CloseFile","C:\Windows\System32\vcruntime140_1.dll","SUCCESS",""
"12:22:43.8063954 PM","main.exe","24160","Load Image","C:\Windows\System32\combase.dll","SUCCESS","Image Base: 0x7fffa6d60000, Image Size: 0x382000"
"12:22:43.8064243 PM","main.exe","24160","Load Image","C:\Windows\System32\vcruntime140.dll","SUCCESS","Image Base: 0x7fff9c700000, Image Size: 0x1e000"
"12:22:43.8065471 PM","main.exe","24160","CloseFile","C:\Windows\System32\vcruntime140.dll","SUCCESS",""
"12:22:43.8065627 PM","main.exe","24160","CreateFile","C:\Windows\System32\vcruntime140_1.dll","SUCCESS","Desired Access: Read Data/List Directory, Execute/Traverse, Synchronize, Disposition: Open, Options: Synchronous IO Non-Alert, Non-Directory File, Attributes: n/a, ShareMode: Read, Delete, AllocationSize: n/a, OpenResult: Opened"
"12:22:43.8066047 PM","main.exe","24160","CreateFileMapping","C:\Windows\System32\vcruntime140_1.dll","FILE LOCKED WITH ONLY READERS","SyncType: SyncTypeCreateSection, PageProtection: PAGE_EXECUTE|PAGE_NOCACHE"
"12:22:43.8066571 PM","main.exe","24160","CreateFile","D:\Work\FingerDraw\FingerDraw\windows-server\Application\intl-8.dll","SUCCESS","Desired Access: Read Data/List Directory, Execute/Traverse, Synchronize, Disposition: Open, Options: Synchronous IO Non-Alert, Non-Directory File, Attributes: n/a, ShareMode: Read, Delete, AllocationSize: n/a, OpenResult: Opened"
"12:22:43.8066800 PM","main.exe","24160","CreateFileMapping","C:\Windows\System32\vcruntime140_1.dll","SUCCESS","SyncType: SyncTypeOther"
"12:22:43.8066887 PM","main.exe","24160","Load Image","C:\Windows\System32\ole32.dll","SUCCESS","Image Base: 0x7fffa7230000, Image Size: 0x195000"
"12:22:43.8067248 PM","main.exe","24160","CreateFileMapping","D:\Work\FingerDraw\FingerDraw\windows-server\Application\intl-8.dll","FILE LOCKED WITH ONLY READERS","SyncType: SyncTypeCreateSection, PageProtection: PAGE_EXECUTE|PAGE_NOCACHE"
"12:22:43.8067750 PM","main.exe","24160","Load Image","C:\Windows\System32\vcruntime140_1.dll","SUCCESS","Image Base: 0x7fff9c6f0000, Image Size: 0xb000"
"12:22:43.8067852 PM","main.exe","24160","CreateFileMapping","D:\Work\FingerDraw\FingerDraw\windows-server\Application\intl-8.dll","SUCCESS","SyncType: SyncTypeOther"
"12:22:43.8068592 PM","main.exe","24160","CloseFile","C:\Windows\System32\vcruntime140_1.dll","SUCCESS",""
"12:22:43.8068615 PM","main.exe","24160","Load Image","D:\Work\FingerDraw\FingerDraw\windows-server\Application\intl-8.dll","SUCCESS","Image Base: 0x7fff9e080000, Image Size: 0x8000"
"12:22:43.8069528 PM","main.exe","24160","CloseFile","D:\Work\FingerDraw\FingerDraw\windows-server\Application\intl-8.dll","SUCCESS",""
"12:22:43.8070817 PM","main.exe","24160","Load Image","C:\Windows\System32\advapi32.dll","SUCCESS","Image Base: 0x7fffa8180000, Image Size: 0xbb000"
"12:22:43.8073116 PM","main.exe","24160","Load Image","C:\Windows\System32\msvcrt.dll","SUCCESS","Image Base: 0x7fffa7120000, Image Size: 0xa9000"
"12:22:43.8075418 PM","main.exe","24160","Load Image","C:\Windows\System32\sechost.dll","SUCCESS","Image Base: 0x7fffa7520000, Image Size: 0xa7000"
"12:22:43.8077199 PM","main.exe","24160","QueryOpen","D:\Work\FingerDraw\FingerDraw\windows-server\Application\pcre2-8-0.dll","SUCCESS","CreationTime: 4/4/2026 12:15:45 AM, LastAccessTime: 4/4/2026 12:18:58 PM, LastWriteTime: 2/26/2026 8:50:26 PM, ChangeTime: 4/1/2026 11:31:28 PM, AllocationSize: 352,256, EndOfFile: 349,184, FileAttributes: A"
"12:22:43.8078364 PM","main.exe","24160","CloseFile","D:\Work\FingerDraw\FingerDraw\windows-server\Application\glib-2.0-0.dll","SUCCESS",""
"12:22:43.8079449 PM","main.exe","24160","QueryOpen","D:\Work\FingerDraw\FingerDraw\windows-server\Application\intl-8.dll","SUCCESS","CreationTime: 4/3/2026 9:27:14 PM, LastAccessTime: 4/4/2026 12:22:43 PM, LastWriteTime: 2/26/2026 8:50:20 PM, ChangeTime: 4/1/2026 11:31:27 PM, AllocationSize: 16,384, EndOfFile: 13,824, FileAttributes: A"
"12:22:43.8080093 PM","main.exe","24160","QueryOpen","D:\Work\FingerDraw\FingerDraw\windows-server\Application\gobject-2.0-0.dll","SUCCESS","CreationTime: 4/3/2026 9:27:14 PM, LastAccessTime: 4/4/2026 12:18:58 PM, LastWriteTime: 2/26/2026 8:51:30 PM, ChangeTime: 4/1/2026 11:31:27 PM, AllocationSize: 364,544, EndOfFile: 361,472, FileAttributes: A"
"12:22:43.8082424 PM","main.exe","24160","QueryOpen","D:\Work\FingerDraw\FingerDraw\windows-server\Application\gmodule-2.0-0.dll","SUCCESS","CreationTime: 4/3/2026 9:27:14 PM, LastAccessTime: 4/4/2026 12:18:58 PM, LastWriteTime: 2/26/2026 8:51:30 PM, ChangeTime: 4/1/2026 11:31:27 PM, AllocationSize: 28,672, EndOfFile: 26,112, FileAttributes: A"
"12:22:43.8082658 PM","main.exe","24160","QueryOpen","D:\Work\FingerDraw\FingerDraw\windows-server\Application\VCRUNTIME140.dll","NAME NOT FOUND",""
"12:22:43.8083554 PM","main.exe","24160","CreateFile","D:\Work\FingerDraw\FingerDraw\windows-server\Application\pcre2-8-0.dll","SUCCESS","Desired Access: Read Data/List Directory, Execute/Traverse, Synchronize, Disposition: Open, Options: Synchronous IO Non-Alert, Non-Directory File, Attributes: n/a, ShareMode: Read, Delete, AllocationSize: n/a, OpenResult: Opened"
"12:22:43.8084309 PM","main.exe","24160","CreateFileMapping","D:\Work\FingerDraw\FingerDraw\windows-server\Application\pcre2-8-0.dll","FILE LOCKED WITH ONLY READERS","SyncType: SyncTypeCreateSection, PageProtection: PAGE_EXECUTE|PAGE_NOCACHE"
"12:22:43.8084981 PM","main.exe","24160","CreateFileMapping","D:\Work\FingerDraw\FingerDraw\windows-server\Application\pcre2-8-0.dll","SUCCESS","SyncType: SyncTypeOther"
"12:22:43.8085031 PM","main.exe","24160","CreateFile","D:\Work\FingerDraw\FingerDraw\windows-server\Application\gobject-2.0-0.dll","SUCCESS","Desired Access: Read Data/List Directory, Execute/Traverse, Synchronize, Disposition: Open, Options: Synchronous IO Non-Alert, Non-Directory File, Attributes: n/a, ShareMode: Read, Delete, AllocationSize: n/a, OpenResult: Opened"
"12:22:43.8087035 PM","main.exe","24160","CreateFileMapping","D:\Work\FingerDraw\FingerDraw\windows-server\Application\gobject-2.0-0.dll","FILE LOCKED WITH ONLY READERS","SyncType: SyncTypeCreateSection, PageProtection: PAGE_EXECUTE|PAGE_NOCACHE"
"12:22:43.8087211 PM","main.exe","24160","CreateFile","D:\Work\FingerDraw\FingerDraw\windows-server\Application\gmodule-2.0-0.dll","SUCCESS","Desired Access: Read Data/List Directory, Execute/Traverse, Synchronize, Disposition: Open, Options: Synchronous IO Non-Alert, Non-Directory File, Attributes: n/a, ShareMode: Read, Delete, AllocationSize: n/a, OpenResult: Opened"
"12:22:43.8087905 PM","main.exe","24160","CreateFileMapping","D:\Work\FingerDraw\FingerDraw\windows-server\Application\gmodule-2.0-0.dll","FILE LOCKED WITH ONLY READERS","SyncType: SyncTypeCreateSection, PageProtection: PAGE_EXECUTE|PAGE_NOCACHE"
"12:22:43.8088461 PM","main.exe","24160","CreateFileMapping","D:\Work\FingerDraw\FingerDraw\windows-server\Application\gmodule-2.0-0.dll","SUCCESS","SyncType: SyncTypeOther"
"12:22:43.8088577 PM","main.exe","24160","Load Image","D:\Work\FingerDraw\FingerDraw\windows-server\Application\pcre2-8-0.dll","SUCCESS","Image Base: 0x7fff89600000, Image Size: 0x59000"
"12:22:43.8088612 PM","main.exe","24160","CreateFileMapping","D:\Work\FingerDraw\FingerDraw\windows-server\Application\gobject-2.0-0.dll","SUCCESS","SyncType: SyncTypeOther"
"12:22:43.8089275 PM","main.exe","24160","Load Image","D:\Work\FingerDraw\FingerDraw\windows-server\Application\gmodule-2.0-0.dll","SUCCESS","Image Base: 0x7fff9dba0000, Image Size: 0xb000"
"12:22:43.8089553 PM","main.exe","24160","Load Image","D:\Work\FingerDraw\FingerDraw\windows-server\Application\gobject-2.0-0.dll","SUCCESS","Image Base: 0x7fff89500000, Image Size: 0x5e000"
"12:22:43.8089755 PM","main.exe","24160","CloseFile","D:\Work\FingerDraw\FingerDraw\windows-server\Application\pcre2-8-0.dll","SUCCESS",""
"12:22:43.8090024 PM","main.exe","24160","CloseFile","D:\Work\FingerDraw\FingerDraw\windows-server\Application\gmodule-2.0-0.dll","SUCCESS",""
"12:22:43.8090333 PM","main.exe","24160","CloseFile","D:\Work\FingerDraw\FingerDraw\windows-server\Application\gobject-2.0-0.dll","SUCCESS",""
"12:22:43.8092532 PM","main.exe","24160","QueryOpen","D:\Work\FingerDraw\FingerDraw\windows-server\Application\VCRUNTIME140.dll","NAME NOT FOUND",""
"12:22:43.8094368 PM","main.exe","24160","QueryOpen","D:\Work\FingerDraw\FingerDraw\windows-server\Application\VCRUNTIME140_1.dll","NAME NOT FOUND",""
"12:22:43.8106193 PM","main.exe","24160","CreateFile","C:\Windows\System32\vcruntime140.dll","SUCCESS","Desired Access: Read Attributes, Disposition: Open, Options: Open Reparse Point, Attributes: n/a, ShareMode: Read, Write, Delete, AllocationSize: n/a, OpenResult: Opened"
"12:22:43.8106553 PM","main.exe","24160","QueryBasicInformationFile","C:\Windows\System32\vcruntime140.dll","SUCCESS","CreationTime: 11/21/2025 10:56:32 PM, LastAccessTime: 4/4/2026 12:22:43 PM, LastWriteTime: 11/21/2025 10:56:32 PM, ChangeTime: 4/2/2026 12:38:58 AM, FileAttributes: A"
"12:22:43.8106626 PM","main.exe","24160","QueryOpen","D:\Work\FingerDraw\FingerDraw\windows-server\Application\ffi-7.dll","SUCCESS","CreationTime: 4/4/2026 12:17:38 AM, LastAccessTime: 4/4/2026 12:18:58 PM, LastWriteTime: 2/26/2026 8:50:24 PM, ChangeTime: 4/1/2026 11:31:27 PM, AllocationSize: 32,768, EndOfFile: 32,256, FileAttributes: A"
"12:22:43.8106705 PM","main.exe","24160","CloseFile","C:\Windows\System32\vcruntime140.dll","SUCCESS",""
"12:22:43.8106772 PM","main.exe","24160","CreateFile","C:\Windows\System32\vcruntime140.dll","SUCCESS","Desired Access: Read Attributes, Disposition: Open, Options: Open Reparse Point, Attributes: n/a, ShareMode: Read, Write, Delete, AllocationSize: n/a, OpenResult: Opened"
"12:22:43.8107082 PM","main.exe","24160","QueryBasicInformationFile","C:\Windows\System32\vcruntime140.dll","SUCCESS","CreationTime: 11/21/2025 10:56:32 PM, LastAccessTime: 4/4/2026 12:22:43 PM, LastWriteTime: 11/21/2025 10:56:32 PM, ChangeTime: 4/2/2026 12:38:58 AM, FileAttributes: A"
"12:22:43.8107195 PM","main.exe","24160","CloseFile","C:\Windows\System32\vcruntime140.dll","SUCCESS",""
"12:22:43.8107425 PM","main.exe","24160","CreateFile","D:\Work\FingerDraw\FingerDraw\windows-server\Application\ffi-7.dll","SUCCESS","Desired Access: Read Data/List Directory, Execute/Traverse, Synchronize, Disposition: Open, Options: Synchronous IO Non-Alert, Non-Directory File, Attributes: n/a, ShareMode: Read, Delete, AllocationSize: n/a, OpenResult: Opened"
"12:22:43.8107903 PM","main.exe","24160","CreateFileMapping","D:\Work\FingerDraw\FingerDraw\windows-server\Application\ffi-7.dll","FILE LOCKED WITH ONLY READERS","SyncType: SyncTypeCreateSection, PageProtection: PAGE_EXECUTE|PAGE_NOCACHE"
"12:22:43.8108313 PM","main.exe","24160","CreateFileMapping","D:\Work\FingerDraw\FingerDraw\windows-server\Application\ffi-7.dll","SUCCESS","SyncType: SyncTypeOther"
"12:22:43.8109003 PM","main.exe","24160","Load Image","D:\Work\FingerDraw\FingerDraw\windows-server\Application\ffi-7.dll","SUCCESS","Image Base: 0x7fff99760000, Image Size: 0xc000"
"12:22:43.8109793 PM","main.exe","24160","CloseFile","D:\Work\FingerDraw\FingerDraw\windows-server\Application\ffi-7.dll","SUCCESS",""
"12:22:43.8110646 PM","main.exe","24160","CreateFile","C:\Windows\System32\vcruntime140_1.dll","SUCCESS","Desired Access: Read Attributes, Disposition: Open, Options: Open Reparse Point, Attributes: n/a, ShareMode: Read, Write, Delete, AllocationSize: n/a, OpenResult: Opened"
"12:22:43.8110933 PM","main.exe","24160","QueryBasicInformationFile","C:\Windows\System32\vcruntime140_1.dll","SUCCESS","CreationTime: 11/21/2025 10:56:32 PM, LastAccessTime: 4/4/2026 12:22:43 PM, LastWriteTime: 11/21/2025 10:56:32 PM, ChangeTime: 4/2/2026 12:38:58 AM, FileAttributes: A"
"12:22:43.8111036 PM","main.exe","24160","CloseFile","C:\Windows\System32\vcruntime140_1.dll","SUCCESS",""
"12:22:43.8114145 PM","main.exe","24160","CreateFile","C:\Windows\System32\ucrtbase.dll","SUCCESS","Desired Access: Read Control, Disposition: Open, Options: , Attributes: n/a, ShareMode: Read, Delete, AllocationSize: n/a, OpenResult: Opened"
"12:22:43.8114678 PM","main.exe","24160","QuerySecurityFile","C:\Windows\System32\ucrtbase.dll","BUFFER OVERFLOW","Information: Owner"
"12:22:43.8114797 PM","main.exe","24160","QuerySecurityFile","C:\Windows\System32\ucrtbase.dll","SUCCESS","Information: Owner"
"12:22:43.8114930 PM","main.exe","24160","CloseFile","C:\Windows\System32\ucrtbase.dll","SUCCESS",""
"12:22:43.8116320 PM","main.exe","24160","CreateFile","C:\Windows\System32\vcruntime140.dll","SUCCESS","Desired Access: Read Control, Disposition: Open, Options: , Attributes: n/a, ShareMode: Read, Delete, AllocationSize: n/a, OpenResult: Opened"
"12:22:43.8116652 PM","main.exe","24160","QuerySecurityFile","C:\Windows\System32\vcruntime140.dll","BUFFER OVERFLOW","Information: Owner"
"12:22:43.8116926 PM","main.exe","24160","QuerySecurityFile","C:\Windows\System32\vcruntime140.dll","SUCCESS","Information: Owner"
"12:22:43.8117185 PM","main.exe","24160","CloseFile","C:\Windows\System32\vcruntime140.dll","SUCCESS",""
"12:22:43.8120668 PM","main.exe","24160","CreateFile","D:\Work\FingerDraw\FingerDraw\windows-server\Application\intl-8.dll","SUCCESS","Desired Access: Read Control, Disposition: Open, Options: , Attributes: n/a, ShareMode: Read, Delete, AllocationSize: n/a, OpenResult: Opened"
"12:22:43.8121152 PM","main.exe","24160","QuerySecurityFile","D:\Work\FingerDraw\FingerDraw\windows-server\Application\intl-8.dll","BUFFER OVERFLOW","Information: Owner"
"12:22:43.8121293 PM","main.exe","24160","QuerySecurityFile","D:\Work\FingerDraw\FingerDraw\windows-server\Application\intl-8.dll","SUCCESS","Information: Owner"
"12:22:43.8121427 PM","main.exe","24160","CloseFile","D:\Work\FingerDraw\FingerDraw\windows-server\Application\intl-8.dll","SUCCESS",""
"12:22:43.8124761 PM","main.exe","24160","CreateFile","D:\Work\FingerDraw\FingerDraw\windows-server\Application\pcre2-8-0.dll","SUCCESS","Desired Access: Read Control, Disposition: Open, Options: , Attributes: n/a, ShareMode: Read, Delete, AllocationSize: n/a, OpenResult: Opened"
"12:22:43.8125110 PM","main.exe","24160","QuerySecurityFile","D:\Work\FingerDraw\FingerDraw\windows-server\Application\pcre2-8-0.dll","BUFFER OVERFLOW","Information: Owner"
"12:22:43.8125325 PM","main.exe","24160","QuerySecurityFile","D:\Work\FingerDraw\FingerDraw\windows-server\Application\pcre2-8-0.dll","SUCCESS","Information: Owner"
"12:22:43.8125434 PM","main.exe","24160","CloseFile","D:\Work\FingerDraw\FingerDraw\windows-server\Application\pcre2-8-0.dll","SUCCESS",""
"12:22:43.8126627 PM","main.exe","24160","CreateFile","C:\Windows\System32\rpcrt4.dll","SUCCESS","Desired Access: Read Control, Disposition: Open, Options: , Attributes: n/a, ShareMode: Read, Delete, AllocationSize: n/a, OpenResult: Opened"
"12:22:43.8126903 PM","main.exe","24160","QuerySecurityFile","C:\Windows\System32\rpcrt4.dll","BUFFER OVERFLOW","Information: Owner"
"12:22:43.8126990 PM","main.exe","24160","QuerySecurityFile","C:\Windows\System32\rpcrt4.dll","SUCCESS","Information: Owner"
"12:22:43.8127067 PM","main.exe","24160","CloseFile","C:\Windows\System32\rpcrt4.dll","SUCCESS",""
"12:22:43.8128627 PM","main.exe","24160","CreateFile","C:\Windows\System32\ws2_32.dll","SUCCESS","Desired Access: Read Control, Disposition: Open, Options: , Attributes: n/a, ShareMode: Read, Delete, AllocationSize: n/a, OpenResult: Opened"
"12:22:43.8128931 PM","main.exe","24160","QuerySecurityFile","C:\Windows\System32\ws2_32.dll","BUFFER OVERFLOW","Information: Owner"
"12:22:43.8129054 PM","main.exe","24160","QuerySecurityFile","C:\Windows\System32\ws2_32.dll","SUCCESS","Information: Owner"
"12:22:43.8129198 PM","main.exe","24160","CloseFile","C:\Windows\System32\ws2_32.dll","SUCCESS",""
"12:22:43.8130821 PM","main.exe","24160","CreateFile","C:\Windows\System32\win32u.dll","SUCCESS","Desired Access: Read Control, Disposition: Open, Options: , Attributes: n/a, ShareMode: Read, Delete, AllocationSize: n/a, OpenResult: Opened"
"12:22:43.8131120 PM","main.exe","24160","QuerySecurityFile","C:\Windows\System32\win32u.dll","BUFFER OVERFLOW","Information: Owner"
"12:22:43.8131208 PM","main.exe","24160","QuerySecurityFile","C:\Windows\System32\win32u.dll","SUCCESS","Information: Owner"
"12:22:43.8131294 PM","main.exe","24160","CloseFile","C:\Windows\System32\win32u.dll","SUCCESS",""
"12:22:43.8134463 PM","main.exe","24160","CreateFile","C:\Windows\System32\msvcp_win.dll","SUCCESS","Desired Access: Read Control, Disposition: Open, Options: , Attributes: n/a, ShareMode: Read, Delete, AllocationSize: n/a, OpenResult: Opened"
"12:22:43.8134695 PM","main.exe","24160","QuerySecurityFile","C:\Windows\System32\msvcp_win.dll","BUFFER OVERFLOW","Information: Owner"
"12:22:43.8134781 PM","main.exe","24160","QuerySecurityFile","C:\Windows\System32\msvcp_win.dll","SUCCESS","Information: Owner"
"12:22:43.8134871 PM","main.exe","24160","CloseFile","C:\Windows\System32\msvcp_win.dll","SUCCESS",""
"12:22:43.8136249 PM","main.exe","24160","CreateFile","C:\Windows\System32\gdi32full.dll","SUCCESS","Desired Access: Read Control, Disposition: Open, Options: , Attributes: n/a, ShareMode: Read, Delete, AllocationSize: n/a, OpenResult: Opened"
"12:22:43.8136448 PM","main.exe","24160","QuerySecurityFile","C:\Windows\System32\gdi32full.dll","BUFFER OVERFLOW","Information: Owner"
"12:22:43.8136531 PM","main.exe","24160","QuerySecurityFile","C:\Windows\System32\gdi32full.dll","SUCCESS","Information: Owner"
"12:22:43.8136607 PM","main.exe","24160","CloseFile","C:\Windows\System32\gdi32full.dll","SUCCESS",""
"12:22:43.8137843 PM","main.exe","24160","CreateFile","C:\Windows\System32\gdi32.dll","SUCCESS","Desired Access: Read Control, Disposition: Open, Options: , Attributes: n/a, ShareMode: Read, Delete, AllocationSize: n/a, OpenResult: Opened"
"12:22:43.8138414 PM","main.exe","24160","QuerySecurityFile","C:\Windows\System32\gdi32.dll","BUFFER OVERFLOW","Information: Owner"
"12:22:43.8138502 PM","main.exe","24160","QuerySecurityFile","C:\Windows\System32\gdi32.dll","SUCCESS","Information: Owner"
"12:22:43.8138579 PM","main.exe","24160","CloseFile","C:\Windows\System32\gdi32.dll","SUCCESS",""
"12:22:43.8142557 PM","main.exe","24160","CreateFile","C:\Windows\System32\user32.dll","SUCCESS","Desired Access: Read Control, Disposition: Open, Options: , Attributes: n/a, ShareMode: Read, Delete, AllocationSize: n/a, OpenResult: Opened"
"12:22:43.8143051 PM","main.exe","24160","QuerySecurityFile","C:\Windows\System32\user32.dll","BUFFER OVERFLOW","Information: Owner"
"12:22:43.8143195 PM","main.exe","24160","QuerySecurityFile","C:\Windows\System32\user32.dll","SUCCESS","Information: Owner"
"12:22:43.8143314 PM","main.exe","24160","CloseFile","C:\Windows\System32\user32.dll","SUCCESS",""
"12:22:43.8148287 PM","main.exe","24160","CreateFile","C:\Windows\System32\combase.dll","SUCCESS","Desired Access: Read Control, Disposition: Open, Options: , Attributes: n/a, ShareMode: Read, Delete, AllocationSize: n/a, OpenResult: Opened"
"12:22:43.8149007 PM","main.exe","24160","QuerySecurityFile","C:\Windows\System32\combase.dll","BUFFER OVERFLOW","Information: Owner"
"12:22:43.8149912 PM","main.exe","24160","QuerySecurityFile","C:\Windows\System32\combase.dll","SUCCESS","Information: Owner"
"12:22:43.8150074 PM","main.exe","24160","CloseFile","C:\Windows\System32\combase.dll","SUCCESS",""
"12:22:43.8153971 PM","main.exe","24160","CreateFile","C:\Windows\System32\WinTypes.dll","SUCCESS","Desired Access: Read Control, Disposition: Open, Options: , Attributes: n/a, ShareMode: Read, Delete, AllocationSize: n/a, OpenResult: Opened"
"12:22:43.8154430 PM","main.exe","24160","QuerySecurityFile","C:\Windows\System32\WinTypes.dll","BUFFER OVERFLOW","Information: Owner"
"12:22:43.8154539 PM","main.exe","24160","QuerySecurityFile","C:\Windows\System32\WinTypes.dll","SUCCESS","Information: Owner"
"12:22:43.8154624 PM","main.exe","24160","CloseFile","C:\Windows\System32\WinTypes.dll","SUCCESS",""
"12:22:43.8156919 PM","main.exe","24160","CreateFile","C:\Windows\System32\shell32.dll","SUCCESS","Desired Access: Read Control, Disposition: Open, Options: , Attributes: n/a, ShareMode: Read, Delete, AllocationSize: n/a, OpenResult: Opened"
"12:22:43.8157361 PM","main.exe","24160","QuerySecurityFile","C:\Windows\System32\shell32.dll","BUFFER OVERFLOW","Information: Owner"
"12:22:43.8157501 PM","main.exe","24160","QuerySecurityFile","C:\Windows\System32\shell32.dll","SUCCESS","Information: Owner"
"12:22:43.8157750 PM","main.exe","24160","CloseFile","C:\Windows\System32\shell32.dll","SUCCESS",""
"12:22:43.8160205 PM","main.exe","24160","CreateFile","C:\Windows\System32\ole32.dll","SUCCESS","Desired Access: Read Control, Disposition: Open, Options: , Attributes: n/a, ShareMode: Read, Delete, AllocationSize: n/a, OpenResult: Opened"
"12:22:43.8160563 PM","main.exe","24160","QuerySecurityFile","C:\Windows\System32\ole32.dll","BUFFER OVERFLOW","Information: Owner"
"12:22:43.8160664 PM","main.exe","24160","QuerySecurityFile","C:\Windows\System32\ole32.dll","SUCCESS","Information: Owner"
"12:22:43.8160754 PM","main.exe","24160","CloseFile","C:\Windows\System32\ole32.dll","SUCCESS",""
"12:22:43.8161816 PM","main.exe","24160","CreateFile","C:\Windows\System32\msvcrt.dll","SUCCESS","Desired Access: Read Control, Disposition: Open, Options: , Attributes: n/a, ShareMode: Read, Delete, AllocationSize: n/a, OpenResult: Opened"
"12:22:43.8162075 PM","main.exe","24160","QuerySecurityFile","C:\Windows\System32\msvcrt.dll","BUFFER OVERFLOW","Information: Owner"
"12:22:43.8162157 PM","main.exe","24160","QuerySecurityFile","C:\Windows\System32\msvcrt.dll","SUCCESS","Information: Owner"
"12:22:43.8162232 PM","main.exe","24160","CloseFile","C:\Windows\System32\msvcrt.dll","SUCCESS",""
"12:22:43.8163046 PM","main.exe","24160","CreateFile","C:\Windows\System32\sechost.dll","SUCCESS","Desired Access: Read Control, Disposition: Open, Options: , Attributes: n/a, ShareMode: Read, Delete, AllocationSize: n/a, OpenResult: Opened"
"12:22:43.8163361 PM","main.exe","24160","QuerySecurityFile","C:\Windows\System32\sechost.dll","BUFFER OVERFLOW","Information: Owner"
"12:22:43.8163544 PM","main.exe","24160","QuerySecurityFile","C:\Windows\System32\sechost.dll","SUCCESS","Information: Owner"
"12:22:43.8163685 PM","main.exe","24160","CloseFile","C:\Windows\System32\sechost.dll","SUCCESS",""
"12:22:43.8164967 PM","main.exe","24160","CreateFile","C:\Windows\System32\advapi32.dll","SUCCESS","Desired Access: Read Control, Disposition: Open, Options: , Attributes: n/a, ShareMode: Read, Delete, AllocationSize: n/a, OpenResult: Opened"
"12:22:43.8165488 PM","main.exe","24160","QuerySecurityFile","C:\Windows\System32\advapi32.dll","BUFFER OVERFLOW","Information: Owner"
"12:22:43.8165648 PM","main.exe","24160","QuerySecurityFile","C:\Windows\System32\advapi32.dll","SUCCESS","Information: Owner"
"12:22:43.8165969 PM","main.exe","24160","CloseFile","C:\Windows\System32\advapi32.dll","SUCCESS",""
"12:22:43.8167894 PM","main.exe","24160","CreateFile","D:\Work\FingerDraw\FingerDraw\windows-server\Application\glib-2.0-0.dll","SUCCESS","Desired Access: Read Control, Disposition: Open, Options: , Attributes: n/a, ShareMode: Read, Delete, AllocationSize: n/a, OpenResult: Opened"
"12:22:43.8168338 PM","main.exe","24160","QuerySecurityFile","D:\Work\FingerDraw\FingerDraw\windows-server\Application\glib-2.0-0.dll","BUFFER OVERFLOW","Information: Owner"
"12:22:43.8168466 PM","main.exe","24160","QuerySecurityFile","D:\Work\FingerDraw\FingerDraw\windows-server\Application\glib-2.0-0.dll","SUCCESS","Information: Owner"
"12:22:43.8168588 PM","main.exe","24160","CloseFile","D:\Work\FingerDraw\FingerDraw\windows-server\Application\glib-2.0-0.dll","SUCCESS",""
"12:22:43.8169895 PM","main.exe","24160","CreateFile","D:\Work\FingerDraw\FingerDraw\windows-server\Application\ffi-7.dll","SUCCESS","Desired Access: Read Control, Disposition: Open, Options: , Attributes: n/a, ShareMode: Read, Delete, AllocationSize: n/a, OpenResult: Opened"
"12:22:43.8170297 PM","main.exe","24160","QuerySecurityFile","D:\Work\FingerDraw\FingerDraw\windows-server\Application\ffi-7.dll","BUFFER OVERFLOW","Information: Owner"
"12:22:43.8170423 PM","main.exe","24160","QuerySecurityFile","D:\Work\FingerDraw\FingerDraw\windows-server\Application\ffi-7.dll","SUCCESS","Information: Owner"
"12:22:43.8170542 PM","main.exe","24160","CloseFile","D:\Work\FingerDraw\FingerDraw\windows-server\Application\ffi-7.dll","SUCCESS",""
"12:22:43.8171663 PM","main.exe","24160","CreateFile","D:\Work\FingerDraw\FingerDraw\windows-server\Application\gobject-2.0-0.dll","SUCCESS","Desired Access: Read Control, Disposition: Open, Options: , Attributes: n/a, ShareMode: Read, Delete, AllocationSize: n/a, OpenResult: Opened"
"12:22:43.8172112 PM","main.exe","24160","QuerySecurityFile","D:\Work\FingerDraw\FingerDraw\windows-server\Application\gobject-2.0-0.dll","BUFFER OVERFLOW","Information: Owner"
"12:22:43.8172223 PM","main.exe","24160","QuerySecurityFile","D:\Work\FingerDraw\FingerDraw\windows-server\Application\gobject-2.0-0.dll","SUCCESS","Information: Owner"
"12:22:43.8172331 PM","main.exe","24160","CloseFile","D:\Work\FingerDraw\FingerDraw\windows-server\Application\gobject-2.0-0.dll","SUCCESS",""
"12:22:43.8173752 PM","main.exe","24160","CreateFile","D:\Work\FingerDraw\FingerDraw\windows-server\Application\gmodule-2.0-0.dll","SUCCESS","Desired Access: Read Control, Disposition: Open, Options: , Attributes: n/a, ShareMode: Read, Delete, AllocationSize: n/a, OpenResult: Opened"
"12:22:43.8174226 PM","main.exe","24160","QuerySecurityFile","D:\Work\FingerDraw\FingerDraw\windows-server\Application\gmodule-2.0-0.dll","BUFFER OVERFLOW","Information: Owner"
"12:22:43.8174348 PM","main.exe","24160","QuerySecurityFile","D:\Work\FingerDraw\FingerDraw\windows-server\Application\gmodule-2.0-0.dll","SUCCESS","Information: Owner"
"12:22:43.8174460 PM","main.exe","24160","CloseFile","D:\Work\FingerDraw\FingerDraw\windows-server\Application\gmodule-2.0-0.dll","SUCCESS",""
"12:22:43.8175524 PM","main.exe","24160","CreateFile","D:\Work\FingerDraw\FingerDraw\windows-server\Application\gstreamer-1.0-0.dll","SUCCESS","Desired Access: Read Control, Disposition: Open, Options: , Attributes: n/a, ShareMode: Read, Delete, AllocationSize: n/a, OpenResult: Opened"
"12:22:43.8175774 PM","main.exe","24160","QuerySecurityFile","D:\Work\FingerDraw\FingerDraw\windows-server\Application\gstreamer-1.0-0.dll","BUFFER OVERFLOW","Information: Owner"
"12:22:43.8175852 PM","main.exe","24160","QuerySecurityFile","D:\Work\FingerDraw\FingerDraw\windows-server\Application\gstreamer-1.0-0.dll","SUCCESS","Information: Owner"
"12:22:43.8175926 PM","main.exe","24160","CloseFile","D:\Work\FingerDraw\FingerDraw\windows-server\Application\gstreamer-1.0-0.dll","SUCCESS",""
"12:22:43.8178984 PM","main.exe","24160","CreateFile","C:\Windows\System32\vcruntime140_1.dll","SUCCESS","Desired Access: Read Control, Disposition: Open, Options: , Attributes: n/a, ShareMode: Read, Delete, AllocationSize: n/a, OpenResult: Opened"
"12:22:43.8179209 PM","main.exe","24160","QuerySecurityFile","C:\Windows\System32\vcruntime140_1.dll","BUFFER OVERFLOW","Information: Owner"
"12:22:43.8179300 PM","main.exe","24160","QuerySecurityFile","C:\Windows\System32\vcruntime140_1.dll","SUCCESS","Information: Owner"
"12:22:43.8179376 PM","main.exe","24160","CloseFile","C:\Windows\System32\vcruntime140_1.dll","SUCCESS",""
"12:22:43.8180832 PM","main.exe","24160","CreateFile","C:\Windows\System32\msvcp140.dll","SUCCESS","Desired Access: Read Control, Disposition: Open, Options: , Attributes: n/a, ShareMode: Read, Delete, AllocationSize: n/a, OpenResult: Opened"
"12:22:43.8181125 PM","main.exe","24160","QuerySecurityFile","C:\Windows\System32\msvcp140.dll","BUFFER OVERFLOW","Information: Owner"
"12:22:43.8181212 PM","main.exe","24160","QuerySecurityFile","C:\Windows\System32\msvcp140.dll","SUCCESS","Information: Owner"
"12:22:43.8181291 PM","main.exe","24160","CloseFile","C:\Windows\System32\msvcp140.dll","SUCCESS",""
"12:22:43.8195192 PM","main.exe","24160","CreateFile","C:\Windows\System32\imm32.dll","SUCCESS","Desired Access: Read Attributes, Disposition: Open, Options: Open Reparse Point, Attributes: n/a, ShareMode: Read, Write, Delete, AllocationSize: n/a, OpenResult: Opened"
"12:22:43.8195605 PM","main.exe","24160","QueryBasicInformationFile","C:\Windows\System32\imm32.dll","SUCCESS","CreationTime: 12/13/2025 12:36:57 AM, LastAccessTime: 4/4/2026 12:21:46 PM, LastWriteTime: 12/13/2025 12:36:57 AM, ChangeTime: 3/11/2026 4:53:45 PM, FileAttributes: A"
"12:22:43.8195713 PM","main.exe","24160","CloseFile","C:\Windows\System32\imm32.dll","SUCCESS",""
"12:22:43.8196768 PM","main.exe","24160","CreateFile","C:\Windows\System32\imm32.dll","SUCCESS","Desired Access: Read Data/List Directory, Execute/Traverse, Synchronize, Disposition: Open, Options: Synchronous IO Non-Alert, Non-Directory File, Attributes: n/a, ShareMode: Read, Delete, AllocationSize: n/a, OpenResult: Opened"
"12:22:43.8197182 PM","main.exe","24160","CreateFileMapping","C:\Windows\System32\imm32.dll","FILE LOCKED WITH ONLY READERS","SyncType: SyncTypeCreateSection, PageProtection: PAGE_EXECUTE|PAGE_NOCACHE"
"12:22:43.8197429 PM","main.exe","24160","CreateFileMapping","C:\Windows\System32\imm32.dll","SUCCESS","SyncType: SyncTypeOther"
"12:22:43.8197820 PM","main.exe","24160","CloseFile","C:\Windows\System32\imm32.dll","SUCCESS",""
"12:22:43.8199102 PM","main.exe","24160","Load Image","C:\Windows\System32\imm32.dll","SUCCESS","Image Base: 0x7fffa7780000, Image Size: 0x31000"
"12:22:43.8204337 PM","main.exe","24160","CreateFile","C:\Windows\System32\imm32.dll","SUCCESS","Desired Access: Read Control, Disposition: Open, Options: , Attributes: n/a, ShareMode: Read, Delete, AllocationSize: n/a, OpenResult: Opened"
"12:22:43.8204687 PM","main.exe","24160","QuerySecurityFile","C:\Windows\System32\imm32.dll","BUFFER OVERFLOW","Information: Owner"
"12:22:43.8204796 PM","main.exe","24160","QuerySecurityFile","C:\Windows\System32\imm32.dll","SUCCESS","Information: Owner"
"12:22:43.8204890 PM","main.exe","24160","CloseFile","C:\Windows\System32\imm32.dll","SUCCESS",""
"12:22:43.8208935 PM","main.exe","24160","QueryNameInformationFile","C:\Windows\System32\user32.dll","SUCCESS","Name: \Windows\System32\user32.dll"
"12:22:43.8246391 PM","main.exe","24160","QueryNameInformationFile","C:\Windows\System32\shell32.dll","SUCCESS","Name: \Windows\System32\shell32.dll"
"12:22:43.8252882 PM","main.exe","24160","CreateFile","C:\Windows\System32\oleaut32.dll","SUCCESS","Desired Access: Read Attributes, Disposition: Open, Options: Open Reparse Point, Attributes: n/a, ShareMode: Read, Write, Delete, AllocationSize: n/a, OpenResult: Opened"
"12:22:43.8253400 PM","main.exe","24160","QueryBasicInformationFile","C:\Windows\System32\oleaut32.dll","SUCCESS","CreationTime: 3/11/2026 1:06:44 PM, LastAccessTime: 4/4/2026 12:21:39 PM, LastWriteTime: 3/11/2026 1:06:44 PM, ChangeTime: 3/12/2026 12:16:18 AM, FileAttributes: A"
"12:22:43.8253555 PM","main.exe","24160","CloseFile","C:\Windows\System32\oleaut32.dll","SUCCESS",""
"12:22:43.8256106 PM","main.exe","24160","CreateFile","C:\Windows\System32\oleaut32.dll","SUCCESS","Desired Access: Read Data/List Directory, Execute/Traverse, Synchronize, Disposition: Open, Options: Synchronous IO Non-Alert, Non-Directory File, Attributes: n/a, ShareMode: Read, Delete, AllocationSize: n/a, OpenResult: Opened"
"12:22:43.8256714 PM","main.exe","24160","CreateFileMapping","C:\Windows\System32\oleaut32.dll","FILE LOCKED WITH ONLY READERS","SyncType: SyncTypeCreateSection, PageProtection: PAGE_EXECUTE|PAGE_NOCACHE"
"12:22:43.8257050 PM","main.exe","24160","CreateFileMapping","C:\Windows\System32\oleaut32.dll","SUCCESS","SyncType: SyncTypeOther"
"12:22:43.8257744 PM","main.exe","24160","CloseFile","C:\Windows\System32\oleaut32.dll","SUCCESS",""
"12:22:43.8263551 PM","main.exe","24160","ReadFile","C:\Windows\System32\msvcp140.dll","SUCCESS","Offset: 526,848, Length: 2,560, I/O Flags: Non-cached, Paging I/O, Synchronous Paging I/O, Priority: Normal"
"12:22:43.8279400 PM","main.exe","24160","ReadFile","C:\Windows\System32\msvcp140.dll","SUCCESS","Offset: 518,656, Length: 4,096, I/O Flags: Non-cached, Paging I/O, Synchronous Paging I/O, Priority: Normal"
"12:22:43.8280824 PM","main.exe","24160","ReadFile","C:\Windows\System32\msvcp140.dll","SUCCESS","Offset: 522,752, Length: 4,096, I/O Flags: Non-cached, Paging I/O, Synchronous Paging I/O, Priority: Normal"
"12:22:43.8282362 PM","main.exe","24160","ReadFile","C:\Windows\System32\msvcp140.dll","SUCCESS","Offset: 514,560, Length: 14,848, I/O Flags: Non-cached, Paging I/O, Synchronous Paging I/O, Priority: Normal"
"12:22:43.8313954 PM","main.exe","24160","Load Image","C:\Windows\System32\windows.storage.dll","SUCCESS","Image Base: 0x7fffa5950000, Image Size: 0x864000"
"12:22:43.8322140 PM","main.exe","24160","QueryNameInformationFile","C:\Windows\System32\windows.storage.dll","SUCCESS","Name: \Windows\System32\windows.storage.dll"
"12:22:43.8325166 PM","main.exe","24160","Load Image","C:\Windows\System32\SHCore.dll","SUCCESS","Image Base: 0x7fffa8240000, Image Size: 0xf7000"
"12:22:43.8328000 PM","main.exe","24160","QueryNameInformationFile","C:\Windows\System32\SHCore.dll","SUCCESS","Name: \Windows\System32\SHCore.dll"
"12:22:43.8337402 PM","main.exe","24160","Load Image","C:\Windows\System32\shlwapi.dll","SUCCESS","Image Base: 0x7fffa8110000, Image Size: 0x67000"
"12:22:43.8340278 PM","main.exe","24160","QueryNameInformationFile","C:\Windows\System32\shlwapi.dll","SUCCESS","Name: \Windows\System32\shlwapi.dll"
"12:22:43.8355278 PM","main.exe","24160","CreateFile","C:\Windows\System32\tzres.dll","SUCCESS","Desired Access: Read Attributes, Disposition: Open, Options: Open Reparse Point, Attributes: n/a, ShareMode: Read, Write, Delete, AllocationSize: n/a, OpenResult: Opened"
"12:22:43.8355618 PM","main.exe","24160","QueryBasicInformationFile","C:\Windows\System32\tzres.dll","SUCCESS","CreationTime: 11/5/2025 11:25:03 PM, LastAccessTime: 4/4/2026 12:22:32 PM, LastWriteTime: 11/5/2025 11:25:03 PM, ChangeTime: 3/11/2026 4:53:45 PM, FileAttributes: A"
"12:22:43.8355726 PM","main.exe","24160","CloseFile","C:\Windows\System32\tzres.dll","SUCCESS",""
"12:22:43.8356483 PM","main.exe","24160","CreateFile","C:\Windows\System32\tzres.dll","SUCCESS","Desired Access: Generic Read/Execute, Disposition: Open, Options: Synchronous IO Non-Alert, Non-Directory File, Attributes: n/a, ShareMode: Read, Delete, AllocationSize: n/a, OpenResult: Opened"
"12:22:43.8356822 PM","main.exe","24160","CreateFileMapping","C:\Windows\System32\tzres.dll","FILE LOCKED WITH ONLY READERS","SyncType: SyncTypeCreateSection, PageProtection: PAGE_EXECUTE|PAGE_NOCACHE"
"12:22:43.8357205 PM","main.exe","24160","CreateFileMapping","C:\Windows\System32\tzres.dll","SUCCESS","SyncType: SyncTypeOther"
"12:22:43.8357497 PM","main.exe","24160","CloseFile","C:\Windows\System32\tzres.dll","SUCCESS",""
"12:22:43.8361658 PM","main.exe","24160","CreateFile","C:\Windows\System32\tzres.dll","SUCCESS","Desired Access: Read Attributes, Disposition: Open, Options: Open Reparse Point, Attributes: n/a, ShareMode: Read, Write, Delete, AllocationSize: n/a, OpenResult: Opened"
"12:22:43.8361899 PM","main.exe","24160","QueryBasicInformationFile","C:\Windows\System32\tzres.dll","SUCCESS","CreationTime: 11/5/2025 11:25:03 PM, LastAccessTime: 4/4/2026 12:22:43 PM, LastWriteTime: 11/5/2025 11:25:03 PM, ChangeTime: 3/11/2026 4:53:45 PM, FileAttributes: A"
"12:22:43.8361980 PM","main.exe","24160","CloseFile","C:\Windows\System32\tzres.dll","SUCCESS",""
"12:22:43.8362785 PM","main.exe","24160","CreateFile","C:\Windows\System32\tzres.dll","SUCCESS","Desired Access: Generic Read/Execute, Disposition: Open, Options: Synchronous IO Non-Alert, Non-Directory File, Attributes: n/a, ShareMode: Read, Delete, AllocationSize: n/a, OpenResult: Opened"
"12:22:43.8363111 PM","main.exe","24160","CreateFileMapping","C:\Windows\System32\tzres.dll","FILE LOCKED WITH ONLY READERS","SyncType: SyncTypeCreateSection, PageProtection: PAGE_EXECUTE|PAGE_NOCACHE"
"12:22:43.8363278 PM","main.exe","24160","CreateFileMapping","C:\Windows\System32\tzres.dll","SUCCESS","SyncType: SyncTypeOther"
"12:22:43.8363500 PM","main.exe","24160","CloseFile","C:\Windows\System32\tzres.dll","SUCCESS",""
"12:22:43.8395380 PM","main.exe","24160","QueryOpen","D:\Work\FingerDraw\FingerDraw\windows-server\Application\lib\gstreamer-1.0\gstapp.dll","SUCCESS","CreationTime: 4/3/2026 9:27:15 PM, LastAccessTime: 4/4/2026 12:00:15 PM, LastWriteTime: 2/26/2026 8:58:44 PM, ChangeTime: 4/1/2026 11:31:18 PM, AllocationSize: 16,384, EndOfFile: 13,824, FileAttributes: A"
"12:22:43.8396304 PM","main.exe","24160","CreateFile","D:\Work\FingerDraw\FingerDraw\windows-server\Application\lib\gstreamer-1.0\gstapp.dll","SUCCESS","Desired Access: Read EA, Read Attributes, Synchronize, Disposition: Open, Options: Synchronous IO Non-Alert, Non-Directory File, Attributes: N, ShareMode: Read, Write, Delete, AllocationSize: n/a, OpenResult: Opened"
"12:22:43.8396768 PM","main.exe","24160","QueryInformationVolume","D:\Work\FingerDraw\FingerDraw\windows-server\Application\lib\gstreamer-1.0\gstapp.dll","SUCCESS","VolumeCreationTime: 11/21/2025 10:20:54 PM, VolumeSerialNumber: 6E8E-5C3C, SupportsObjects: True, VolumeLabel: "
"12:22:43.8396891 PM","main.exe","24160","QueryAllInformationFile","D:\Work\FingerDraw\FingerDraw\windows-server\Application\lib\gstreamer-1.0\gstapp.dll","BUFFER OVERFLOW","CreationTime: 4/3/2026 9:27:15 PM, LastAccessTime: 4/4/2026 12:00:15 PM, LastWriteTime: 2/26/2026 8:58:44 PM, ChangeTime: 4/1/2026 11:31:18 PM, FileAttributes: A, AllocationSize: 16,384, EndOfFile: 13,824"
"12:22:43.8397031 PM","main.exe","24160","QueryStandardInformationFile","D:\Work\FingerDraw\FingerDraw\windows-server\Application\lib\gstreamer-1.0\gstapp.dll","SUCCESS","AllocationSize: 16,384, EndOfFile: 13,824, NumberOfLinks: 1, DeletePending: False, Directory: False"
"12:22:43.8397158 PM","main.exe","24160","CloseFile","D:\Work\FingerDraw\FingerDraw\windows-server\Application\lib\gstreamer-1.0\gstapp.dll","SUCCESS",""
"12:22:43.8398244 PM","main.exe","24160","QueryOpen","D:\Work\FingerDraw\FingerDraw\windows-server\Application\lib\gstreamer-1.0\gstcoreelements.dll","SUCCESS","CreationTime: 4/3/2026 9:27:15 PM, LastAccessTime: 4/4/2026 12:19:07 PM, LastWriteTime: 2/26/2026 8:53:42 PM, ChangeTime: 4/1/2026 11:31:18 PM, AllocationSize: 434,176, EndOfFile: 434,176, FileAttributes: A"
"12:22:43.8398949 PM","main.exe","24160","CreateFile","D:\Work\FingerDraw\FingerDraw\windows-server\Application\lib\gstreamer-1.0\gstcoreelements.dll","SUCCESS","Desired Access: Read EA, Read Attributes, Synchronize, Disposition: Open, Options: Synchronous IO Non-Alert, Non-Directory File, Attributes: N, ShareMode: Read, Write, Delete, AllocationSize: n/a, OpenResult: Opened"
"12:22:43.8399261 PM","main.exe","24160","QueryInformationVolume","D:\Work\FingerDraw\FingerDraw\windows-server\Application\lib\gstreamer-1.0\gstcoreelements.dll","SUCCESS","VolumeCreationTime: 11/21/2025 10:20:54 PM, VolumeSerialNumber: 6E8E-5C3C, SupportsObjects: True, VolumeLabel: "
"12:22:43.8399396 PM","main.exe","24160","QueryAllInformationFile","D:\Work\FingerDraw\FingerDraw\windows-server\Application\lib\gstreamer-1.0\gstcoreelements.dll","BUFFER OVERFLOW","CreationTime: 4/3/2026 9:27:15 PM, LastAccessTime: 4/4/2026 12:19:07 PM, LastWriteTime: 2/26/2026 8:53:42 PM, ChangeTime: 4/1/2026 11:31:18 PM, FileAttributes: A, AllocationSize: 434,176, EndOfFile: 434,176"
"12:22:43.8399499 PM","main.exe","24160","QueryStandardInformationFile","D:\Work\FingerDraw\FingerDraw\windows-server\Application\lib\gstreamer-1.0\gstcoreelements.dll","SUCCESS","AllocationSize: 434,176, EndOfFile: 434,176, NumberOfLinks: 1, DeletePending: False, Directory: False"
"12:22:43.8399582 PM","main.exe","24160","CloseFile","D:\Work\FingerDraw\FingerDraw\windows-server\Application\lib\gstreamer-1.0\gstcoreelements.dll","SUCCESS",""
"12:22:43.8400752 PM","main.exe","24160","QueryOpen","D:\Work\FingerDraw\FingerDraw\windows-server\Application\lib\gstreamer-1.0\gstd3d11.dll","SUCCESS","CreationTime: 4/3/2026 9:27:15 PM, LastAccessTime: 4/4/2026 12:19:06 PM, LastWriteTime: 2/26/2026 9:05:36 PM, ChangeTime: 4/1/2026 11:31:19 PM, AllocationSize: 1,744,896, EndOfFile: 1,742,336, FileAttributes: A"
"12:22:43.8401380 PM","main.exe","24160","CreateFile","D:\Work\FingerDraw\FingerDraw\windows-server\Application\lib\gstreamer-1.0\gstd3d11.dll","SUCCESS","Desired Access: Read EA, Read Attributes, Synchronize, Disposition: Open, Options: Synchronous IO Non-Alert, Non-Directory File, Attributes: N, ShareMode: Read, Write, Delete, AllocationSize: n/a, OpenResult: Opened"
"12:22:43.8401694 PM","main.exe","24160","QueryInformationVolume","D:\Work\FingerDraw\FingerDraw\windows-server\Application\lib\gstreamer-1.0\gstd3d11.dll","SUCCESS","VolumeCreationTime: 11/21/2025 10:20:54 PM, VolumeSerialNumber: 6E8E-5C3C, SupportsObjects: True, VolumeLabel: "
"12:22:43.8401775 PM","main.exe","24160","QueryAllInformationFile","D:\Work\FingerDraw\FingerDraw\windows-server\Application\lib\gstreamer-1.0\gstd3d11.dll","BUFFER OVERFLOW","CreationTime: 4/3/2026 9:27:15 PM, LastAccessTime: 4/4/2026 12:19:06 PM, LastWriteTime: 2/26/2026 9:05:36 PM, ChangeTime: 4/1/2026 11:31:19 PM, FileAttributes: A, AllocationSize: 1,744,896, EndOfFile: 1,742,336"
"12:22:43.8401866 PM","main.exe","24160","QueryStandardInformationFile","D:\Work\FingerDraw\FingerDraw\windows-server\Application\lib\gstreamer-1.0\gstd3d11.dll","SUCCESS","AllocationSize: 1,744,896, EndOfFile: 1,742,336, NumberOfLinks: 1, DeletePending: False, Directory: False"
"12:22:43.8401946 PM","main.exe","24160","CloseFile","D:\Work\FingerDraw\FingerDraw\windows-server\Application\lib\gstreamer-1.0\gstd3d11.dll","SUCCESS",""
"12:22:43.8402744 PM","main.exe","24160","QueryOpen","D:\Work\FingerDraw\FingerDraw\windows-server\Application\lib\gstreamer-1.0\gstd3d12.dll","SUCCESS","CreationTime: 4/4/2026 12:10:13 PM, LastAccessTime: 4/4/2026 12:18:58 PM, LastWriteTime: 2/26/2026 9:05:36 PM, ChangeTime: 4/1/2026 11:31:19 PM, AllocationSize: 2,162,688, EndOfFile: 2,159,104, FileAttributes: A"
"12:22:43.8403328 PM","main.exe","24160","CreateFile","D:\Work\FingerDraw\FingerDraw\windows-server\Application\lib\gstreamer-1.0\gstd3d12.dll","SUCCESS","Desired Access: Read EA, Read Attributes, Synchronize, Disposition: Open, Options: Synchronous IO Non-Alert, Non-Directory File, Attributes: N, ShareMode: Read, Write, Delete, AllocationSize: n/a, OpenResult: Opened"
"12:22:43.8403607 PM","main.exe","24160","QueryInformationVolume","D:\Work\FingerDraw\FingerDraw\windows-server\Application\lib\gstreamer-1.0\gstd3d12.dll","SUCCESS","VolumeCreationTime: 11/21/2025 10:20:54 PM, VolumeSerialNumber: 6E8E-5C3C, SupportsObjects: True, VolumeLabel: "
"12:22:43.8403685 PM","main.exe","24160","QueryAllInformationFile","D:\Work\FingerDraw\FingerDraw\windows-server\Application\lib\gstreamer-1.0\gstd3d12.dll","BUFFER OVERFLOW","CreationTime: 4/4/2026 12:10:13 PM, LastAccessTime: 4/4/2026 12:18:58 PM, LastWriteTime: 2/26/2026 9:05:36 PM, ChangeTime: 4/1/2026 11:31:19 PM, FileAttributes: A, AllocationSize: 2,162,688, EndOfFile: 2,159,104"
"12:22:43.8403764 PM","main.exe","24160","QueryStandardInformationFile","D:\Work\FingerDraw\FingerDraw\windows-server\Application\lib\gstreamer-1.0\gstd3d12.dll","SUCCESS","AllocationSize: 2,162,688, EndOfFile: 2,159,104, NumberOfLinks: 1, DeletePending: False, Directory: False"
"12:22:43.8403839 PM","main.exe","24160","CloseFile","D:\Work\FingerDraw\FingerDraw\windows-server\Application\lib\gstreamer-1.0\gstd3d12.dll","SUCCESS",""
"12:22:43.8404596 PM","main.exe","24160","QueryOpen","D:\Work\FingerDraw\FingerDraw\windows-server\Application\lib\gstreamer-1.0\gstrtp.dll","SUCCESS","CreationTime: 4/3/2026 9:27:15 PM, LastAccessTime: 4/4/2026 12:19:07 PM, LastWriteTime: 2/26/2026 9:06:34 PM, ChangeTime: 4/1/2026 11:31:23 PM, AllocationSize: 704,512, EndOfFile: 701,952, FileAttributes: A"
"12:22:43.8405167 PM","main.exe","24160","CreateFile","D:\Work\FingerDraw\FingerDraw\windows-server\Application\lib\gstreamer-1.0\gstrtp.dll","SUCCESS","Desired Access: Read EA, Read Attributes, Synchronize, Disposition: Open, Options: Synchronous IO Non-Alert, Non-Directory File, Attributes: N, ShareMode: Read, Write, Delete, AllocationSize: n/a, OpenResult: Opened"
"12:22:43.8405431 PM","main.exe","24160","QueryInformationVolume","D:\Work\FingerDraw\FingerDraw\windows-server\Application\lib\gstreamer-1.0\gstrtp.dll","SUCCESS","VolumeCreationTime: 11/21/2025 10:20:54 PM, VolumeSerialNumber: 6E8E-5C3C, SupportsObjects: True, VolumeLabel: "
"12:22:43.8405504 PM","main.exe","24160","QueryAllInformationFile","D:\Work\FingerDraw\FingerDraw\windows-server\Application\lib\gstreamer-1.0\gstrtp.dll","BUFFER OVERFLOW","CreationTime: 4/3/2026 9:27:15 PM, LastAccessTime: 4/4/2026 12:19:07 PM, LastWriteTime: 2/26/2026 9:06:34 PM, ChangeTime: 4/1/2026 11:31:23 PM, FileAttributes: A, AllocationSize: 704,512, EndOfFile: 701,952"
"12:22:43.8405582 PM","main.exe","24160","QueryStandardInformationFile","D:\Work\FingerDraw\FingerDraw\windows-server\Application\lib\gstreamer-1.0\gstrtp.dll","SUCCESS","AllocationSize: 704,512, EndOfFile: 701,952, NumberOfLinks: 1, DeletePending: False, Directory: False"
"12:22:43.8405656 PM","main.exe","24160","CloseFile","D:\Work\FingerDraw\FingerDraw\windows-server\Application\lib\gstreamer-1.0\gstrtp.dll","SUCCESS",""
"12:22:43.8406407 PM","main.exe","24160","QueryOpen","D:\Work\FingerDraw\FingerDraw\windows-server\Application\lib\gstreamer-1.0\gstudp.dll","SUCCESS","CreationTime: 4/3/2026 9:27:15 PM, LastAccessTime: 4/4/2026 12:19:07 PM, LastWriteTime: 2/26/2026 9:06:34 PM, ChangeTime: 4/1/2026 11:31:23 PM, AllocationSize: 90,112, EndOfFile: 87,552, FileAttributes: A"
"12:22:43.8406967 PM","main.exe","24160","CreateFile","D:\Work\FingerDraw\FingerDraw\windows-server\Application\lib\gstreamer-1.0\gstudp.dll","SUCCESS","Desired Access: Read EA, Read Attributes, Synchronize, Disposition: Open, Options: Synchronous IO Non-Alert, Non-Directory File, Attributes: N, ShareMode: Read, Write, Delete, AllocationSize: n/a, OpenResult: Opened"
"12:22:43.8407230 PM","main.exe","24160","QueryInformationVolume","D:\Work\FingerDraw\FingerDraw\windows-server\Application\lib\gstreamer-1.0\gstudp.dll","SUCCESS","VolumeCreationTime: 11/21/2025 10:20:54 PM, VolumeSerialNumber: 6E8E-5C3C, SupportsObjects: True, VolumeLabel: "
"12:22:43.8407303 PM","main.exe","24160","QueryAllInformationFile","D:\Work\FingerDraw\FingerDraw\windows-server\Application\lib\gstreamer-1.0\gstudp.dll","BUFFER OVERFLOW","CreationTime: 4/3/2026 9:27:15 PM, LastAccessTime: 4/4/2026 12:19:07 PM, LastWriteTime: 2/26/2026 9:06:34 PM, ChangeTime: 4/1/2026 11:31:23 PM, FileAttributes: A, AllocationSize: 90,112, EndOfFile: 87,552"
"12:22:43.8407378 PM","main.exe","24160","QueryStandardInformationFile","D:\Work\FingerDraw\FingerDraw\windows-server\Application\lib\gstreamer-1.0\gstudp.dll","SUCCESS","AllocationSize: 90,112, EndOfFile: 87,552, NumberOfLinks: 1, DeletePending: False, Directory: False"
"12:22:43.8407451 PM","main.exe","24160","CloseFile","D:\Work\FingerDraw\FingerDraw\windows-server\Application\lib\gstreamer-1.0\gstudp.dll","SUCCESS",""
"12:22:43.8408221 PM","main.exe","24160","QueryOpen","D:\Work\FingerDraw\FingerDraw\windows-server\Application\lib\gstreamer-1.0\gstvideoconvertscale.dll","SUCCESS","CreationTime: 4/3/2026 9:27:15 PM, LastAccessTime: 4/4/2026 12:00:15 PM, LastWriteTime: 2/26/2026 8:58:44 PM, ChangeTime: 4/1/2026 11:31:19 PM, AllocationSize: 57,344, EndOfFile: 54,784, FileAttributes: A"
"12:22:43.8408799 PM","main.exe","24160","CreateFile","D:\Work\FingerDraw\FingerDraw\windows-server\Application\lib\gstreamer-1.0\gstvideoconvertscale.dll","SUCCESS","Desired Access: Read EA, Read Attributes, Synchronize, Disposition: Open, Options: Synchronous IO Non-Alert, Non-Directory File, Attributes: N, ShareMode: Read, Write, Delete, AllocationSize: n/a, OpenResult: Opened"
"12:22:43.8409072 PM","main.exe","24160","QueryInformationVolume","D:\Work\FingerDraw\FingerDraw\windows-server\Application\lib\gstreamer-1.0\gstvideoconvertscale.dll","SUCCESS","VolumeCreationTime: 11/21/2025 10:20:54 PM, VolumeSerialNumber: 6E8E-5C3C, SupportsObjects: True, VolumeLabel: "
"12:22:43.8409148 PM","main.exe","24160","QueryAllInformationFile","D:\Work\FingerDraw\FingerDraw\windows-server\Application\lib\gstreamer-1.0\gstvideoconvertscale.dll","BUFFER OVERFLOW","CreationTime: 4/3/2026 9:27:15 PM, LastAccessTime: 4/4/2026 12:00:15 PM, LastWriteTime: 2/26/2026 8:58:44 PM, ChangeTime: 4/1/2026 11:31:19 PM, FileAttributes: A, AllocationSize: 57,344, EndOfFile: 54,784"
"12:22:43.8409230 PM","main.exe","24160","QueryStandardInformationFile","D:\Work\FingerDraw\FingerDraw\windows-server\Application\lib\gstreamer-1.0\gstvideoconvertscale.dll","SUCCESS","AllocationSize: 57,344, EndOfFile: 54,784, NumberOfLinks: 1, DeletePending: False, Directory: False"
"12:22:43.8409303 PM","main.exe","24160","CloseFile","D:\Work\FingerDraw\FingerDraw\windows-server\Application\lib\gstreamer-1.0\gstvideoconvertscale.dll","SUCCESS",""
"12:22:43.8410048 PM","main.exe","24160","QueryOpen","D:\Work\FingerDraw\FingerDraw\windows-server\Application\lib\gstreamer-1.0\gstx264.dll","SUCCESS","CreationTime: 4/3/2026 9:27:15 PM, LastAccessTime: 4/4/2026 12:19:07 PM, LastWriteTime: 2/26/2026 9:07:08 PM, ChangeTime: 4/1/2026 11:31:24 PM, AllocationSize: 73,728, EndOfFile: 71,680, FileAttributes: A"
"12:22:43.8410614 PM","main.exe","24160","CreateFile","D:\Work\FingerDraw\FingerDraw\windows-server\Application\lib\gstreamer-1.0\gstx264.dll","SUCCESS","Desired Access: Read EA, Read Attributes, Synchronize, Disposition: Open, Options: Synchronous IO Non-Alert, Non-Directory File, Attributes: N, ShareMode: Read, Write, Delete, AllocationSize: n/a, OpenResult: Opened"
"12:22:43.8410871 PM","main.exe","24160","QueryInformationVolume","D:\Work\FingerDraw\FingerDraw\windows-server\Application\lib\gstreamer-1.0\gstx264.dll","SUCCESS","VolumeCreationTime: 11/21/2025 10:20:54 PM, VolumeSerialNumber: 6E8E-5C3C, SupportsObjects: True, VolumeLabel: "
"12:22:43.8410944 PM","main.exe","24160","QueryAllInformationFile","D:\Work\FingerDraw\FingerDraw\windows-server\Application\lib\gstreamer-1.0\gstx264.dll","BUFFER OVERFLOW","CreationTime: 4/3/2026 9:27:15 PM, LastAccessTime: 4/4/2026 12:19:07 PM, LastWriteTime: 2/26/2026 9:07:08 PM, ChangeTime: 4/1/2026 11:31:24 PM, FileAttributes: A, AllocationSize: 73,728, EndOfFile: 71,680"
"12:22:43.8411021 PM","main.exe","24160","QueryStandardInformationFile","D:\Work\FingerDraw\FingerDraw\windows-server\Application\lib\gstreamer-1.0\gstx264.dll","SUCCESS","AllocationSize: 73,728, EndOfFile: 71,680, NumberOfLinks: 1, DeletePending: False, Directory: False"
"12:22:43.8411095 PM","main.exe","24160","CloseFile","D:\Work\FingerDraw\FingerDraw\windows-server\Application\lib\gstreamer-1.0\gstx264.dll","SUCCESS",""
"12:22:43.8656978 PM","main.exe","24160","CreateFile","C:\Windows\System32\mswsock.dll","SUCCESS","Desired Access: Read Attributes, Disposition: Open, Options: Open Reparse Point, Attributes: n/a, ShareMode: Read, Write, Delete, AllocationSize: n/a, OpenResult: Opened"
"12:22:43.8657322 PM","main.exe","24160","QueryBasicInformationFile","C:\Windows\System32\mswsock.dll","SUCCESS","CreationTime: 3/11/2026 1:06:49 PM, LastAccessTime: 4/4/2026 12:21:34 PM, LastWriteTime: 3/11/2026 1:06:50 PM, ChangeTime: 3/12/2026 12:16:18 AM, FileAttributes: A"
"12:22:43.8657425 PM","main.exe","24160","CloseFile","C:\Windows\System32\mswsock.dll","SUCCESS",""
"12:22:43.8658555 PM","main.exe","24160","CreateFile","C:\Windows\System32\mswsock.dll","SUCCESS","Desired Access: Read Data/List Directory, Execute/Traverse, Synchronize, Disposition: Open, Options: Synchronous IO Non-Alert, Non-Directory File, Attributes: n/a, ShareMode: Read, Delete, AllocationSize: n/a, OpenResult: Opened"
"12:22:43.8658958 PM","main.exe","24160","CreateFileMapping","C:\Windows\System32\mswsock.dll","FILE LOCKED WITH ONLY READERS","SyncType: SyncTypeCreateSection, PageProtection: PAGE_EXECUTE|PAGE_NOCACHE"
"12:22:43.8659151 PM","main.exe","24160","CreateFileMapping","C:\Windows\System32\mswsock.dll","SUCCESS","SyncType: SyncTypeOther"
"12:22:43.8659912 PM","main.exe","24160","Load Image","C:\Windows\System32\mswsock.dll","SUCCESS","Image Base: 0x7fffa4320000, Image Size: 0x6b000"
"12:22:43.8661623 PM","main.exe","24160","CloseFile","C:\Windows\System32\mswsock.dll","SUCCESS",""
"12:22:48.8077326 PM","main.exe","24160","QueryOpen","D:\Work\FingerDraw\FingerDraw\windows-server\Application\lib\gstreamer-1.0\gstd3d11.dll","SUCCESS","CreationTime: 4/3/2026 9:27:15 PM, LastAccessTime: 4/4/2026 12:19:06 PM, LastWriteTime: 2/26/2026 9:05:36 PM, ChangeTime: 4/1/2026 11:31:19 PM, AllocationSize: 1,744,896, EndOfFile: 1,742,336, FileAttributes: A"
"12:22:48.8078290 PM","main.exe","24160","CreateFile","D:\Work\FingerDraw\FingerDraw\windows-server\Application\lib\gstreamer-1.0\gstd3d11.dll","SUCCESS","Desired Access: Read EA, Read Attributes, Synchronize, Disposition: Open, Options: Synchronous IO Non-Alert, Non-Directory File, Attributes: N, ShareMode: Read, Write, Delete, AllocationSize: n/a, OpenResult: Opened"
"12:22:48.8078962 PM","main.exe","24160","QueryInformationVolume","D:\Work\FingerDraw\FingerDraw\windows-server\Application\lib\gstreamer-1.0\gstd3d11.dll","SUCCESS","VolumeCreationTime: 11/21/2025 10:20:54 PM, VolumeSerialNumber: 6E8E-5C3C, SupportsObjects: True, VolumeLabel: "
"12:22:48.8079092 PM","main.exe","24160","QueryAllInformationFile","D:\Work\FingerDraw\FingerDraw\windows-server\Application\lib\gstreamer-1.0\gstd3d11.dll","BUFFER OVERFLOW","CreationTime: 4/3/2026 9:27:15 PM, LastAccessTime: 4/4/2026 12:19:06 PM, LastWriteTime: 2/26/2026 9:05:36 PM, ChangeTime: 4/1/2026 11:31:19 PM, FileAttributes: A, AllocationSize: 1,744,896, EndOfFile: 1,742,336"
"12:22:48.8079256 PM","main.exe","24160","QueryStandardInformationFile","D:\Work\FingerDraw\FingerDraw\windows-server\Application\lib\gstreamer-1.0\gstd3d11.dll","SUCCESS","AllocationSize: 1,744,896, EndOfFile: 1,742,336, NumberOfLinks: 1, DeletePending: False, Directory: False"
"12:22:48.8079371 PM","main.exe","24160","CloseFile","D:\Work\FingerDraw\FingerDraw\windows-server\Application\lib\gstreamer-1.0\gstd3d11.dll","SUCCESS",""
"12:22:48.8080391 PM","main.exe","24160","QueryOpen","D:\Work\FingerDraw\FingerDraw\windows-server\Application\lib\gstreamer-1.0\gstd3d11.dll","SUCCESS","CreationTime: 4/3/2026 9:27:15 PM, LastAccessTime: 4/4/2026 12:19:06 PM, LastWriteTime: 2/26/2026 9:05:36 PM, ChangeTime: 4/1/2026 11:31:19 PM, AllocationSize: 1,744,896, EndOfFile: 1,742,336, FileAttributes: A"
"12:22:48.8081405 PM","main.exe","24160","QueryOpen","D:\Work\FingerDraw\FingerDraw\windows-server\Application\lib\gstreamer-1.0\gstd3d11.dll","SUCCESS","CreationTime: 4/3/2026 9:27:15 PM, LastAccessTime: 4/4/2026 12:19:06 PM, LastWriteTime: 2/26/2026 9:05:36 PM, ChangeTime: 4/1/2026 11:31:19 PM, AllocationSize: 1,744,896, EndOfFile: 1,742,336, FileAttributes: A"
"12:22:48.8084228 PM","main.exe","24160","CreateFile","D:\Work\FingerDraw\FingerDraw\windows-server\Application\lib\gstreamer-1.0\gstd3d11.dll","SUCCESS","Desired Access: Read Data/List Directory, Execute/Traverse, Synchronize, Disposition: Open, Options: Synchronous IO Non-Alert, Non-Directory File, Attributes: n/a, ShareMode: Read, Delete, AllocationSize: n/a, OpenResult: Opened"
"12:22:48.8085175 PM","main.exe","24160","CreateFileMapping","D:\Work\FingerDraw\FingerDraw\windows-server\Application\lib\gstreamer-1.0\gstd3d11.dll","FILE LOCKED WITH ONLY READERS","SyncType: SyncTypeCreateSection, PageProtection: PAGE_EXECUTE|PAGE_NOCACHE"
"12:22:48.8087722 PM","main.exe","24160","CreateFileMapping","D:\Work\FingerDraw\FingerDraw\windows-server\Application\lib\gstreamer-1.0\gstd3d11.dll","SUCCESS","SyncType: SyncTypeOther"
"12:22:48.8088961 PM","main.exe","24160","Load Image","D:\Work\FingerDraw\FingerDraw\windows-server\Application\lib\gstreamer-1.0\gstd3d11.dll","SUCCESS","Image Base: 0x7fff3a650000, Image Size: 0x1ad000"
"12:22:48.8091117 PM","main.exe","24160","CloseFile","D:\Work\FingerDraw\FingerDraw\windows-server\Application\lib\gstreamer-1.0\gstd3d11.dll","SUCCESS",""
"12:22:48.8092718 PM","main.exe","24160","QueryOpen","D:\Work\FingerDraw\FingerDraw\windows-server\Application\gstd3d11-1.0-0.dll","SUCCESS","CreationTime: 4/4/2026 12:21:54 AM, LastAccessTime: 4/4/2026 12:18:58 PM, LastWriteTime: 2/26/2026 9:05:14 PM, ChangeTime: 4/1/2026 11:31:18 PM, AllocationSize: 311,296, EndOfFile: 310,784, FileAttributes: A"
"12:22:48.8093796 PM","main.exe","24160","CreateFile","D:\Work\FingerDraw\FingerDraw\windows-server\Application\gstd3d11-1.0-0.dll","SUCCESS","Desired Access: Read Data/List Directory, Execute/Traverse, Synchronize, Disposition: Open, Options: Synchronous IO Non-Alert, Non-Directory File, Attributes: n/a, ShareMode: Read, Delete, AllocationSize: n/a, OpenResult: Opened"
"12:22:48.8094388 PM","main.exe","24160","CreateFileMapping","D:\Work\FingerDraw\FingerDraw\windows-server\Application\gstd3d11-1.0-0.dll","FILE LOCKED WITH ONLY READERS","SyncType: SyncTypeCreateSection, PageProtection: PAGE_EXECUTE|PAGE_NOCACHE"
"12:22:48.8095790 PM","main.exe","24160","CreateFileMapping","D:\Work\FingerDraw\FingerDraw\windows-server\Application\gstd3d11-1.0-0.dll","SUCCESS","SyncType: SyncTypeOther"
"12:22:48.8096613 PM","main.exe","24160","Load Image","D:\Work\FingerDraw\FingerDraw\windows-server\Application\gstd3d11-1.0-0.dll","SUCCESS","Image Base: 0x7fff951c0000, Image Size: 0x50000"
"12:22:48.8098150 PM","main.exe","24160","QueryOpen","D:\Work\FingerDraw\FingerDraw\windows-server\Application\gstd3dshader-1.0-0.dll","SUCCESS","CreationTime: 4/4/2026 12:00:14 PM, LastAccessTime: 4/4/2026 12:18:58 PM, LastWriteTime: 2/26/2026 9:05:12 PM, ChangeTime: 4/1/2026 11:31:18 PM, AllocationSize: 3,887,104, EndOfFile: 3,885,056, FileAttributes: A"
"12:22:48.8098462 PM","main.exe","24160","CloseFile","D:\Work\FingerDraw\FingerDraw\windows-server\Application\gstd3d11-1.0-0.dll","SUCCESS",""
"12:22:48.8099622 PM","main.exe","24160","CreateFile","D:\Work\FingerDraw\FingerDraw\windows-server\Application\gstd3dshader-1.0-0.dll","SUCCESS","Desired Access: Read Data/List Directory, Execute/Traverse, Synchronize, Disposition: Open, Options: Synchronous IO Non-Alert, Non-Directory File, Attributes: n/a, ShareMode: Read, Delete, AllocationSize: n/a, OpenResult: Opened"
"12:22:48.8100375 PM","main.exe","24160","CreateFileMapping","D:\Work\FingerDraw\FingerDraw\windows-server\Application\gstd3dshader-1.0-0.dll","FILE LOCKED WITH ONLY READERS","SyncType: SyncTypeCreateSection, PageProtection: PAGE_EXECUTE|PAGE_NOCACHE"
"12:22:48.8100394 PM","main.exe","24160","QueryOpen","D:\Work\FingerDraw\FingerDraw\windows-server\Application\gstdxva-1.0-0.dll","SUCCESS","CreationTime: 4/4/2026 12:00:14 PM, LastAccessTime: 4/4/2026 12:18:58 PM, LastWriteTime: 2/26/2026 9:04:36 PM, ChangeTime: 4/1/2026 11:31:18 PM, AllocationSize: 98,304, EndOfFile: 96,768, FileAttributes: A"
"12:22:48.8101517 PM","main.exe","24160","CreateFile","D:\Work\FingerDraw\FingerDraw\windows-server\Application\gstdxva-1.0-0.dll","SUCCESS","Desired Access: Read Data/List Directory, Execute/Traverse, Synchronize, Disposition: Open, Options: Synchronous IO Non-Alert, Non-Directory File, Attributes: n/a, ShareMode: Read, Delete, AllocationSize: n/a, OpenResult: Opened"
"12:22:48.8102131 PM","main.exe","24160","CreateFileMapping","D:\Work\FingerDraw\FingerDraw\windows-server\Application\gstdxva-1.0-0.dll","FILE LOCKED WITH ONLY READERS","SyncType: SyncTypeCreateSection, PageProtection: PAGE_EXECUTE|PAGE_NOCACHE"
"12:22:48.8102595 PM","main.exe","24160","CreateFileMapping","D:\Work\FingerDraw\FingerDraw\windows-server\Application\gstd3dshader-1.0-0.dll","SUCCESS","SyncType: SyncTypeOther"
"12:22:48.8102853 PM","main.exe","24160","CreateFileMapping","D:\Work\FingerDraw\FingerDraw\windows-server\Application\gstdxva-1.0-0.dll","SUCCESS","SyncType: SyncTypeOther"
"12:22:48.8103549 PM","main.exe","24160","Load Image","D:\Work\FingerDraw\FingerDraw\windows-server\Application\gstdxva-1.0-0.dll","SUCCESS","Image Base: 0x7fff95ff0000, Image Size: 0x1c000"
"12:22:48.8103551 PM","main.exe","24160","Load Image","D:\Work\FingerDraw\FingerDraw\windows-server\Application\gstd3dshader-1.0-0.dll","SUCCESS","Image Base: 0x7fff33e30000, Image Size: 0x3b9000"
"12:22:48.8104594 PM","main.exe","24160","CloseFile","D:\Work\FingerDraw\FingerDraw\windows-server\Application\gstd3dshader-1.0-0.dll","SUCCESS",""
"12:22:48.8104816 PM","main.exe","24160","CloseFile","D:\Work\FingerDraw\FingerDraw\windows-server\Application\gstdxva-1.0-0.dll","SUCCESS",""
"12:22:48.8106924 PM","main.exe","24160","QueryOpen","D:\Work\FingerDraw\FingerDraw\windows-server\Application\gstcodecs-1.0-0.dll","SUCCESS","CreationTime: 4/4/2026 12:00:14 PM, LastAccessTime: 4/4/2026 12:18:58 PM, LastWriteTime: 2/26/2026 9:04:32 PM, ChangeTime: 4/1/2026 11:31:18 PM, AllocationSize: 258,048, EndOfFile: 254,464, FileAttributes: A"
"12:22:48.8106950 PM","main.exe","24160","QueryOpen","D:\Work\FingerDraw\FingerDraw\windows-server\Application\gstbase-1.0-0.dll","SUCCESS","CreationTime: 4/3/2026 9:27:14 PM, LastAccessTime: 4/4/2026 12:18:58 PM, LastWriteTime: 2/26/2026 8:53:40 PM, ChangeTime: 4/1/2026 11:31:18 PM, AllocationSize: 520,192, EndOfFile: 519,680, FileAttributes: A"
"12:22:48.8108674 PM","main.exe","24160","CreateFile","D:\Work\FingerDraw\FingerDraw\windows-server\Application\gstcodecs-1.0-0.dll","SUCCESS","Desired Access: Read Data/List Directory, Execute/Traverse, Synchronize, Disposition: Open, Options: Synchronous IO Non-Alert, Non-Directory File, Attributes: n/a, ShareMode: Read, Delete, AllocationSize: n/a, OpenResult: Opened"
"12:22:48.8108680 PM","main.exe","24160","CreateFile","D:\Work\FingerDraw\FingerDraw\windows-server\Application\gstbase-1.0-0.dll","SUCCESS","Desired Access: Read Data/List Directory, Execute/Traverse, Synchronize, Disposition: Open, Options: Synchronous IO Non-Alert, Non-Directory File, Attributes: n/a, ShareMode: Read, Delete, AllocationSize: n/a, OpenResult: Opened"
"12:22:48.8109375 PM","main.exe","24160","CreateFileMapping","D:\Work\FingerDraw\FingerDraw\windows-server\Application\gstcodecs-1.0-0.dll","FILE LOCKED WITH ONLY READERS","SyncType: SyncTypeCreateSection, PageProtection: PAGE_EXECUTE|PAGE_NOCACHE"
"12:22:48.8109573 PM","main.exe","24160","CreateFileMapping","D:\Work\FingerDraw\FingerDraw\windows-server\Application\gstbase-1.0-0.dll","FILE LOCKED WITH ONLY READERS","SyncType: SyncTypeCreateSection, PageProtection: PAGE_EXECUTE|PAGE_NOCACHE"
"12:22:48.8109809 PM","main.exe","24160","CreateFileMapping","D:\Work\FingerDraw\FingerDraw\windows-server\Application\gstcodecs-1.0-0.dll","SUCCESS","SyncType: SyncTypeOther"
"12:22:48.8110580 PM","main.exe","24160","Load Image","D:\Work\FingerDraw\FingerDraw\windows-server\Application\gstcodecs-1.0-0.dll","SUCCESS","Image Base: 0x7fff7d6a0000, Image Size: 0x42000"
"12:22:48.8111480 PM","main.exe","24160","CreateFileMapping","D:\Work\FingerDraw\FingerDraw\windows-server\Application\gstbase-1.0-0.dll","SUCCESS","SyncType: SyncTypeOther"
"12:22:48.8111493 PM","main.exe","24160","CloseFile","D:\Work\FingerDraw\FingerDraw\windows-server\Application\gstcodecs-1.0-0.dll","SUCCESS",""
"12:22:48.8112253 PM","main.exe","24160","Load Image","D:\Work\FingerDraw\FingerDraw\windows-server\Application\gstbase-1.0-0.dll","SUCCESS","Image Base: 0x7fff6f8a0000, Image Size: 0x83000"
"12:22:48.8113708 PM","main.exe","24160","CloseFile","D:\Work\FingerDraw\FingerDraw\windows-server\Application\gstbase-1.0-0.dll","SUCCESS",""
"12:22:48.8114085 PM","main.exe","24160","QueryOpen","D:\Work\FingerDraw\FingerDraw\windows-server\Application\dxgi.dll","NAME NOT FOUND",""
"12:22:48.8117160 PM","main.exe","24160","QueryOpen","D:\Work\FingerDraw\FingerDraw\windows-server\Application\d2d1.dll","NAME NOT FOUND",""
"12:22:48.8117596 PM","main.exe","24160","QueryOpen","D:\Work\FingerDraw\FingerDraw\windows-server\Application\WINMM.dll","NAME NOT FOUND",""
"12:22:48.8117710 PM","main.exe","24160","CreateFile","C:\Windows\System32\dxgi.dll","SUCCESS","Desired Access: Read Attributes, Disposition: Open, Options: Open Reparse Point, Attributes: n/a, ShareMode: Read, Write, Delete, AllocationSize: n/a, OpenResult: Opened"
"12:22:48.8118331 PM","main.exe","24160","QueryBasicInformationFile","C:\Windows\System32\dxgi.dll","SUCCESS","CreationTime: 3/11/2026 1:06:41 PM, LastAccessTime: 4/4/2026 12:22:43 PM, LastWriteTime: 3/11/2026 1:06:41 PM, ChangeTime: 3/12/2026 12:16:17 AM, FileAttributes: A"
"12:22:48.8118479 PM","main.exe","24160","CloseFile","C:\Windows\System32\dxgi.dll","SUCCESS",""
"12:22:48.8127237 PM","main.exe","24160","CreateFile","C:\Windows\System32\winmm.dll","SUCCESS","Desired Access: Read Attributes, Disposition: Open, Options: Open Reparse Point, Attributes: n/a, ShareMode: Read, Write, Delete, AllocationSize: n/a, OpenResult: Opened"
"12:22:48.8127720 PM","main.exe","24160","QueryBasicInformationFile","C:\Windows\System32\winmm.dll","SUCCESS","CreationTime: 12/13/2025 12:36:52 AM, LastAccessTime: 4/4/2026 12:22:44 PM, LastWriteTime: 12/13/2025 12:36:52 AM, ChangeTime: 3/11/2026 4:53:43 PM, FileAttributes: A"
"12:22:48.8127860 PM","main.exe","24160","CloseFile","C:\Windows\System32\winmm.dll","SUCCESS",""
"12:22:48.8129245 PM","main.exe","24160","CreateFile","C:\Windows\System32\winmm.dll","SUCCESS","Desired Access: Read Data/List Directory, Execute/Traverse, Synchronize, Disposition: Open, Options: Synchronous IO Non-Alert, Non-Directory File, Attributes: n/a, ShareMode: Read, Delete, AllocationSize: n/a, OpenResult: Opened"
"12:22:48.8129957 PM","main.exe","24160","CreateFileMapping","C:\Windows\System32\winmm.dll","FILE LOCKED WITH ONLY READERS","SyncType: SyncTypeCreateSection, PageProtection: PAGE_EXECUTE|PAGE_NOCACHE"
"12:22:48.8130415 PM","main.exe","24160","CreateFileMapping","C:\Windows\System32\winmm.dll","SUCCESS","SyncType: SyncTypeOther"
"12:22:48.8132730 PM","main.exe","24160","Load Image","C:\Windows\System32\winmm.dll","SUCCESS","Image Base: 0x7fff9b7d0000, Image Size: 0x35000"
"12:22:48.8133074 PM","main.exe","24160","CreateFile","C:\Windows\System32\dxgi.dll","SUCCESS","Desired Access: Read Data/List Directory, Execute/Traverse, Synchronize, Disposition: Open, Options: Synchronous IO Non-Alert, Non-Directory File, Attributes: n/a, ShareMode: Read, Delete, AllocationSize: n/a, OpenResult: Opened"
"12:22:48.8133883 PM","main.exe","24160","CreateFileMapping","C:\Windows\System32\dxgi.dll","FILE LOCKED WITH ONLY READERS","SyncType: SyncTypeCreateSection, PageProtection: PAGE_EXECUTE|PAGE_NOCACHE"
"12:22:48.8134136 PM","main.exe","24160","CreateFileMapping","C:\Windows\System32\dxgi.dll","SUCCESS","SyncType: SyncTypeOther"
"12:22:48.8134407 PM","main.exe","24160","CloseFile","C:\Windows\System32\winmm.dll","SUCCESS",""
"12:22:48.8135995 PM","main.exe","24160","QueryOpen","D:\Work\FingerDraw\FingerDraw\windows-server\Application\dwmapi.dll","NAME NOT FOUND",""
"12:22:48.8136185 PM","main.exe","24160","Load Image","C:\Windows\System32\dxgi.dll","SUCCESS","Image Base: 0x7fffa2f50000, Image Size: 0x13e000"
"12:22:48.8138140 PM","main.exe","24160","QueryOpen","D:\Work\FingerDraw\FingerDraw\windows-server\Application\gstvideo-1.0-0.dll","SUCCESS","CreationTime: 4/3/2026 9:27:14 PM, LastAccessTime: 4/4/2026 12:18:58 PM, LastWriteTime: 2/26/2026 8:58:34 PM, ChangeTime: 4/1/2026 11:31:18 PM, AllocationSize: 909,312, EndOfFile: 907,776, FileAttributes: A"
"12:22:48.8139172 PM","main.exe","24160","CreateFile","D:\Work\FingerDraw\FingerDraw\windows-server\Application\gstvideo-1.0-0.dll","SUCCESS","Desired Access: Read Data/List Directory, Execute/Traverse, Synchronize, Disposition: Open, Options: Synchronous IO Non-Alert, Non-Directory File, Attributes: n/a, ShareMode: Read, Delete, AllocationSize: n/a, OpenResult: Opened"
"12:22:48.8139896 PM","main.exe","24160","CreateFileMapping","D:\Work\FingerDraw\FingerDraw\windows-server\Application\gstvideo-1.0-0.dll","FILE LOCKED WITH ONLY READERS","SyncType: SyncTypeCreateSection, PageProtection: PAGE_EXECUTE|PAGE_NOCACHE"
"12:22:48.8141134 PM","main.exe","24160","CreateFile","C:\Windows\System32\dwmapi.dll","SUCCESS","Desired Access: Read Attributes, Disposition: Open, Options: Open Reparse Point, Attributes: n/a, ShareMode: Read, Write, Delete, AllocationSize: n/a, OpenResult: Opened"
"12:22:48.8141518 PM","main.exe","24160","CreateFile","C:\Windows\System32\d2d1.dll","SUCCESS","Desired Access: Read Attributes, Disposition: Open, Options: Open Reparse Point, Attributes: n/a, ShareMode: Read, Write, Delete, AllocationSize: n/a, OpenResult: Opened"
"12:22:48.8141642 PM","main.exe","24160","QueryBasicInformationFile","C:\Windows\System32\dwmapi.dll","SUCCESS","CreationTime: 3/11/2026 1:06:40 PM, LastAccessTime: 4/4/2026 12:22:43 PM, LastWriteTime: 3/11/2026 1:06:40 PM, ChangeTime: 3/12/2026 12:16:23 AM, FileAttributes: A"
"12:22:48.8141789 PM","main.exe","24160","CloseFile","C:\Windows\System32\dwmapi.dll","SUCCESS",""
"12:22:48.8141917 PM","main.exe","24160","QueryBasicInformationFile","C:\Windows\System32\d2d1.dll","SUCCESS","CreationTime: 3/11/2026 1:06:40 PM, LastAccessTime: 4/4/2026 12:22:43 PM, LastWriteTime: 3/11/2026 1:06:40 PM, ChangeTime: 3/12/2026 12:16:21 AM, FileAttributes: A"
"12:22:48.8142032 PM","main.exe","24160","CloseFile","C:\Windows\System32\d2d1.dll","SUCCESS",""
"12:22:48.8142559 PM","main.exe","24160","CreateFileMapping","D:\Work\FingerDraw\FingerDraw\windows-server\Application\gstvideo-1.0-0.dll","SUCCESS","SyncType: SyncTypeOther"
"12:22:48.8143664 PM","main.exe","24160","CreateFile","C:\Windows\System32\dwmapi.dll","SUCCESS","Desired Access: Read Data/List Directory, Execute/Traverse, Synchronize, Disposition: Open, Options: Synchronous IO Non-Alert, Non-Directory File, Attributes: n/a, ShareMode: Read, Delete, AllocationSize: n/a, OpenResult: Opened"
"12:22:48.8143754 PM","main.exe","24160","CloseFile","C:\Windows\System32\dxgi.dll","SUCCESS",""
"12:22:48.8143822 PM","main.exe","24160","CreateFile","C:\Windows\System32\d2d1.dll","SUCCESS","Desired Access: Read Data/List Directory, Execute/Traverse, Synchronize, Disposition: Open, Options: Synchronous IO Non-Alert, Non-Directory File, Attributes: n/a, ShareMode: Read, Delete, AllocationSize: n/a, OpenResult: Opened"
"12:22:48.8144220 PM","main.exe","24160","CreateFileMapping","C:\Windows\System32\dwmapi.dll","FILE LOCKED WITH ONLY READERS","SyncType: SyncTypeCreateSection, PageProtection: PAGE_EXECUTE|PAGE_NOCACHE"
"12:22:48.8144262 PM","main.exe","24160","CreateFileMapping","C:\Windows\System32\d2d1.dll","FILE LOCKED WITH ONLY READERS","SyncType: SyncTypeCreateSection, PageProtection: PAGE_EXECUTE|PAGE_NOCACHE"
"12:22:48.8144551 PM","main.exe","24160","CreateFileMapping","C:\Windows\System32\dwmapi.dll","SUCCESS","SyncType: SyncTypeOther"
"12:22:48.8145488 PM","main.exe","24160","Load Image","C:\Windows\System32\dwmapi.dll","SUCCESS","Image Base: 0x7fffa1920000, Image Size: 0x2e000"
"12:22:48.8145516 PM","main.exe","24160","Load Image","D:\Work\FingerDraw\FingerDraw\windows-server\Application\gstvideo-1.0-0.dll","SUCCESS","Image Base: 0x7fff6bc20000, Image Size: 0xe1000"
"12:22:48.8146817 PM","main.exe","24160","CloseFile","C:\Windows\System32\dwmapi.dll","SUCCESS",""
"12:22:48.8148875 PM","main.exe","24160","QueryOpen","D:\Work\FingerDraw\FingerDraw\windows-server\Application\gstvideo-1.0-0.dll","SUCCESS","CreationTime: 4/3/2026 9:27:14 PM, LastAccessTime: 4/4/2026 12:18:58 PM, LastWriteTime: 2/26/2026 8:58:34 PM, ChangeTime: 4/1/2026 11:31:18 PM, AllocationSize: 909,312, EndOfFile: 907,776, FileAttributes: A"
"12:22:48.8149800 PM","main.exe","24160","CreateFileMapping","C:\Windows\System32\d2d1.dll","SUCCESS","SyncType: SyncTypeOther"
"12:22:48.8150009 PM","main.exe","24160","QueryOpen","D:\Work\FingerDraw\FingerDraw\windows-server\Application\d3d11.dll","NAME NOT FOUND",""
"12:22:48.8151518 PM","main.exe","24160","CloseFile","D:\Work\FingerDraw\FingerDraw\windows-server\Application\gstvideo-1.0-0.dll","SUCCESS",""
"12:22:48.8151617 PM","main.exe","24160","QueryOpen","D:\Work\FingerDraw\FingerDraw\windows-server\Application\gstd3dshader-1.0-0.dll","SUCCESS","CreationTime: 4/4/2026 12:00:14 PM, LastAccessTime: 4/4/2026 12:22:48 PM, LastWriteTime: 2/26/2026 9:05:12 PM, ChangeTime: 4/1/2026 11:31:18 PM, AllocationSize: 3,887,104, EndOfFile: 3,885,056, FileAttributes: A"
"12:22:48.8152546 PM","main.exe","24160","CreateFile","C:\Windows\System32\d3d11.dll","SUCCESS","Desired Access: Read Attributes, Disposition: Open, Options: Open Reparse Point, Attributes: n/a, ShareMode: Read, Write, Delete, AllocationSize: n/a, OpenResult: Opened"
"12:22:48.8152705 PM","main.exe","24160","QueryOpen","D:\Work\FingerDraw\FingerDraw\windows-server\Application\dxgi.dll","NAME NOT FOUND",""
"12:22:48.8153010 PM","main.exe","24160","QueryBasicInformationFile","C:\Windows\System32\d3d11.dll","SUCCESS","CreationTime: 3/11/2026 1:06:40 PM, LastAccessTime: 4/4/2026 12:22:43 PM, LastWriteTime: 3/11/2026 1:06:41 PM, ChangeTime: 3/12/2026 12:16:20 AM, FileAttributes: A"
"12:22:48.8153141 PM","main.exe","24160","CloseFile","C:\Windows\System32\d3d11.dll","SUCCESS",""
"12:22:48.8154898 PM","main.exe","24160","CreateFile","C:\Windows\System32\d3d11.dll","SUCCESS","Desired Access: Read Data/List Directory, Execute/Traverse, Synchronize, Disposition: Open, Options: Synchronous IO Non-Alert, Non-Directory File, Attributes: n/a, ShareMode: Read, Delete, AllocationSize: n/a, OpenResult: Opened"
"12:22:48.8155473 PM","main.exe","24160","CreateFileMapping","C:\Windows\System32\d3d11.dll","FILE LOCKED WITH ONLY READERS","SyncType: SyncTypeCreateSection, PageProtection: PAGE_EXECUTE|PAGE_NOCACHE"
"12:22:48.8155582 PM","main.exe","24160","CreateFile","C:\Windows\System32\dxgi.dll","SUCCESS","Desired Access: Read Attributes, Disposition: Open, Options: Open Reparse Point, Attributes: n/a, ShareMode: Read, Write, Delete, AllocationSize: n/a, OpenResult: Opened"
"12:22:48.8155787 PM","main.exe","24160","CreateFileMapping","C:\Windows\System32\d3d11.dll","SUCCESS","SyncType: SyncTypeOther"
"12:22:48.8155908 PM","main.exe","24160","QueryBasicInformationFile","C:\Windows\System32\dxgi.dll","SUCCESS","CreationTime: 3/11/2026 1:06:41 PM, LastAccessTime: 4/4/2026 12:22:48 PM, LastWriteTime: 3/11/2026 1:06:41 PM, ChangeTime: 3/12/2026 12:16:17 AM, FileAttributes: A"
"12:22:48.8156036 PM","main.exe","24160","CloseFile","C:\Windows\System32\dxgi.dll","SUCCESS",""
"12:22:48.8156420 PM","main.exe","24160","Load Image","C:\Windows\System32\d2d1.dll","SUCCESS","Image Base: 0x7fffa1ee0000, Image Size: 0x63a000"
"12:22:48.8157024 PM","main.exe","24160","Load Image","C:\Windows\System32\d3d11.dll","SUCCESS","Image Base: 0x7fffa2ce0000, Image Size: 0x263000"
"12:22:48.8158530 PM","main.exe","24160","CloseFile","C:\Windows\System32\d2d1.dll","SUCCESS",""
"12:22:48.8158846 PM","main.exe","24160","CloseFile","C:\Windows\System32\d3d11.dll","SUCCESS",""
"12:22:48.8161168 PM","main.exe","24160","QueryOpen","D:\Work\FingerDraw\FingerDraw\windows-server\Application\gstvideo-1.0-0.dll","SUCCESS","CreationTime: 4/3/2026 9:27:14 PM, LastAccessTime: 4/4/2026 12:22:48 PM, LastWriteTime: 2/26/2026 8:58:34 PM, ChangeTime: 4/1/2026 11:31:18 PM, AllocationSize: 909,312, EndOfFile: 907,776, FileAttributes: A"
"12:22:48.8164964 PM","main.exe","24160","QueryOpen","D:\Work\FingerDraw\FingerDraw\windows-server\Application\gstcodecparsers-1.0-0.dll","NAME NOT FOUND",""
"12:22:48.8165344 PM","main.exe","24160","QueryOpen","D:\Work\FingerDraw\FingerDraw\windows-server\Application\gstvideo-1.0-0.dll","SUCCESS","CreationTime: 4/3/2026 9:27:14 PM, LastAccessTime: 4/4/2026 12:22:48 PM, LastWriteTime: 2/26/2026 8:58:34 PM, ChangeTime: 4/1/2026 11:31:18 PM, AllocationSize: 909,312, EndOfFile: 907,776, FileAttributes: A"
"12:22:48.8166625 PM","main.exe","24160","CreateFile","C:\Windows\System32\gstcodecparsers-1.0-0.dll","NAME NOT FOUND","Desired Access: Read Attributes, Disposition: Open, Options: Open Reparse Point, Attributes: n/a, ShareMode: Read, Write, Delete, AllocationSize: n/a"
"12:22:48.8169129 PM","main.exe","24160","CreateFile","C:\Windows\System\gstcodecparsers-1.0-0.dll","NAME NOT FOUND","Desired Access: Read Attributes, Disposition: Open, Options: Open Reparse Point, Attributes: n/a, ShareMode: Read, Write, Delete, AllocationSize: n/a"
"12:22:48.8170911 PM","main.exe","24160","CreateFile","C:\Windows\gstcodecparsers-1.0-0.dll","NAME NOT FOUND","Desired Access: Read Attributes, Disposition: Open, Options: Open Reparse Point, Attributes: n/a, ShareMode: Read, Write, Delete, AllocationSize: n/a"
"12:22:48.8174180 PM","main.exe","24160","CreateFile","C:\Windows\System32\powrprof.dll","SUCCESS","Desired Access: Read Attributes, Disposition: Open, Options: Open Reparse Point, Attributes: n/a, ShareMode: Read, Write, Delete, AllocationSize: n/a, OpenResult: Opened"
"12:22:48.8174926 PM","main.exe","24160","QueryBasicInformationFile","C:\Windows\System32\powrprof.dll","SUCCESS","CreationTime: 11/5/2025 11:25:14 PM, LastAccessTime: 4/4/2026 12:22:43 PM, LastWriteTime: 11/5/2025 11:25:14 PM, ChangeTime: 3/11/2026 4:53:45 PM, FileAttributes: A"
"12:22:48.8175168 PM","main.exe","24160","CloseFile","C:\Windows\System32\powrprof.dll","SUCCESS",""
"12:22:48.8175593 PM","main.exe","24160","QueryOpen","D:\Work\FingerDraw\FingerDraw\windows-server\Application\gstcodecparsers-1.0-0.dll","NAME NOT FOUND",""
"12:22:48.8176093 PM","main.exe","24160","QueryOpen","D:\Work\FingerDraw\FingerDraw\windows-server\Application\gstcodecs-1.0-0.dll","SUCCESS","CreationTime: 4/4/2026 12:00:14 PM, LastAccessTime: 4/4/2026 12:22:48 PM, LastWriteTime: 2/26/2026 9:04:32 PM, ChangeTime: 4/1/2026 11:31:18 PM, AllocationSize: 258,048, EndOfFile: 254,464, FileAttributes: A"
"12:22:48.8177033 PM","main.exe","24160","CreateFile","C:\Windows\System32\powrprof.dll","SUCCESS","Desired Access: Read Data/List Directory, Execute/Traverse, Synchronize, Disposition: Open, Options: Synchronous IO Non-Alert, Non-Directory File, Attributes: n/a, ShareMode: Read, Delete, AllocationSize: n/a, OpenResult: Opened"
"12:22:48.8177178 PM","main.exe","24160","CreateFile","C:\Program Files\Python39\Scripts\gstcodecparsers-1.0-0.dll","NAME NOT FOUND","Desired Access: Read Attributes, Disposition: Open, Options: Open Reparse Point, Attributes: n/a, ShareMode: Read, Write, Delete, AllocationSize: n/a"
"12:22:48.8177879 PM","main.exe","24160","CreateFileMapping","C:\Windows\System32\powrprof.dll","FILE LOCKED WITH ONLY READERS","SyncType: SyncTypeCreateSection, PageProtection: PAGE_EXECUTE|PAGE_NOCACHE"
"12:22:48.8178379 PM","main.exe","24160","CreateFileMapping","C:\Windows\System32\powrprof.dll","SUCCESS","SyncType: SyncTypeOther"
"12:22:48.8178854 PM","main.exe","24160","CreateFile","C:\Program Files\Python39\gstcodecparsers-1.0-0.dll","NAME NOT FOUND","Desired Access: Read Attributes, Disposition: Open, Options: Open Reparse Point, Attributes: n/a, ShareMode: Read, Write, Delete, AllocationSize: n/a"
"12:22:48.8180288 PM","main.exe","24160","Load Image","C:\Windows\System32\powrprof.dll","SUCCESS","Image Base: 0x7fffa3b00000, Image Size: 0x5e000"
"12:22:48.8181420 PM","main.exe","24160","CloseFile","C:\Windows\System32\powrprof.dll","SUCCESS",""
"12:22:48.8201024 PM","main.exe","24160","CreateFile","C:\Program Files\Common Files\Oracle\Java\javapath_target_16444718\gstcodecparsers-1.0-0.dll","REPARSE","Desired Access: Read Attributes, Disposition: Open, Options: Open Reparse Point, Attributes: n/a, ShareMode: Read, Write, Delete, AllocationSize: n/a, OpenResult: <unknown>"
"12:22:48.8202314 PM","main.exe","24160","CreateFile","C:\Program Files\Common Files\Oracle\Java\javapath_target_16444718\gstcodecparsers-1.0-0.dll","NAME NOT FOUND","Desired Access: Read Attributes, Disposition: Open, Options: Open Reparse Point, Attributes: n/a, ShareMode: Read, Write, Delete, AllocationSize: n/a"
"12:22:48.8203960 PM","main.exe","24160","CreateFile","C:\Windows\System32\gstcodecparsers-1.0-0.dll","NAME NOT FOUND","Desired Access: Read Attributes, Disposition: Open, Options: Open Reparse Point, Attributes: n/a, ShareMode: Read, Write, Delete, AllocationSize: n/a"
"12:22:48.8205342 PM","main.exe","24160","CreateFile","C:\Windows\gstcodecparsers-1.0-0.dll","NAME NOT FOUND","Desired Access: Read Attributes, Disposition: Open, Options: Open Reparse Point, Attributes: n/a, ShareMode: Read, Write, Delete, AllocationSize: n/a"
"12:22:48.8206642 PM","main.exe","24160","CreateFile","C:\Windows\System32\wbem\gstcodecparsers-1.0-0.dll","NAME NOT FOUND","Desired Access: Read Attributes, Disposition: Open, Options: Open Reparse Point, Attributes: n/a, ShareMode: Read, Write, Delete, AllocationSize: n/a"
"12:22:48.8207926 PM","main.exe","24160","CreateFile","C:\Windows\System32\WindowsPowerShell\v1.0\gstcodecparsers-1.0-0.dll","NAME NOT FOUND","Desired Access: Read Attributes, Disposition: Open, Options: Open Reparse Point, Attributes: n/a, ShareMode: Read, Write, Delete, AllocationSize: n/a"
"12:22:48.8209187 PM","main.exe","24160","CreateFile","C:\Windows\System32\OpenSSH\gstcodecparsers-1.0-0.dll","NAME NOT FOUND","Desired Access: Read Attributes, Disposition: Open, Options: Open Reparse Point, Attributes: n/a, ShareMode: Read, Write, Delete, AllocationSize: n/a"
"12:22:48.8211590 PM","main.exe","24160","CreateFile","C:\Program Files (x86)\NVIDIA Corporation\PhysX\Common\gstcodecparsers-1.0-0.dll","NAME NOT FOUND","Desired Access: Read Attributes, Disposition: Open, Options: Open Reparse Point, Attributes: n/a, ShareMode: Read, Write, Delete, AllocationSize: n/a"
"12:22:48.8212093 PM","main.exe","24160","QueryOpen","D:\Work\FingerDraw\FingerDraw\windows-server\Application\orc-0.4-0.dll","SUCCESS","CreationTime: 4/3/2026 9:27:15 PM, LastAccessTime: 4/4/2026 12:18:58 PM, LastWriteTime: 2/26/2026 8:51:02 PM, ChangeTime: 4/1/2026 11:31:28 PM, AllocationSize: 495,616, EndOfFile: 492,544, FileAttributes: A"
"12:22:48.8212867 PM","main.exe","24160","CreateFile","C:\Program Files\playit_gg\bin\gstcodecparsers-1.0-0.dll","NAME NOT FOUND","Desired Access: Read Attributes, Disposition: Open, Options: Open Reparse Point, Attributes: n/a, ShareMode: Read, Write, Delete, AllocationSize: n/a"
"12:22:48.8213300 PM","main.exe","24160","CreateFile","D:\Work\FingerDraw\FingerDraw\windows-server\Application\orc-0.4-0.dll","SUCCESS","Desired Access: Read Data/List Directory, Execute/Traverse, Synchronize, Disposition: Open, Options: Synchronous IO Non-Alert, Non-Directory File, Attributes: n/a, ShareMode: Read, Delete, AllocationSize: n/a, OpenResult: Opened"
"12:22:48.8213996 PM","main.exe","24160","CreateFileMapping","D:\Work\FingerDraw\FingerDraw\windows-server\Application\orc-0.4-0.dll","FILE LOCKED WITH ONLY READERS","SyncType: SyncTypeCreateSection, PageProtection: PAGE_EXECUTE|PAGE_NOCACHE"
"12:22:48.8214116 PM","main.exe","24160","CreateFile","C:\Program Files\dotnet\gstcodecparsers-1.0-0.dll","NAME NOT FOUND","Desired Access: Read Attributes, Disposition: Open, Options: Open Reparse Point, Attributes: n/a, ShareMode: Read, Write, Delete, AllocationSize: n/a"
"12:22:48.8214923 PM","main.exe","24160","CreateFileMapping","D:\Work\FingerDraw\FingerDraw\windows-server\Application\orc-0.4-0.dll","SUCCESS","SyncType: SyncTypeOther"
"12:22:48.8215377 PM","main.exe","24160","CreateFile","C:\Program Files\Cloudflare\Cloudflare WARP\gstcodecparsers-1.0-0.dll","NAME NOT FOUND","Desired Access: Read Attributes, Disposition: Open, Options: Open Reparse Point, Attributes: n/a, ShareMode: Read, Write, Delete, AllocationSize: n/a"
"12:22:48.8215844 PM","main.exe","24160","Load Image","D:\Work\FingerDraw\FingerDraw\windows-server\Application\orc-0.4-0.dll","SUCCESS","Image Base: 0x7fff7c290000, Image Size: 0x7d000"
"12:22:48.8216629 PM","main.exe","24160","CloseFile","D:\Work\FingerDraw\FingerDraw\windows-server\Application\orc-0.4-0.dll","SUCCESS",""
"12:22:48.8216641 PM","main.exe","24160","CreateFile","C:\Program Files\Git\cmd\gstcodecparsers-1.0-0.dll","NAME NOT FOUND","Desired Access: Read Attributes, Disposition: Open, Options: Open Reparse Point, Attributes: n/a, ShareMode: Read, Write, Delete, AllocationSize: n/a"
"12:22:48.8218242 PM","main.exe","24160","CreateFile","C:\Program Files (x86)\Windows Kits\10\Windows Performance Toolkit\gstcodecparsers-1.0-0.dll","NAME NOT FOUND","Desired Access: Read Attributes, Disposition: Open, Options: Open Reparse Point, Attributes: n/a, ShareMode: Read, Write, Delete, AllocationSize: n/a"
"12:22:48.8219004 PM","main.exe","24160","QueryOpen","D:\Work\FingerDraw\FingerDraw\windows-server\Application\gstbase-1.0-0.dll","SUCCESS","CreationTime: 4/3/2026 9:27:14 PM, LastAccessTime: 4/4/2026 12:22:48 PM, LastWriteTime: 2/26/2026 8:53:40 PM, ChangeTime: 4/1/2026 11:31:18 PM, AllocationSize: 520,192, EndOfFile: 519,680, FileAttributes: A"
"12:22:48.8219220 PM","main.exe","24160","CreateFile","C:\Users\patel\AppData\Local\Programs\Python\Python313\Scripts\gstcodecparsers-1.0-0.dll","PATH NOT FOUND","Desired Access: Read Attributes, Disposition: Open, Options: Open Reparse Point, Attributes: n/a, ShareMode: Read, Write, Delete, AllocationSize: n/a"
"12:22:48.8220063 PM","main.exe","24160","CreateFile","C:\Users\patel\AppData\Local\Programs\Python\Python313\gstcodecparsers-1.0-0.dll","PATH NOT FOUND","Desired Access: Read Attributes, Disposition: Open, Options: Open Reparse Point, Attributes: n/a, ShareMode: Read, Write, Delete, AllocationSize: n/a"
"12:22:48.8221802 PM","main.exe","24160","CreateFile","C:\Users\patel\AppData\Local\Microsoft\WindowsApps\gstcodecparsers-1.0-0.dll","NAME NOT FOUND","Desired Access: Read Attributes, Disposition: Open, Options: Open Reparse Point, Attributes: n/a, ShareMode: Read, Write, Delete, AllocationSize: n/a"
"12:22:48.8223030 PM","main.exe","24160","CreateFile","C:\Users\patel\AppData\Local\Microsoft\WinGet\Links\gstcodecparsers-1.0-0.dll","NAME NOT FOUND","Desired Access: Read Attributes, Disposition: Open, Options: Open Reparse Point, Attributes: n/a, ShareMode: Read, Write, Delete, AllocationSize: n/a"
"12:22:48.8224308 PM","main.exe","24160","CreateFile","C:\Users\patel\AppData\Local\Microsoft\WinGet\Packages\yt-dlp.FFmpeg_Microsoft.Winget.Source_8wekyb3d8bbwe\ffmpeg-N-123074-g4e32fb4c2a-win64-gpl\bin\gstcodecparsers-1.0-0.dll","NAME NOT FOUND","Desired Access: Read Attributes, Disposition: Open, Options: Open Reparse Point, Attributes: n/a, ShareMode: Read, Write, Delete, AllocationSize: n/a"
"12:22:48.8225055 PM","main.exe","24160","QueryOpen","D:\Progams\Microsoft VS Code\bin\gstcodecparsers-1.0-0.dll","NAME NOT FOUND",""
"12:22:48.8226882 PM","main.exe","24160","CreateFile","C:\Program Files\gstreamer\1.0\msvc_x86_64\bin\gstcodecparsers-1.0-0.dll","SUCCESS","Desired Access: Read Attributes, Disposition: Open, Options: Open Reparse Point, Attributes: n/a, ShareMode: Read, Write, Delete, AllocationSize: n/a, OpenResult: Opened"
"12:22:48.8227184 PM","main.exe","24160","QueryBasicInformationFile","C:\Program Files\gstreamer\1.0\msvc_x86_64\bin\gstcodecparsers-1.0-0.dll","SUCCESS","CreationTime: 4/1/2026 11:31:18 PM, LastAccessTime: 4/4/2026 12:18:58 PM, LastWriteTime: 2/26/2026 9:04:30 PM, ChangeTime: 4/1/2026 11:31:18 PM, FileAttributes: A"
"12:22:48.8227276 PM","main.exe","24160","CloseFile","C:\Program Files\gstreamer\1.0\msvc_x86_64\bin\gstcodecparsers-1.0-0.dll","SUCCESS",""
"12:22:48.8228168 PM","main.exe","24160","CreateFile","C:\Program Files\gstreamer\1.0\msvc_x86_64\bin\gstcodecparsers-1.0-0.dll","SUCCESS","Desired Access: Read Data/List Directory, Execute/Traverse, Synchronize, Disposition: Open, Options: Synchronous IO Non-Alert, Non-Directory File, Attributes: n/a, ShareMode: Read, Delete, AllocationSize: n/a, OpenResult: Opened"
"12:22:48.8228459 PM","main.exe","24160","CreateFileMapping","C:\Program Files\gstreamer\1.0\msvc_x86_64\bin\gstcodecparsers-1.0-0.dll","FILE LOCKED WITH ONLY READERS","SyncType: SyncTypeCreateSection, PageProtection: PAGE_EXECUTE|PAGE_NOCACHE"
"12:22:48.8228960 PM","main.exe","24160","CreateFileMapping","C:\Program Files\gstreamer\1.0\msvc_x86_64\bin\gstcodecparsers-1.0-0.dll","SUCCESS","SyncType: SyncTypeOther"
"12:22:48.8229634 PM","main.exe","24160","Load Image","C:\Program Files\gstreamer\1.0\msvc_x86_64\bin\gstcodecparsers-1.0-0.dll","SUCCESS","Image Base: 0x7fff68650000, Image Size: 0xf2000"
"12:22:48.8230215 PM","main.exe","24160","CloseFile","C:\Program Files\gstreamer\1.0\msvc_x86_64\bin\gstcodecparsers-1.0-0.dll","SUCCESS",""
"12:22:48.8250651 PM","main.exe","24160","QueryOpen","D:\Work\FingerDraw\FingerDraw\windows-server\Application\UMPDC.dll","NAME NOT FOUND",""
"12:22:48.8254654 PM","main.exe","24160","CreateFile","C:\Windows\System32\umpdc.dll","SUCCESS","Desired Access: Read Attributes, Disposition: Open, Options: Open Reparse Point, Attributes: n/a, ShareMode: Read, Write, Delete, AllocationSize: n/a, OpenResult: Opened"
"12:22:48.8255190 PM","main.exe","24160","QueryBasicInformationFile","C:\Windows\System32\umpdc.dll","SUCCESS","CreationTime: 11/7/2025 7:21:22 PM, LastAccessTime: 4/4/2026 12:22:43 PM, LastWriteTime: 11/7/2025 7:21:22 PM, ChangeTime: 3/11/2026 4:53:45 PM, FileAttributes: A"
"12:22:48.8255371 PM","main.exe","24160","CloseFile","C:\Windows\System32\umpdc.dll","SUCCESS",""
"12:22:48.8256475 PM","main.exe","24160","CreateFile","C:\Windows\System32\umpdc.dll","SUCCESS","Desired Access: Read Data/List Directory, Execute/Traverse, Synchronize, Disposition: Open, Options: Synchronous IO Non-Alert, Non-Directory File, Attributes: n/a, ShareMode: Read, Delete, AllocationSize: n/a, OpenResult: Opened"
"12:22:48.8256963 PM","main.exe","24160","CreateFileMapping","C:\Windows\System32\umpdc.dll","FILE LOCKED WITH ONLY READERS","SyncType: SyncTypeCreateSection, PageProtection: PAGE_EXECUTE|PAGE_NOCACHE"
"12:22:48.8257286 PM","main.exe","24160","CreateFileMapping","C:\Windows\System32\umpdc.dll","SUCCESS","SyncType: SyncTypeOther"
"12:22:48.8258368 PM","main.exe","24160","Load Image","C:\Windows\System32\umpdc.dll","SUCCESS","Image Base: 0x7fffa3ae0000, Image Size: 0x14000"
"12:22:48.8259559 PM","main.exe","24160","CloseFile","C:\Windows\System32\umpdc.dll","SUCCESS",""
"12:22:48.8270636 PM","main.exe","24160","QueryNameInformationFile","C:\Windows\System32\dwmapi.dll","SUCCESS","Name: \Windows\System32\dwmapi.dll"
"12:22:48.8274525 PM","main.exe","24160","QueryOpen","D:\Work\FingerDraw\FingerDraw\windows-server\Application\d3dcompiler_47.dll","NAME NOT FOUND",""
"12:22:48.8276956 PM","main.exe","24160","QueryOpen","D:\Work\FingerDraw\FingerDraw\windows-server\Application\d3dcompiler_47.dll","NAME NOT FOUND",""
"12:22:48.8280820 PM","main.exe","24160","CreateFile","C:\Windows\System32\D3DCompiler_47.dll","SUCCESS","Desired Access: Read Attributes, Disposition: Open, Options: Open Reparse Point, Attributes: n/a, ShareMode: Read, Write, Delete, AllocationSize: n/a, OpenResult: Opened"
"12:22:48.8281162 PM","main.exe","24160","QueryBasicInformationFile","C:\Windows\System32\D3DCompiler_47.dll","SUCCESS","CreationTime: 3/11/2026 1:06:40 PM, LastAccessTime: 4/4/2026 12:21:49 PM, LastWriteTime: 3/11/2026 1:06:41 PM, ChangeTime: 3/12/2026 12:16:21 AM, FileAttributes: A"
"12:22:48.8281400 PM","main.exe","24160","CloseFile","C:\Windows\System32\D3DCompiler_47.dll","SUCCESS",""
"12:22:48.8283273 PM","main.exe","24160","CreateFile","C:\Windows\System32\D3DCompiler_47.dll","SUCCESS","Desired Access: Read Data/List Directory, Execute/Traverse, Synchronize, Disposition: Open, Options: Synchronous IO Non-Alert, Non-Directory File, Attributes: n/a, ShareMode: Read, Delete, AllocationSize: n/a, OpenResult: Opened"
"12:22:48.8283791 PM","main.exe","24160","CreateFileMapping","C:\Windows\System32\D3DCompiler_47.dll","FILE LOCKED WITH ONLY READERS","SyncType: SyncTypeCreateSection, PageProtection: PAGE_EXECUTE|PAGE_NOCACHE"
"12:22:48.8284109 PM","main.exe","24160","CreateFileMapping","C:\Windows\System32\D3DCompiler_47.dll","SUCCESS","SyncType: SyncTypeOther"
"12:22:48.8285317 PM","main.exe","24160","Load Image","C:\Windows\System32\D3DCompiler_47.dll","SUCCESS","Image Base: 0x7fffa0820000, Image Size: 0x47f000"
"12:22:48.8286599 PM","main.exe","24160","CloseFile","C:\Windows\System32\D3DCompiler_47.dll","SUCCESS",""
"12:22:48.8289591 PM","main.exe","24160","CreateFile","C:\Windows\System32\cryptsp.dll","SUCCESS","Desired Access: Read Attributes, Disposition: Open, Options: Open Reparse Point, Attributes: n/a, ShareMode: Read, Write, Delete, AllocationSize: n/a, OpenResult: Opened"
"12:22:48.8290070 PM","main.exe","24160","QueryBasicInformationFile","C:\Windows\System32\cryptsp.dll","SUCCESS","CreationTime: 2/11/2026 1:38:50 AM, LastAccessTime: 4/4/2026 12:22:44 PM, LastWriteTime: 2/11/2026 1:38:50 AM, ChangeTime: 3/11/2026 4:53:45 PM, FileAttributes: A"
"12:22:48.8290213 PM","main.exe","24160","CloseFile","C:\Windows\System32\cryptsp.dll","SUCCESS",""
"12:22:48.8291375 PM","main.exe","24160","CreateFile","C:\Windows\System32\cryptsp.dll","SUCCESS","Desired Access: Read Data/List Directory, Execute/Traverse, Synchronize, Disposition: Open, Options: Synchronous IO Non-Alert, Non-Directory File, Attributes: n/a, ShareMode: Read, Delete, AllocationSize: n/a, OpenResult: Opened"
"12:22:48.8291864 PM","main.exe","24160","CreateFileMapping","C:\Windows\System32\cryptsp.dll","FILE LOCKED WITH ONLY READERS","SyncType: SyncTypeCreateSection, PageProtection: PAGE_EXECUTE|PAGE_NOCACHE"
"12:22:48.8292156 PM","main.exe","24160","CreateFileMapping","C:\Windows\System32\cryptsp.dll","SUCCESS","SyncType: SyncTypeOther"
"12:22:48.8293115 PM","main.exe","24160","Load Image","C:\Windows\System32\cryptsp.dll","SUCCESS","Image Base: 0x7fffa4600000, Image Size: 0x1b000"
"12:22:48.8294093 PM","main.exe","24160","CloseFile","C:\Windows\System32\cryptsp.dll","SUCCESS",""
"12:22:48.8319032 PM","main.exe","24160","CreateFile","C:\Windows\System32\DXCore.dll","SUCCESS","Desired Access: Read Attributes, Disposition: Open, Options: Open Reparse Point, Attributes: n/a, ShareMode: Read, Write, Delete, AllocationSize: n/a, OpenResult: Opened"
"12:22:48.8319539 PM","main.exe","24160","QueryBasicInformationFile","C:\Windows\System32\DXCore.dll","SUCCESS","CreationTime: 3/11/2026 1:06:37 PM, LastAccessTime: 4/4/2026 12:22:43 PM, LastWriteTime: 3/11/2026 1:06:37 PM, ChangeTime: 3/12/2026 12:16:22 AM, FileAttributes: A"
"12:22:48.8319694 PM","main.exe","24160","CloseFile","C:\Windows\System32\DXCore.dll","SUCCESS",""
"12:22:48.8320878 PM","main.exe","24160","CreateFile","C:\Windows\System32\DXCore.dll","SUCCESS","Desired Access: Read Data/List Directory, Execute/Traverse, Synchronize, Disposition: Open, Options: Synchronous IO Non-Alert, Non-Directory File, Attributes: n/a, ShareMode: Read, Delete, AllocationSize: n/a, OpenResult: Opened"
"12:22:48.8322054 PM","main.exe","24160","CreateFileMapping","C:\Windows\System32\DXCore.dll","FILE LOCKED WITH ONLY READERS","SyncType: SyncTypeCreateSection, PageProtection: PAGE_EXECUTE|PAGE_NOCACHE"
"12:22:48.8323026 PM","main.exe","24160","CreateFileMapping","C:\Windows\System32\DXCore.dll","SUCCESS","SyncType: SyncTypeOther"
"12:22:48.8325279 PM","main.exe","24160","Load Image","C:\Windows\System32\DXCore.dll","SUCCESS","Image Base: 0x7fffa1e90000, Image Size: 0x43000"
"12:22:48.8326889 PM","main.exe","24160","CloseFile","C:\Windows\System32\DXCore.dll","SUCCESS",""
"12:22:48.8334106 PM","main.exe","24160","CreateFile","C:\Windows\System32\ResourcePolicyClient.dll","SUCCESS","Desired Access: Read Attributes, Disposition: Open, Options: Open Reparse Point, Attributes: n/a, ShareMode: Read, Write, Delete, AllocationSize: n/a, OpenResult: Opened"
"12:22:48.8334456 PM","main.exe","24160","QueryBasicInformationFile","C:\Windows\System32\ResourcePolicyClient.dll","SUCCESS","CreationTime: 12/13/2025 12:36:51 AM, LastAccessTime: 4/4/2026 12:22:44 PM, LastWriteTime: 12/13/2025 12:36:51 AM, ChangeTime: 3/11/2026 4:53:43 PM, FileAttributes: A"
"12:22:48.8334600 PM","main.exe","24160","CloseFile","C:\Windows\System32\ResourcePolicyClient.dll","SUCCESS",""
"12:22:48.8336487 PM","main.exe","24160","CreateFile","C:\Windows\System32\ResourcePolicyClient.dll","SUCCESS","Desired Access: Read Data/List Directory, Execute/Traverse, Synchronize, Disposition: Open, Options: Synchronous IO Non-Alert, Non-Directory File, Attributes: n/a, ShareMode: Read, Delete, AllocationSize: n/a, OpenResult: Opened"
"12:22:48.8336992 PM","main.exe","24160","CreateFileMapping","C:\Windows\System32\ResourcePolicyClient.dll","FILE LOCKED WITH ONLY READERS","SyncType: SyncTypeCreateSection, PageProtection: PAGE_EXECUTE|PAGE_NOCACHE"
"12:22:48.8337276 PM","main.exe","24160","CreateFileMapping","C:\Windows\System32\ResourcePolicyClient.dll","SUCCESS","SyncType: SyncTypeOther"
"12:22:48.8338299 PM","main.exe","24160","Load Image","C:\Windows\System32\ResourcePolicyClient.dll","SUCCESS","Image Base: 0x7fffa2850000, Image Size: 0x14000"
"12:22:48.8340470 PM","main.exe","24160","CloseFile","C:\Windows\System32\ResourcePolicyClient.dll","SUCCESS",""
"12:22:48.8377509 PM","main.exe","24160","CreateFile","C:\Windows\System32\directxdatabasehelper.dll","SUCCESS","Desired Access: Read Attributes, Disposition: Open, Options: Open Reparse Point, Attributes: n/a, ShareMode: Read, Write, Delete, AllocationSize: n/a, OpenResult: Opened"
"12:22:48.8377949 PM","main.exe","24160","QueryBasicInformationFile","C:\Windows\System32\directxdatabasehelper.dll","SUCCESS","CreationTime: 3/11/2026 1:06:37 PM, LastAccessTime: 4/4/2026 12:22:44 PM, LastWriteTime: 3/11/2026 1:06:37 PM, ChangeTime: 3/12/2026 12:16:23 AM, FileAttributes: A"
"12:22:48.8378134 PM","main.exe","24160","CloseFile","C:\Windows\System32\directxdatabasehelper.dll","SUCCESS",""
"12:22:48.8379781 PM","main.exe","24160","CreateFile","C:\Windows\System32\directxdatabasehelper.dll","SUCCESS","Desired Access: Read Data/List Directory, Execute/Traverse, Synchronize, Disposition: Open, Options: Synchronous IO Non-Alert, Non-Directory File, Attributes: n/a, ShareMode: Read, Delete, AllocationSize: n/a, OpenResult: Opened"
"12:22:48.8380347 PM","main.exe","24160","CreateFileMapping","C:\Windows\System32\directxdatabasehelper.dll","FILE LOCKED WITH ONLY READERS","SyncType: SyncTypeCreateSection, PageProtection: PAGE_EXECUTE|PAGE_NOCACHE"
"12:22:48.8380696 PM","main.exe","24160","CreateFileMapping","C:\Windows\System32\directxdatabasehelper.dll","SUCCESS","SyncType: SyncTypeOther"
"12:22:48.8381941 PM","main.exe","24160","Load Image","C:\Windows\System32\directxdatabasehelper.dll","SUCCESS","Image Base: 0x7fff9d340000, Image Size: 0x60000"
"12:22:48.8383224 PM","main.exe","24160","CloseFile","C:\Windows\System32\directxdatabasehelper.dll","SUCCESS",""
"12:22:48.8388663 PM","main.exe","24160","CreateFile","C:\Windows\System32\kernel.appcore.dll","SUCCESS","Desired Access: Read Attributes, Disposition: Open, Options: Open Reparse Point, Attributes: n/a, ShareMode: Read, Write, Delete, AllocationSize: n/a, OpenResult: Opened"
"12:22:48.8389020 PM","main.exe","24160","QueryBasicInformationFile","C:\Windows\System32\kernel.appcore.dll","SUCCESS","CreationTime: 3/11/2026 1:06:42 PM, LastAccessTime: 4/4/2026 12:22:43 PM, LastWriteTime: 3/11/2026 1:06:42 PM, ChangeTime: 3/12/2026 12:16:20 AM, FileAttributes: A"
"12:22:48.8389170 PM","main.exe","24160","CloseFile","C:\Windows\System32\kernel.appcore.dll","SUCCESS",""
"12:22:48.8391771 PM","main.exe","24160","CreateFile","C:\Windows\System32\kernel.appcore.dll","SUCCESS","Desired Access: Read Data/List Directory, Execute/Traverse, Synchronize, Disposition: Open, Options: Synchronous IO Non-Alert, Non-Directory File, Attributes: n/a, ShareMode: Read, Delete, AllocationSize: n/a, OpenResult: Opened"
"12:22:48.8394188 PM","main.exe","24160","CreateFileMapping","C:\Windows\System32\kernel.appcore.dll","FILE LOCKED WITH ONLY READERS","SyncType: SyncTypeCreateSection, PageProtection: PAGE_EXECUTE|PAGE_NOCACHE"
"12:22:48.8394500 PM","main.exe","24160","CreateFileMapping","C:\Windows\System32\kernel.appcore.dll","SUCCESS","SyncType: SyncTypeOther"
"12:22:48.8395553 PM","main.exe","24160","Load Image","C:\Windows\System32\kernel.appcore.dll","SUCCESS","Image Base: 0x7fffa3db0000, Image Size: 0x1b000"
"12:22:48.8396666 PM","main.exe","24160","CloseFile","C:\Windows\System32\kernel.appcore.dll","SUCCESS",""
"12:22:48.8409339 PM","main.exe","24160","CreateFile","C:\Windows\System32\cfgmgr32.dll","SUCCESS","Desired Access: Read Attributes, Disposition: Open, Options: Open Reparse Point, Attributes: n/a, ShareMode: Read, Write, Delete, AllocationSize: n/a, OpenResult: Opened"
"12:22:48.8409880 PM","main.exe","24160","QueryBasicInformationFile","C:\Windows\System32\cfgmgr32.dll","SUCCESS","CreationTime: 12/13/2025 12:36:51 AM, LastAccessTime: 4/4/2026 12:22:44 PM, LastWriteTime: 12/13/2025 12:36:51 AM, ChangeTime: 3/11/2026 4:53:45 PM, FileAttributes: A"
"12:22:48.8410035 PM","main.exe","24160","CloseFile","C:\Windows\System32\cfgmgr32.dll","SUCCESS",""
"12:22:48.8411939 PM","main.exe","24160","CreateFile","C:\Windows\System32\cfgmgr32.dll","SUCCESS","Desired Access: Read Data/List Directory, Execute/Traverse, Synchronize, Disposition: Open, Options: Synchronous IO Non-Alert, Non-Directory File, Attributes: n/a, ShareMode: Read, Delete, AllocationSize: n/a, OpenResult: Opened"
"12:22:48.8412546 PM","main.exe","24160","CreateFileMapping","C:\Windows\System32\cfgmgr32.dll","FILE LOCKED WITH ONLY READERS","SyncType: SyncTypeCreateSection, PageProtection: PAGE_EXECUTE|PAGE_NOCACHE"
"12:22:48.8412896 PM","main.exe","24160","CreateFileMapping","C:\Windows\System32\cfgmgr32.dll","SUCCESS","SyncType: SyncTypeOther"
"12:22:48.8414260 PM","main.exe","24160","Load Image","C:\Windows\System32\cfgmgr32.dll","SUCCESS","Image Base: 0x7fffa4b90000, Image Size: 0x57000"
"12:22:48.8415524 PM","main.exe","24160","CloseFile","C:\Windows\System32\cfgmgr32.dll","SUCCESS",""
"12:22:48.8481392 PM","main.exe","24160","Load Image","C:\Windows\System32\bcryptprimitives.dll","SUCCESS","Image Base: 0x7fffa61c0000, Image Size: 0xa5000"
"12:22:48.8483528 PM","main.exe","24160","QueryNameInformationFile","C:\Windows\System32\bcryptprimitives.dll","SUCCESS","Name: \Windows\System32\bcryptprimitives.dll"
"12:22:48.8932024 PM","main.exe","24160","CreateFile","C:\Windows\System32\DriverStore\FileRepository\nvlti.inf_amd64_b3badde551342cd6\nvdlistx.dll","SUCCESS","Desired Access: Read Attributes, Disposition: Open, Options: Open Reparse Point, Attributes: n/a, ShareMode: Read, Write, Delete, AllocationSize: n/a, OpenResult: Opened"
"12:22:48.8932270 PM","main.exe","24160","QueryBasicInformationFile","C:\Windows\System32\DriverStore\FileRepository\nvlti.inf_amd64_b3badde551342cd6\nvdlistx.dll","SUCCESS","CreationTime: 1/28/2026 1:59:08 PM, LastAccessTime: 4/4/2026 12:22:44 PM, LastWriteTime: 1/22/2026 6:16:34 AM, ChangeTime: 2/22/2026 1:30:57 PM, FileAttributes: A"
"12:22:48.8932369 PM","main.exe","24160","CloseFile","C:\Windows\System32\DriverStore\FileRepository\nvlti.inf_amd64_b3badde551342cd6\nvdlistx.dll","SUCCESS",""
"12:22:48.8933100 PM","main.exe","24160","CreateFile","C:\Windows\System32\DriverStore\FileRepository\nvlti.inf_amd64_b3badde551342cd6\nvdlistx.dll","SUCCESS","Desired Access: Read Data/List Directory, Execute/Traverse, Synchronize, Disposition: Open, Options: Synchronous IO Non-Alert, Non-Directory File, Attributes: n/a, ShareMode: Read, Delete, AllocationSize: n/a, OpenResult: Opened"
"12:22:48.8933399 PM","main.exe","24160","CreateFileMapping","C:\Windows\System32\DriverStore\FileRepository\nvlti.inf_amd64_b3badde551342cd6\nvdlistx.dll","FILE LOCKED WITH ONLY READERS","SyncType: SyncTypeCreateSection, PageProtection: PAGE_EXECUTE|PAGE_NOCACHE"
"12:22:48.8934199 PM","main.exe","24160","CreateFileMapping","C:\Windows\System32\DriverStore\FileRepository\nvlti.inf_amd64_b3badde551342cd6\nvdlistx.dll","SUCCESS","SyncType: SyncTypeOther"
"12:22:48.8935135 PM","main.exe","24160","Load Image","C:\Windows\System32\DriverStore\FileRepository\nvlti.inf_amd64_b3badde551342cd6\nvdlistx.dll","SUCCESS","Image Base: 0x7fff789c0000, Image Size: 0x3a000"
"12:22:48.8935852 PM","main.exe","24160","CloseFile","C:\Windows\System32\DriverStore\FileRepository\nvlti.inf_amd64_b3badde551342cd6\nvdlistx.dll","SUCCESS",""
"12:22:48.8936765 PM","main.exe","24160","QueryOpen","D:\Work\FingerDraw\FingerDraw\windows-server\Application\VERSION.dll","NAME NOT FOUND",""
"12:22:48.8938278 PM","main.exe","24160","CreateFile","C:\Windows\System32\version.dll","SUCCESS","Desired Access: Read Attributes, Disposition: Open, Options: Open Reparse Point, Attributes: n/a, ShareMode: Read, Write, Delete, AllocationSize: n/a, OpenResult: Opened"
"12:22:48.8938608 PM","main.exe","24160","QueryBasicInformationFile","C:\Windows\System32\version.dll","SUCCESS","CreationTime: 9/6/2024 9:33:21 AM, LastAccessTime: 4/4/2026 12:22:43 PM, LastWriteTime: 9/6/2024 9:33:21 AM, ChangeTime: 3/11/2026 4:53:43 PM, FileAttributes: A"
"12:22:48.8938701 PM","main.exe","24160","CloseFile","C:\Windows\System32\version.dll","SUCCESS",""
"12:22:48.8939451 PM","main.exe","24160","CreateFile","C:\Windows\System32\version.dll","SUCCESS","Desired Access: Read Data/List Directory, Execute/Traverse, Synchronize, Disposition: Open, Options: Synchronous IO Non-Alert, Non-Directory File, Attributes: n/a, ShareMode: Read, Delete, AllocationSize: n/a, OpenResult: Opened"
"12:22:48.8939797 PM","main.exe","24160","CreateFileMapping","C:\Windows\System32\version.dll","FILE LOCKED WITH ONLY READERS","SyncType: SyncTypeCreateSection, PageProtection: PAGE_EXECUTE|PAGE_NOCACHE"
"12:22:48.8939965 PM","main.exe","24160","CreateFileMapping","C:\Windows\System32\version.dll","SUCCESS","SyncType: SyncTypeOther"
"12:22:48.8941107 PM","main.exe","24160","Load Image","C:\Windows\System32\version.dll","SUCCESS","Image Base: 0x7fff9d330000, Image Size: 0xb000"
"12:22:48.8943455 PM","main.exe","24160","CloseFile","C:\Windows\System32\version.dll","SUCCESS",""
"12:22:48.8952273 PM","main.exe","24160","CreateFile","D:\Work\FingerDraw\FingerDraw\windows-server\Application\user32.dll","NAME NOT FOUND","Desired Access: Generic Read, Disposition: Open, Options: , Attributes: n/a, ShareMode: Read, AllocationSize: n/a"
"12:22:48.8983951 PM","main.exe","24160","CreateFile","C:\Windows\System32\DriverStore\FileRepository\nvlti.inf_amd64_b3badde551342cd6\nvdlistx.dll","SUCCESS","Desired Access: Read Attributes, Disposition: Open, Options: Open Reparse Point, Attributes: n/a, ShareMode: Read, Write, Delete, AllocationSize: n/a, OpenResult: Opened"
"12:22:48.8984167 PM","main.exe","24160","QueryBasicInformationFile","C:\Windows\System32\DriverStore\FileRepository\nvlti.inf_amd64_b3badde551342cd6\nvdlistx.dll","SUCCESS","CreationTime: 1/28/2026 1:59:08 PM, LastAccessTime: 4/4/2026 12:22:48 PM, LastWriteTime: 1/22/2026 6:16:34 AM, ChangeTime: 2/22/2026 1:30:57 PM, FileAttributes: A"
"12:22:48.8984257 PM","main.exe","24160","CloseFile","C:\Windows\System32\DriverStore\FileRepository\nvlti.inf_amd64_b3badde551342cd6\nvdlistx.dll","SUCCESS",""
"12:22:48.8985024 PM","main.exe","24160","CreateFile","C:\Windows\System32\DriverStore\FileRepository\nvlti.inf_amd64_b3badde551342cd6\nvdlistx.dll","SUCCESS","Desired Access: Read Data/List Directory, Execute/Traverse, Synchronize, Disposition: Open, Options: Synchronous IO Non-Alert, Non-Directory File, Attributes: n/a, ShareMode: Read, Delete, AllocationSize: n/a, OpenResult: Opened"
"12:22:48.8985304 PM","main.exe","24160","CreateFileMapping","C:\Windows\System32\DriverStore\FileRepository\nvlti.inf_amd64_b3badde551342cd6\nvdlistx.dll","FILE LOCKED WITH ONLY READERS","SyncType: SyncTypeCreateSection, PageProtection: PAGE_EXECUTE|PAGE_NOCACHE"
"12:22:48.8985604 PM","main.exe","24160","CreateFileMapping","C:\Windows\System32\DriverStore\FileRepository\nvlti.inf_amd64_b3badde551342cd6\nvdlistx.dll","SUCCESS","SyncType: SyncTypeOther"
"12:22:48.8986304 PM","main.exe","24160","Load Image","C:\Windows\System32\DriverStore\FileRepository\nvlti.inf_amd64_b3badde551342cd6\nvdlistx.dll","SUCCESS","Image Base: 0x7fff789c0000, Image Size: 0x3a000"
"12:22:48.8987105 PM","main.exe","24160","CloseFile","C:\Windows\System32\DriverStore\FileRepository\nvlti.inf_amd64_b3badde551342cd6\nvdlistx.dll","SUCCESS",""
"12:22:48.8987911 PM","main.exe","24160","QueryOpen","D:\Work\FingerDraw\FingerDraw\windows-server\Application\VERSION.dll","NAME NOT FOUND",""
"12:22:48.8989666 PM","main.exe","24160","CreateFile","C:\Windows\System32\version.dll","SUCCESS","Desired Access: Read Attributes, Disposition: Open, Options: Open Reparse Point, Attributes: n/a, ShareMode: Read, Write, Delete, AllocationSize: n/a, OpenResult: Opened"
"12:22:48.8989935 PM","main.exe","24160","QueryBasicInformationFile","C:\Windows\System32\version.dll","SUCCESS","CreationTime: 9/6/2024 9:33:21 AM, LastAccessTime: 4/4/2026 12:22:48 PM, LastWriteTime: 9/6/2024 9:33:21 AM, ChangeTime: 3/11/2026 4:53:43 PM, FileAttributes: A"
"12:22:48.8990029 PM","main.exe","24160","CloseFile","C:\Windows\System32\version.dll","SUCCESS",""
"12:22:48.8990842 PM","main.exe","24160","CreateFile","C:\Windows\System32\version.dll","SUCCESS","Desired Access: Read Data/List Directory, Execute/Traverse, Synchronize, Disposition: Open, Options: Synchronous IO Non-Alert, Non-Directory File, Attributes: n/a, ShareMode: Read, Delete, AllocationSize: n/a, OpenResult: Opened"
"12:22:48.8991176 PM","main.exe","24160","CreateFileMapping","C:\Windows\System32\version.dll","FILE LOCKED WITH ONLY READERS","SyncType: SyncTypeCreateSection, PageProtection: PAGE_EXECUTE|PAGE_NOCACHE"
"12:22:48.8991332 PM","main.exe","24160","CreateFileMapping","C:\Windows\System32\version.dll","SUCCESS","SyncType: SyncTypeOther"
"12:22:48.8992306 PM","main.exe","24160","Load Image","C:\Windows\System32\version.dll","SUCCESS","Image Base: 0x7fff9d330000, Image Size: 0xb000"
"12:22:48.8993565 PM","main.exe","24160","CloseFile","C:\Windows\System32\version.dll","SUCCESS",""
"12:22:48.8999084 PM","main.exe","24160","CreateFile","D:\Work\FingerDraw\FingerDraw\windows-server\Application\user32.dll","NAME NOT FOUND","Desired Access: Generic Read, Disposition: Open, Options: , Attributes: n/a, ShareMode: Read, AllocationSize: n/a"
"12:22:48.9130775 PM","main.exe","24160","CreateFile","C:\Windows\System32\DriverStore\FileRepository\u0197640.inf_amd64_38091087f7899005\B025647\amdxx64.dll","SUCCESS","Desired Access: Read Attributes, Disposition: Open, Options: Open Reparse Point, Attributes: n/a, ShareMode: Read, Write, Delete, AllocationSize: n/a, OpenResult: Opened"
"12:22:48.9131039 PM","main.exe","24160","QueryBasicInformationFile","C:\Windows\System32\DriverStore\FileRepository\u0197640.inf_amd64_38091087f7899005\B025647\amdxx64.dll","SUCCESS","CreationTime: 1/25/2026 10:09:34 AM, LastAccessTime: 4/4/2026 12:22:44 PM, LastWriteTime: 1/19/2026 11:54:00 PM, ChangeTime: 2/5/2026 3:53:08 PM, FileAttributes: A"
"12:22:48.9131144 PM","main.exe","24160","CloseFile","C:\Windows\System32\DriverStore\FileRepository\u0197640.inf_amd64_38091087f7899005\B025647\amdxx64.dll","SUCCESS",""
"12:22:48.9131922 PM","main.exe","24160","CreateFile","C:\Windows\System32\DriverStore\FileRepository\u0197640.inf_amd64_38091087f7899005\B025647\amdxx64.dll","SUCCESS","Desired Access: Read Data/List Directory, Execute/Traverse, Synchronize, Disposition: Open, Options: Synchronous IO Non-Alert, Non-Directory File, Attributes: n/a, ShareMode: Read, Delete, AllocationSize: n/a, OpenResult: Opened"
"12:22:48.9132238 PM","main.exe","24160","CreateFileMapping","C:\Windows\System32\DriverStore\FileRepository\u0197640.inf_amd64_38091087f7899005\B025647\amdxx64.dll","FILE LOCKED WITH ONLY READERS","SyncType: SyncTypeCreateSection, PageProtection: PAGE_EXECUTE|PAGE_NOCACHE"
"12:22:48.9132437 PM","main.exe","24160","CreateFileMapping","C:\Windows\System32\DriverStore\FileRepository\u0197640.inf_amd64_38091087f7899005\B025647\amdxx64.dll","SUCCESS","SyncType: SyncTypeOther"
"12:22:48.9133383 PM","main.exe","24160","Load Image","C:\Windows\System32\DriverStore\FileRepository\u0197640.inf_amd64_38091087f7899005\B025647\amdxx64.dll","SUCCESS","Image Base: 0x7fff7f430000, Image Size: 0x2e9a000"
"12:22:48.9135582 PM","main.exe","24160","CreateFile","C:\Windows\System32\DriverStore\FileRepository\u0197640.inf_amd64_38091087f7899005\B025647\amdxx64.dll","SUCCESS","Desired Access: Generic Read, Disposition: Open, Options: Synchronous IO Non-Alert, Non-Directory File, Attributes: n/a, ShareMode: Read, Delete, AllocationSize: n/a, OpenResult: Opened"
"12:22:48.9138914 PM","main.exe","24160","CloseFile","C:\Windows\System32\DriverStore\FileRepository\u0197640.inf_amd64_38091087f7899005\B025647\amdxx64.dll","SUCCESS",""
"12:22:48.9140497 PM","main.exe","24160","Load Image","C:\Windows\System32\setupapi.dll","SUCCESS","Image Base: 0x7fffa68b0000, Image Size: 0x487000"
"12:22:48.9143275 PM","main.exe","24160","CloseFile","C:\Windows\System32\DriverStore\FileRepository\u0197640.inf_amd64_38091087f7899005\B025647\amdxx64.dll","SUCCESS",""
"12:22:48.9144638 PM","main.exe","24160","QueryNameInformationFile","C:\Windows\System32\setupapi.dll","SUCCESS","Name: \Windows\System32\setupapi.dll"
"12:22:48.9145317 PM","main.exe","24160","QueryNameInformationFile","C:\Windows\System32\setupapi.dll","SUCCESS","Name: \Windows\System32\setupapi.dll"
"12:22:48.9439145 PM","main.exe","24160","CreateFile","C:\Windows\System32\atidxx64.dll","SUCCESS","Desired Access: Read Attributes, Disposition: Open, Options: Open Reparse Point, Attributes: n/a, ShareMode: Read, Write, Delete, AllocationSize: n/a, OpenResult: Opened"
"12:22:48.9439729 PM","main.exe","24160","QueryBasicInformationFile","C:\Windows\System32\atidxx64.dll","SUCCESS","CreationTime: 1/25/2026 10:09:34 AM, LastAccessTime: 4/4/2026 12:22:44 PM, LastWriteTime: 1/19/2026 11:54:02 PM, ChangeTime: 2/5/2026 3:53:08 PM, FileAttributes: A"
"12:22:48.9439875 PM","main.exe","24160","CloseFile","C:\Windows\System32\atidxx64.dll","SUCCESS",""
"12:22:48.9440778 PM","main.exe","24160","CreateFile","C:\Windows\System32\atidxx64.dll","SUCCESS","Desired Access: Read Data/List Directory, Execute/Traverse, Synchronize, Disposition: Open, Options: Synchronous IO Non-Alert, Non-Directory File, Attributes: n/a, ShareMode: Read, Delete, AllocationSize: n/a, OpenResult: Opened"
"12:22:48.9441287 PM","main.exe","24160","CreateFileMapping","C:\Windows\System32\atidxx64.dll","FILE LOCKED WITH ONLY READERS","SyncType: SyncTypeCreateSection, PageProtection: PAGE_EXECUTE|PAGE_NOCACHE"
"12:22:48.9441576 PM","main.exe","24160","CreateFileMapping","C:\Windows\System32\atidxx64.dll","SUCCESS","SyncType: SyncTypeOther"
"12:22:48.9443110 PM","main.exe","24160","Load Image","C:\Windows\System32\atidxx64.dll","SUCCESS","Image Base: 0x7fff83890000, Image Size: 0x23000"
"12:22:48.9446385 PM","main.exe","24160","CreateFile","C:\Windows\System32\atidxx64.dll","SUCCESS","Desired Access: Generic Read, Disposition: Open, Options: Synchronous IO Non-Alert, Non-Directory File, Attributes: n/a, ShareMode: Read, Delete, AllocationSize: n/a, OpenResult: Opened"
"12:22:48.9453044 PM","main.exe","24160","CloseFile","C:\Windows\System32\atidxx64.dll","SUCCESS",""
"12:22:48.9454301 PM","main.exe","24160","CloseFile","C:\Windows\System32\atidxx64.dll","SUCCESS",""
"12:22:48.9455604 PM","main.exe","24160","CreateFile","C:\Windows\System32\atidxx64.dll","SUCCESS","Desired Access: Generic Read, Disposition: Open, Options: Synchronous IO Non-Alert, Non-Directory File, Attributes: N, ShareMode: Read, AllocationSize: n/a, OpenResult: Opened"
"12:22:48.9456119 PM","main.exe","24160","QuerySecurityFile","C:\Windows\System32\atidxx64.dll","SUCCESS","Information: Owner, Group, DACL, SACL, Label, Attribute, Process Trust Label, 0x100"
"12:22:48.9468959 PM","main.exe","24160","QueryBasicInformationFile","C:\Windows\System32\atidxx64.dll","SUCCESS","CreationTime: 1/25/2026 10:09:34 AM, LastAccessTime: 4/4/2026 12:22:48 PM, LastWriteTime: 1/19/2026 11:54:02 PM, ChangeTime: 2/5/2026 3:53:08 PM, FileAttributes: A"
"12:22:48.9469571 PM","main.exe","24160","QueryBasicInformationFile","C:\Windows\System32\atidxx64.dll","SUCCESS","CreationTime: 1/25/2026 10:09:34 AM, LastAccessTime: 4/4/2026 12:22:48 PM, LastWriteTime: 1/19/2026 11:54:02 PM, ChangeTime: 2/5/2026 3:53:08 PM, FileAttributes: A"
"12:22:48.9469747 PM","main.exe","24160","QueryNameInformationFile","C:\Windows\System32\atidxx64.dll","SUCCESS","Name: \Windows\System32\atidxx64.dll"
"12:22:48.9470459 PM","main.exe","24160","CloseFile","C:\Windows\System32\atidxx64.dll","SUCCESS",""
"12:22:48.9474060 PM","main.exe","24160","CreateFile","C:\Windows\System32\DriverStore\FileRepository\u0197640.inf_amd64_38091087f7899005\B025647\amdenc64.dll","SUCCESS","Desired Access: Read Attributes, Disposition: Open, Options: Open Reparse Point, Attributes: n/a, ShareMode: Read, Write, Delete, AllocationSize: n/a, OpenResult: Opened"
"12:22:48.9474372 PM","main.exe","24160","QueryBasicInformationFile","C:\Windows\System32\DriverStore\FileRepository\u0197640.inf_amd64_38091087f7899005\B025647\amdenc64.dll","SUCCESS","CreationTime: 1/25/2026 10:09:33 AM, LastAccessTime: 4/4/2026 12:22:44 PM, LastWriteTime: 1/19/2026 11:53:38 PM, ChangeTime: 1/26/2026 7:17:07 PM, FileAttributes: A"
"12:22:48.9474480 PM","main.exe","24160","CloseFile","C:\Windows\System32\DriverStore\FileRepository\u0197640.inf_amd64_38091087f7899005\B025647\amdenc64.dll","SUCCESS",""
"12:22:48.9475287 PM","main.exe","24160","CreateFile","C:\Windows\System32\DriverStore\FileRepository\u0197640.inf_amd64_38091087f7899005\B025647\amdenc64.dll","SUCCESS","Desired Access: Read Data/List Directory, Execute/Traverse, Synchronize, Disposition: Open, Options: Synchronous IO Non-Alert, Non-Directory File, Attributes: n/a, ShareMode: Read, Delete, AllocationSize: n/a, OpenResult: Opened"
"12:22:48.9475608 PM","main.exe","24160","CreateFileMapping","C:\Windows\System32\DriverStore\FileRepository\u0197640.inf_amd64_38091087f7899005\B025647\amdenc64.dll","FILE LOCKED WITH ONLY READERS","SyncType: SyncTypeCreateSection, PageProtection: PAGE_EXECUTE|PAGE_NOCACHE"
"12:22:48.9475828 PM","main.exe","24160","CreateFileMapping","C:\Windows\System32\DriverStore\FileRepository\u0197640.inf_amd64_38091087f7899005\B025647\amdenc64.dll","SUCCESS","SyncType: SyncTypeOther"
"12:22:48.9476490 PM","main.exe","24160","CloseFile","C:\Windows\System32\DriverStore\FileRepository\u0197640.inf_amd64_38091087f7899005\B025647\amdenc64.dll","SUCCESS",""
"12:22:48.9478721 PM","main.exe","24160","CreateFile","C:\Windows\System32\DriverStore\FileRepository\u0197640.inf_amd64_38091087f7899005\B025647\amdenc64.dll","SUCCESS","Desired Access: Read Attributes, Disposition: Open, Options: Open Reparse Point, Attributes: n/a, ShareMode: Read, Write, Delete, AllocationSize: n/a, OpenResult: Opened"
"12:22:48.9478975 PM","main.exe","24160","QueryBasicInformationFile","C:\Windows\System32\DriverStore\FileRepository\u0197640.inf_amd64_38091087f7899005\B025647\amdenc64.dll","SUCCESS","CreationTime: 1/25/2026 10:09:33 AM, LastAccessTime: 4/4/2026 12:22:48 PM, LastWriteTime: 1/19/2026 11:53:38 PM, ChangeTime: 1/26/2026 7:17:07 PM, FileAttributes: A"
"12:22:48.9479082 PM","main.exe","24160","CloseFile","C:\Windows\System32\DriverStore\FileRepository\u0197640.inf_amd64_38091087f7899005\B025647\amdenc64.dll","SUCCESS",""
"12:22:48.9479896 PM","main.exe","24160","CreateFile","C:\Windows\System32\DriverStore\FileRepository\u0197640.inf_amd64_38091087f7899005\B025647\amdenc64.dll","SUCCESS","Desired Access: Read Data/List Directory, Execute/Traverse, Synchronize, Disposition: Open, Options: Synchronous IO Non-Alert, Non-Directory File, Attributes: n/a, ShareMode: Read, Delete, AllocationSize: n/a, OpenResult: Opened"
"12:22:48.9480198 PM","main.exe","24160","CreateFileMapping","C:\Windows\System32\DriverStore\FileRepository\u0197640.inf_amd64_38091087f7899005\B025647\amdenc64.dll","FILE LOCKED WITH ONLY READERS","SyncType: SyncTypeCreateSection, PageProtection: PAGE_EXECUTE|PAGE_NOCACHE"
"12:22:48.9480391 PM","main.exe","24160","CreateFileMapping","C:\Windows\System32\DriverStore\FileRepository\u0197640.inf_amd64_38091087f7899005\B025647\amdenc64.dll","SUCCESS","SyncType: SyncTypeOther"
"12:22:48.9481206 PM","main.exe","24160","Load Image","C:\Windows\System32\DriverStore\FileRepository\u0197640.inf_amd64_38091087f7899005\B025647\amdenc64.dll","SUCCESS","Image Base: 0x77260000, Image Size: 0x151000"
"12:22:48.9483262 PM","main.exe","24160","CreateFile","C:\Windows\System32\DriverStore\FileRepository\u0197640.inf_amd64_38091087f7899005\B025647\amdenc64.dll","SUCCESS","Desired Access: Generic Read, Disposition: Open, Options: Synchronous IO Non-Alert, Non-Directory File, Attributes: n/a, ShareMode: Read, Delete, AllocationSize: n/a, OpenResult: Opened"
"12:22:48.9486195 PM","main.exe","24160","CloseFile","C:\Windows\System32\DriverStore\FileRepository\u0197640.inf_amd64_38091087f7899005\B025647\amdenc64.dll","SUCCESS",""
"12:22:48.9486887 PM","main.exe","24160","CloseFile","C:\Windows\System32\DriverStore\FileRepository\u0197640.inf_amd64_38091087f7899005\B025647\amdenc64.dll","SUCCESS",""
"12:22:48.9596863 PM","main.exe","24160","QueryDirectory","C:\Windows\System32\DriverStore\FileRepository\u0197640.inf_amd64_38091087f7899005\B025647\amdxx64.dll","SUCCESS","FileInformationClass: FileBothDirectoryInformation, Filter: amdxx64.dll, 2: amdxx64.dll"
"12:22:48.9598559 PM","main.exe","24160","ReadFile","C:\Windows\System32\DriverStore\FileRepository\u0197640.inf_amd64_38091087f7899005\B025647\amdxx64.dll","SUCCESS","Offset: 42,076,160, Length: 16,384, I/O Flags: Non-cached, Paging I/O, Synchronous Paging I/O, Priority: Normal"
"12:22:49.0247555 PM","main.exe","24160","QueryOpen","D:\Work\FingerDraw\FingerDraw\windows-server\Application\BCrypt.dll","NAME NOT FOUND",""
"12:22:49.0252337 PM","main.exe","24160","CreateFile","C:\Windows\System32\bcrypt.dll","SUCCESS","Desired Access: Read Attributes, Disposition: Open, Options: Open Reparse Point, Attributes: n/a, ShareMode: Read, Write, Delete, AllocationSize: n/a, OpenResult: Opened"
"12:22:49.0253185 PM","main.exe","24160","QueryBasicInformationFile","C:\Windows\System32\bcrypt.dll","SUCCESS","CreationTime: 1/24/2026 11:33:02 PM, LastAccessTime: 4/4/2026 12:22:44 PM, LastWriteTime: 1/24/2026 11:33:02 PM, ChangeTime: 3/11/2026 4:53:45 PM, FileAttributes: A"
"12:22:49.0253460 PM","main.exe","24160","CloseFile","C:\Windows\System32\bcrypt.dll","SUCCESS",""
"12:22:49.0255480 PM","main.exe","24160","CreateFile","C:\Windows\System32\bcrypt.dll","SUCCESS","Desired Access: Read Data/List Directory, Execute/Traverse, Synchronize, Disposition: Open, Options: Synchronous IO Non-Alert, Non-Directory File, Attributes: n/a, ShareMode: Read, Delete, AllocationSize: n/a, OpenResult: Opened"
"12:22:49.0256551 PM","main.exe","24160","CreateFileMapping","C:\Windows\System32\bcrypt.dll","FILE LOCKED WITH ONLY READERS","SyncType: SyncTypeCreateSection, PageProtection: PAGE_EXECUTE|PAGE_NOCACHE"
"12:22:49.0256855 PM","main.exe","24160","CreateFileMapping","C:\Windows\System32\bcrypt.dll","SUCCESS","SyncType: SyncTypeOther"
"12:22:49.0258293 PM","main.exe","24160","Load Image","C:\Windows\System32\bcrypt.dll","SUCCESS","Image Base: 0x7fffa4df0000, Image Size: 0x2a000"
"12:22:49.0260371 PM","main.exe","24160","CloseFile","C:\Windows\System32\bcrypt.dll","SUCCESS",""
"12:22:49.0262760 PM","main.exe","24160","QueryNameInformationFile","C:\Windows\System32\bcrypt.dll","SUCCESS","Name: \Windows\System32\bcrypt.dll"
"12:22:49.0269326 PM","main.exe","24160","CreateFile","C:\Windows\System32\DriverStore\FileRepository\u0197640.inf_amd64_38091087f7899005\B025647\amdihk64.dll","SUCCESS","Desired Access: Read Attributes, Disposition: Open, Options: Open Reparse Point, Attributes: n/a, ShareMode: Read, Write, Delete, AllocationSize: n/a, OpenResult: Opened"
"12:22:49.0269725 PM","main.exe","24160","QueryBasicInformationFile","C:\Windows\System32\DriverStore\FileRepository\u0197640.inf_amd64_38091087f7899005\B025647\amdihk64.dll","SUCCESS","CreationTime: 1/25/2026 10:09:33 AM, LastAccessTime: 4/4/2026 12:22:44 PM, LastWriteTime: 1/19/2026 11:53:42 PM, ChangeTime: 1/26/2026 7:17:07 PM, FileAttributes: A"
"12:22:49.0269856 PM","main.exe","24160","CloseFile","C:\Windows\System32\DriverStore\FileRepository\u0197640.inf_amd64_38091087f7899005\B025647\amdihk64.dll","SUCCESS",""
"12:22:49.0270862 PM","main.exe","24160","CreateFile","C:\Windows\System32\DriverStore\FileRepository\u0197640.inf_amd64_38091087f7899005\B025647\amdihk64.dll","SUCCESS","Desired Access: Read Data/List Directory, Execute/Traverse, Synchronize, Disposition: Open, Options: Synchronous IO Non-Alert, Non-Directory File, Attributes: n/a, ShareMode: Read, Delete, AllocationSize: n/a, OpenResult: Opened"
"12:22:49.0271219 PM","main.exe","24160","CreateFileMapping","C:\Windows\System32\DriverStore\FileRepository\u0197640.inf_amd64_38091087f7899005\B025647\amdihk64.dll","FILE LOCKED WITH ONLY READERS","SyncType: SyncTypeCreateSection, PageProtection: PAGE_EXECUTE|PAGE_NOCACHE"
"12:22:49.0271438 PM","main.exe","24160","CreateFileMapping","C:\Windows\System32\DriverStore\FileRepository\u0197640.inf_amd64_38091087f7899005\B025647\amdihk64.dll","SUCCESS","SyncType: SyncTypeOther"
"12:22:49.0272444 PM","main.exe","24160","Load Image","C:\Windows\System32\DriverStore\FileRepository\u0197640.inf_amd64_38091087f7899005\B025647\amdihk64.dll","SUCCESS","Image Base: 0x7fff7f290000, Image Size: 0x3e000"
"12:22:49.0274943 PM","main.exe","24160","CreateFile","C:\Windows\System32\DriverStore\FileRepository\u0197640.inf_amd64_38091087f7899005\B025647\amdihk64.dll","SUCCESS","Desired Access: Generic Read, Disposition: Open, Options: Synchronous IO Non-Alert, Non-Directory File, Attributes: n/a, ShareMode: Read, Delete, AllocationSize: n/a, OpenResult: Opened"
"12:22:49.0282931 PM","main.exe","24160","CloseFile","C:\Windows\System32\DriverStore\FileRepository\u0197640.inf_amd64_38091087f7899005\B025647\amdihk64.dll","SUCCESS",""
"12:22:49.0284352 PM","main.exe","24160","CloseFile","C:\Windows\System32\DriverStore\FileRepository\u0197640.inf_amd64_38091087f7899005\B025647\amdihk64.dll","SUCCESS",""
"12:22:49.0711449 PM","main.exe","24160","ReadFile","C:\Windows\System32\DriverStore\FileRepository\u0197640.inf_amd64_38091087f7899005\B025647\amdxx64.dll","SUCCESS","Offset: 47,126,016, Length: 4,096, I/O Flags: Non-cached, Paging I/O, Synchronous Paging I/O, Priority: Normal"
"12:22:49.0948302 PM","main.exe","24160","CreateFile","C:\Windows\System32\DriverStore\FileRepository\u0197640.inf_amd64_38091087f7899005\B025647\amdxx64.dll","SUCCESS","Desired Access: Generic Read, Disposition: Open, Options: Synchronous IO Non-Alert, Non-Directory File, Attributes: N, ShareMode: Read, AllocationSize: n/a, OpenResult: Opened"
"12:22:49.0949065 PM","main.exe","24160","QueryBasicInformationFile","C:\Windows\System32\DriverStore\FileRepository\u0197640.inf_amd64_38091087f7899005\B025647\amdxx64.dll","SUCCESS","CreationTime: 1/25/2026 10:09:34 AM, LastAccessTime: 4/4/2026 12:22:48 PM, LastWriteTime: 1/19/2026 11:54:00 PM, ChangeTime: 2/5/2026 3:53:08 PM, FileAttributes: A"
"12:22:49.0949253 PM","main.exe","24160","CloseFile","C:\Windows\System32\DriverStore\FileRepository\u0197640.inf_amd64_38091087f7899005\B025647\amdxx64.dll","SUCCESS",""
"12:22:49.0953265 PM","main.exe","24160","CreateFile","C:\Windows\System32\DriverStore\FileRepository\u0197640.inf_amd64_38091087f7899005\B025647\amdxx64.dll","SUCCESS","Desired Access: Read Attributes, Disposition: Open, Options: Open Reparse Point, Attributes: n/a, ShareMode: Read, Write, Delete, AllocationSize: n/a, OpenResult: Opened"
"12:22:49.0953567 PM","main.exe","24160","QueryBasicInformationFile","C:\Windows\System32\DriverStore\FileRepository\u0197640.inf_amd64_38091087f7899005\B025647\amdxx64.dll","SUCCESS","CreationTime: 1/25/2026 10:09:34 AM, LastAccessTime: 4/4/2026 12:22:48 PM, LastWriteTime: 1/19/2026 11:54:00 PM, ChangeTime: 2/5/2026 3:53:08 PM, FileAttributes: A"
"12:22:49.0953721 PM","main.exe","24160","CloseFile","C:\Windows\System32\DriverStore\FileRepository\u0197640.inf_amd64_38091087f7899005\B025647\amdxx64.dll","SUCCESS",""
"12:22:49.0955617 PM","main.exe","24160","CreateFile","C:\Windows\System32\DriverStore\FileRepository\u0197640.inf_amd64_38091087f7899005\B025647\amdxx64.dll","SUCCESS","Desired Access: Read Attributes, Disposition: Open, Options: Open Reparse Point, Attributes: n/a, ShareMode: Read, Write, Delete, AllocationSize: n/a, OpenResult: Opened"
"12:22:49.0955831 PM","main.exe","24160","QueryBasicInformationFile","C:\Windows\System32\DriverStore\FileRepository\u0197640.inf_amd64_38091087f7899005\B025647\amdxx64.dll","SUCCESS","CreationTime: 1/25/2026 10:09:34 AM, LastAccessTime: 4/4/2026 12:22:48 PM, LastWriteTime: 1/19/2026 11:54:00 PM, ChangeTime: 2/5/2026 3:53:08 PM, FileAttributes: A"
"12:22:49.0955927 PM","main.exe","24160","CloseFile","C:\Windows\System32\DriverStore\FileRepository\u0197640.inf_amd64_38091087f7899005\B025647\amdxx64.dll","SUCCESS",""
"12:22:49.1181851 PM","main.exe","24160","CreateFile","C:\Windows\System32\DriverStore\FileRepository\nvlti.inf_amd64_b3badde551342cd6\nvldumdx.dll","SUCCESS","Desired Access: Read Attributes, Disposition: Open, Options: Open Reparse Point, Attributes: n/a, ShareMode: Read, Write, Delete, AllocationSize: n/a, OpenResult: Opened"
"12:22:49.1182238 PM","main.exe","24160","QueryBasicInformationFile","C:\Windows\System32\DriverStore\FileRepository\nvlti.inf_amd64_b3badde551342cd6\nvldumdx.dll","SUCCESS","CreationTime: 1/28/2026 1:59:09 PM, LastAccessTime: 4/4/2026 12:20:57 PM, LastWriteTime: 1/22/2026 6:17:28 AM, ChangeTime: 2/22/2026 1:31:00 PM, FileAttributes: A"
"12:22:49.1182383 PM","main.exe","24160","CloseFile","C:\Windows\System32\DriverStore\FileRepository\nvlti.inf_amd64_b3badde551342cd6\nvldumdx.dll","SUCCESS",""
"12:22:49.1183268 PM","main.exe","24160","CreateFile","C:\Windows\System32\DriverStore\FileRepository\nvlti.inf_amd64_b3badde551342cd6\nvldumdx.dll","SUCCESS","Desired Access: Read Data/List Directory, Execute/Traverse, Synchronize, Disposition: Open, Options: Synchronous IO Non-Alert, Non-Directory File, Attributes: n/a, ShareMode: Read, Delete, AllocationSize: n/a, OpenResult: Opened"
"12:22:49.1183625 PM","main.exe","24160","CreateFileMapping","C:\Windows\System32\DriverStore\FileRepository\nvlti.inf_amd64_b3badde551342cd6\nvldumdx.dll","FILE LOCKED WITH ONLY READERS","SyncType: SyncTypeCreateSection, PageProtection: PAGE_EXECUTE|PAGE_NOCACHE"
"12:22:49.1185742 PM","main.exe","24160","CreateFileMapping","C:\Windows\System32\DriverStore\FileRepository\nvlti.inf_amd64_b3badde551342cd6\nvldumdx.dll","SUCCESS","SyncType: SyncTypeOther"
"12:22:49.1187247 PM","main.exe","24160","Load Image","C:\Windows\System32\DriverStore\FileRepository\nvlti.inf_amd64_b3badde551342cd6\nvldumdx.dll","SUCCESS","Image Base: 0x7fff62df0000, Image Size: 0xc4000"
"12:22:49.1189337 PM","main.exe","24160","CloseFile","C:\Windows\System32\DriverStore\FileRepository\nvlti.inf_amd64_b3badde551342cd6\nvldumdx.dll","SUCCESS",""
"12:22:49.1192470 PM","main.exe","24160","CreateFile","C:\Windows\System32\DriverStore\FileRepository\nvlti.inf_amd64_b3badde551342cd6\VERSION.dll","NAME NOT FOUND","Desired Access: Read Attributes, Disposition: Open, Options: Open Reparse Point, Attributes: n/a, ShareMode: Read, Write, Delete, AllocationSize: n/a"
"12:22:49.1194757 PM","main.exe","24160","CreateFile","C:\Windows\System32\version.dll","SUCCESS","Desired Access: Read Attributes, Disposition: Open, Options: Open Reparse Point, Attributes: n/a, ShareMode: Read, Write, Delete, AllocationSize: n/a, OpenResult: Opened"
"12:22:49.1195220 PM","main.exe","24160","QueryBasicInformationFile","C:\Windows\System32\version.dll","SUCCESS","CreationTime: 9/6/2024 9:33:21 AM, LastAccessTime: 4/4/2026 12:22:48 PM, LastWriteTime: 9/6/2024 9:33:21 AM, ChangeTime: 3/11/2026 4:53:43 PM, FileAttributes: A"
"12:22:49.1195356 PM","main.exe","24160","CloseFile","C:\Windows\System32\version.dll","SUCCESS",""
"12:22:49.1196435 PM","main.exe","24160","CreateFile","C:\Windows\System32\version.dll","SUCCESS","Desired Access: Read Data/List Directory, Execute/Traverse, Synchronize, Disposition: Open, Options: Synchronous IO Non-Alert, Non-Directory File, Attributes: n/a, ShareMode: Read, Delete, AllocationSize: n/a, OpenResult: Opened"
"12:22:49.1197953 PM","main.exe","24160","CreateFileMapping","C:\Windows\System32\version.dll","FILE LOCKED WITH ONLY READERS","SyncType: SyncTypeCreateSection, PageProtection: PAGE_EXECUTE|PAGE_NOCACHE"
"12:22:49.1198233 PM","main.exe","24160","CreateFileMapping","C:\Windows\System32\version.dll","SUCCESS","SyncType: SyncTypeOther"
"12:22:49.1199249 PM","main.exe","24160","Load Image","C:\Windows\System32\version.dll","SUCCESS","Image Base: 0x7fff9d330000, Image Size: 0xb000"
"12:22:49.1200275 PM","main.exe","24160","CloseFile","C:\Windows\System32\version.dll","SUCCESS",""
"12:22:49.1205231 PM","main.exe","24160","ReadFile","C:\Windows\System32\DriverStore\FileRepository\nvlti.inf_amd64_b3badde551342cd6\nvldumdx.dll","SUCCESS","Offset: 756,224, Length: 15,872, I/O Flags: Non-cached, Paging I/O, Synchronous Paging I/O, Priority: Normal"
"12:22:49.1220854 PM","main.exe","24160","ReadFile","C:\Windows\System32\DriverStore\FileRepository\nvlti.inf_amd64_b3badde551342cd6\nvldumdx.dll","SUCCESS","Offset: 739,840, Length: 16,384, I/O Flags: Non-cached, Paging I/O, Synchronous Paging I/O, Priority: Normal"
"12:22:49.1223792 PM","main.exe","24160","ReadFile","C:\Windows\System32\DriverStore\FileRepository\nvlti.inf_amd64_b3badde551342cd6\nvldumdx.dll","SUCCESS","Offset: 676,352, Length: 16,384, I/O Flags: Non-cached, Paging I/O, Synchronous Paging I/O, Priority: Normal"
"12:22:49.1225554 PM","main.exe","24160","ReadFile","C:\Windows\System32\DriverStore\FileRepository\nvlti.inf_amd64_b3badde551342cd6\nvldumdx.dll","SUCCESS","Offset: 659,968, Length: 16,384, I/O Flags: Non-cached, Paging I/O, Synchronous Paging I/O, Priority: Normal"
"12:22:49.1227097 PM","main.exe","24160","ReadFile","C:\Windows\System32\DriverStore\FileRepository\nvlti.inf_amd64_b3badde551342cd6\nvldumdx.dll","SUCCESS","Offset: 696,832, Length: 16,384, I/O Flags: Non-cached, Paging I/O, Synchronous Paging I/O, Priority: Normal"
"12:22:49.1229585 PM","main.exe","24160","ReadFile","C:\Windows\System32\DriverStore\FileRepository\nvlti.inf_amd64_b3badde551342cd6\nvldumdx.dll","SUCCESS","Offset: 692,736, Length: 4,096, I/O Flags: Non-cached, Paging I/O, Synchronous Paging I/O, Priority: Normal"
"12:22:49.1256601 PM","main.exe","24160","CreateFile","C:\Windows\System32\DriverStore\FileRepository\nvlti.inf_amd64_b3badde551342cd6\nvgpucomp64.dll","SUCCESS","Desired Access: Read Attributes, Disposition: Open, Options: Open Reparse Point, Attributes: n/a, ShareMode: Read, Write, Delete, AllocationSize: n/a, OpenResult: Opened"
"12:22:49.1256956 PM","main.exe","24160","QueryBasicInformationFile","C:\Windows\System32\DriverStore\FileRepository\nvlti.inf_amd64_b3badde551342cd6\nvgpucomp64.dll","SUCCESS","CreationTime: 1/28/2026 1:59:09 PM, LastAccessTime: 4/4/2026 12:21:43 PM, LastWriteTime: 1/22/2026 6:17:06 AM, ChangeTime: 2/22/2026 1:31:00 PM, FileAttributes: A"
"12:22:49.1257091 PM","main.exe","24160","CloseFile","C:\Windows\System32\DriverStore\FileRepository\nvlti.inf_amd64_b3badde551342cd6\nvgpucomp64.dll","SUCCESS",""
"12:22:49.1257922 PM","main.exe","24160","CreateFile","C:\Windows\System32\DriverStore\FileRepository\nvlti.inf_amd64_b3badde551342cd6\nvgpucomp64.dll","SUCCESS","Desired Access: Generic Read, Disposition: Open, Options: Synchronous IO Non-Alert, Non-Directory File, Attributes: n/a, ShareMode: Read, AllocationSize: n/a, OpenResult: Opened"
"12:22:49.1259281 PM","main.exe","24160","CreateFile","C:\Windows\System32\DriverStore\FileRepository\nvlti.inf_amd64_b3badde551342cd6\nvgpucomp64.dll","SUCCESS","Desired Access: Read Attributes, Disposition: Open, Options: Open Reparse Point, Attributes: n/a, ShareMode: Read, Write, Delete, AllocationSize: n/a, OpenResult: Opened"
"12:22:49.1259464 PM","main.exe","24160","QueryBasicInformationFile","C:\Windows\System32\DriverStore\FileRepository\nvlti.inf_amd64_b3badde551342cd6\nvgpucomp64.dll","SUCCESS","CreationTime: 1/28/2026 1:59:09 PM, LastAccessTime: 4/4/2026 12:21:43 PM, LastWriteTime: 1/22/2026 6:17:06 AM, ChangeTime: 2/22/2026 1:31:00 PM, FileAttributes: A"
"12:22:49.1259550 PM","main.exe","24160","CloseFile","C:\Windows\System32\DriverStore\FileRepository\nvlti.inf_amd64_b3badde551342cd6\nvgpucomp64.dll","SUCCESS",""
"12:22:49.1262473 PM","main.exe","24160","CreateFile","C:\Windows\System32\msasn1.dll","SUCCESS","Desired Access: Read Attributes, Disposition: Open, Options: Open Reparse Point, Attributes: n/a, ShareMode: Read, Write, Delete, AllocationSize: n/a, OpenResult: Opened"
"12:22:49.1262880 PM","main.exe","24160","QueryBasicInformationFile","C:\Windows\System32\msasn1.dll","SUCCESS","CreationTime: 1/24/2026 11:33:04 PM, LastAccessTime: 4/4/2026 12:21:50 PM, LastWriteTime: 1/24/2026 11:33:04 PM, ChangeTime: 3/11/2026 4:53:45 PM, FileAttributes: A"
"12:22:49.1262996 PM","main.exe","24160","CloseFile","C:\Windows\System32\msasn1.dll","SUCCESS",""
"12:22:49.1264608 PM","main.exe","24160","CreateFile","C:\Windows\System32\msasn1.dll","SUCCESS","Desired Access: Read Data/List Directory, Execute/Traverse, Synchronize, Disposition: Open, Options: Synchronous IO Non-Alert, Non-Directory File, Attributes: n/a, ShareMode: Read, Delete, AllocationSize: n/a, OpenResult: Opened"
"12:22:49.1265418 PM","main.exe","24160","CreateFileMapping","C:\Windows\System32\msasn1.dll","FILE LOCKED WITH ONLY READERS","SyncType: SyncTypeCreateSection, PageProtection: PAGE_EXECUTE|PAGE_NOCACHE"
"12:22:49.1265778 PM","main.exe","24160","CreateFileMapping","C:\Windows\System32\msasn1.dll","SUCCESS","SyncType: SyncTypeOther"
"12:22:49.1267020 PM","main.exe","24160","Load Image","C:\Windows\System32\msasn1.dll","SUCCESS","Image Base: 0x7fffa4670000, Image Size: 0x13000"
"12:22:49.1268188 PM","main.exe","24160","CloseFile","C:\Windows\System32\msasn1.dll","SUCCESS",""
"12:22:49.1272072 PM","main.exe","24160","CreateFile","C:\Windows\System32\cryptnet.dll","SUCCESS","Desired Access: Read Attributes, Disposition: Open, Options: Open Reparse Point, Attributes: n/a, ShareMode: Read, Write, Delete, AllocationSize: n/a, OpenResult: Opened"
"12:22:49.1272515 PM","main.exe","24160","QueryBasicInformationFile","C:\Windows\System32\cryptnet.dll","SUCCESS","CreationTime: 12/13/2025 12:36:54 AM, LastAccessTime: 4/4/2026 12:21:50 PM, LastWriteTime: 12/13/2025 12:36:54 AM, ChangeTime: 3/11/2026 4:53:45 PM, FileAttributes: A"
"12:22:49.1272646 PM","main.exe","24160","CloseFile","C:\Windows\System32\cryptnet.dll","SUCCESS",""
"12:22:49.1273550 PM","main.exe","24160","CreateFile","C:\Windows\System32\cryptnet.dll","SUCCESS","Desired Access: Read Data/List Directory, Execute/Traverse, Synchronize, Disposition: Open, Options: Synchronous IO Non-Alert, Non-Directory File, Attributes: n/a, ShareMode: Read, Delete, AllocationSize: n/a, OpenResult: Opened"
"12:22:49.1273944 PM","main.exe","24160","CreateFileMapping","C:\Windows\System32\cryptnet.dll","FILE LOCKED WITH ONLY READERS","SyncType: SyncTypeCreateSection, PageProtection: PAGE_EXECUTE|PAGE_NOCACHE"
"12:22:49.1274171 PM","main.exe","24160","CreateFileMapping","C:\Windows\System32\cryptnet.dll","SUCCESS","SyncType: SyncTypeOther"
"12:22:49.1275165 PM","main.exe","24160","Load Image","C:\Windows\System32\cryptnet.dll","SUCCESS","Image Base: 0x7fff9d2f0000, Image Size: 0x3b000"
"12:22:49.1277278 PM","main.exe","24160","Load Image","C:\Windows\System32\crypt32.dll","SUCCESS","Image Base: 0x7fffa57d0000, Image Size: 0x177000"
"12:22:49.1280198 PM","main.exe","24160","CloseFile","C:\Windows\System32\cryptnet.dll","SUCCESS",""
"12:22:49.1287593 PM","main.exe","24160","CreateFile","C:\Windows\System32\cryptbase.dll","SUCCESS","Desired Access: Read Attributes, Disposition: Open, Options: Open Reparse Point, Attributes: n/a, ShareMode: Read, Write, Delete, AllocationSize: n/a, OpenResult: Opened"
"12:22:49.1287944 PM","main.exe","24160","QueryBasicInformationFile","C:\Windows\System32\cryptbase.dll","SUCCESS","CreationTime: 1/24/2026 11:33:03 PM, LastAccessTime: 4/4/2026 12:22:43 PM, LastWriteTime: 1/24/2026 11:33:03 PM, ChangeTime: 3/11/2026 4:53:45 PM, FileAttributes: A"
"12:22:49.1288059 PM","main.exe","24160","CloseFile","C:\Windows\System32\cryptbase.dll","SUCCESS",""
"12:22:49.1288862 PM","main.exe","24160","CreateFile","C:\Windows\System32\cryptbase.dll","SUCCESS","Desired Access: Read Data/List Directory, Execute/Traverse, Synchronize, Disposition: Open, Options: Synchronous IO Non-Alert, Non-Directory File, Attributes: n/a, ShareMode: Read, Delete, AllocationSize: n/a, OpenResult: Opened"
"12:22:49.1289164 PM","main.exe","24160","CreateFileMapping","C:\Windows\System32\cryptbase.dll","FILE LOCKED WITH ONLY READERS","SyncType: SyncTypeCreateSection, PageProtection: PAGE_EXECUTE|PAGE_NOCACHE"
"12:22:49.1289395 PM","main.exe","24160","CreateFileMapping","C:\Windows\System32\cryptbase.dll","SUCCESS","SyncType: SyncTypeOther"
"12:22:49.1290479 PM","main.exe","24160","Load Image","C:\Windows\System32\cryptbase.dll","SUCCESS","Image Base: 0x7fffa4620000, Image Size: 0xc000"
"12:22:49.1291488 PM","main.exe","24160","CloseFile","C:\Windows\System32\cryptbase.dll","SUCCESS",""
"12:22:49.1295846 PM","main.exe","24160","CreateFile","C:\Windows\System32\wldp.dll","SUCCESS","Desired Access: Read Attributes, Disposition: Open, Options: Open Reparse Point, Attributes: n/a, ShareMode: Read, Write, Delete, AllocationSize: n/a, OpenResult: Opened"
"12:22:49.1296388 PM","main.exe","24160","QueryBasicInformationFile","C:\Windows\System32\wldp.dll","SUCCESS","CreationTime: 3/11/2026 1:06:39 PM, LastAccessTime: 4/4/2026 12:21:50 PM, LastWriteTime: 3/11/2026 1:06:39 PM, ChangeTime: 3/12/2026 12:16:18 AM, FileAttributes: A"
"12:22:49.1296569 PM","main.exe","24160","CloseFile","C:\Windows\System32\wldp.dll","SUCCESS",""
"12:22:49.1297799 PM","main.exe","24160","CreateFile","C:\Windows\System32\wldp.dll","SUCCESS","Desired Access: Read Data/List Directory, Execute/Traverse, Synchronize, Disposition: Open, Options: Synchronous IO Non-Alert, Non-Directory File, Attributes: n/a, ShareMode: Read, Delete, AllocationSize: n/a, OpenResult: Opened"
"12:22:49.1298323 PM","main.exe","24160","CreateFileMapping","C:\Windows\System32\wldp.dll","FILE LOCKED WITH ONLY READERS","SyncType: SyncTypeCreateSection, PageProtection: PAGE_EXECUTE|PAGE_NOCACHE"
"12:22:49.1298659 PM","main.exe","24160","CreateFileMapping","C:\Windows\System32\wldp.dll","SUCCESS","SyncType: SyncTypeOther"
"12:22:49.1299973 PM","main.exe","24160","Load Image","C:\Windows\System32\wldp.dll","SUCCESS","Image Base: 0x7fffa46e0000, Image Size: 0x68000"
"12:22:49.1302368 PM","main.exe","24160","CloseFile","C:\Windows\System32\wldp.dll","SUCCESS",""
"12:22:49.1306766 PM","main.exe","24160","QueryNameInformationFile","C:\Windows\System32\wldp.dll","SUCCESS","Name: \Windows\System32\wldp.dll"
"12:22:49.1308293 PM","main.exe","24160","QueryNameInformationFile","C:\Windows\System32\wldp.dll","SUCCESS","Name: \Windows\System32\wldp.dll"
"12:22:49.1308965 PM","main.exe","24160","QueryNameInformationFile","C:\Windows\System32\wldp.dll","SUCCESS","Name: \Windows\System32\wldp.dll"
"12:22:49.1312425 PM","main.exe","24160","CreateFile","C:\Windows\System32\drvstore.dll","SUCCESS","Desired Access: Read Attributes, Disposition: Open, Options: Open Reparse Point, Attributes: n/a, ShareMode: Read, Write, Delete, AllocationSize: n/a, OpenResult: Opened"
"12:22:49.1312801 PM","main.exe","24160","QueryBasicInformationFile","C:\Windows\System32\drvstore.dll","SUCCESS","CreationTime: 3/11/2026 1:06:41 PM, LastAccessTime: 4/4/2026 12:21:45 PM, LastWriteTime: 3/11/2026 1:06:41 PM, ChangeTime: 3/12/2026 12:16:22 AM, FileAttributes: A"
"12:22:49.1312912 PM","main.exe","24160","CloseFile","C:\Windows\System32\drvstore.dll","SUCCESS",""
"12:22:49.1313761 PM","main.exe","24160","CreateFile","C:\Windows\System32\drvstore.dll","SUCCESS","Desired Access: Read Data/List Directory, Execute/Traverse, Synchronize, Disposition: Open, Options: Synchronous IO Non-Alert, Non-Directory File, Attributes: n/a, ShareMode: Read, Delete, AllocationSize: n/a, OpenResult: Opened"
"12:22:49.1314136 PM","main.exe","24160","CreateFileMapping","C:\Windows\System32\drvstore.dll","FILE LOCKED WITH ONLY READERS","SyncType: SyncTypeCreateSection, PageProtection: PAGE_EXECUTE|PAGE_NOCACHE"
"12:22:49.1314358 PM","main.exe","24160","CreateFileMapping","C:\Windows\System32\drvstore.dll","SUCCESS","SyncType: SyncTypeOther"
"12:22:49.1315391 PM","main.exe","24160","Load Image","C:\Windows\System32\drvstore.dll","SUCCESS","Image Base: 0x7fff9d170000, Image Size: 0x178000"
"12:22:49.1317658 PM","main.exe","24160","CloseFile","C:\Windows\System32\drvstore.dll","SUCCESS",""
"12:22:49.1322997 PM","main.exe","24160","CreateFile","C:\Windows\System32\devobj.dll","SUCCESS","Desired Access: Read Attributes, Disposition: Open, Options: Open Reparse Point, Attributes: n/a, ShareMode: Read, Write, Delete, AllocationSize: n/a, OpenResult: Opened"
"12:22:49.1323414 PM","main.exe","24160","QueryBasicInformationFile","C:\Windows\System32\devobj.dll","SUCCESS","CreationTime: 9/6/2024 9:32:20 AM, LastAccessTime: 4/4/2026 12:21:50 PM, LastWriteTime: 9/6/2024 9:32:20 AM, ChangeTime: 3/11/2026 4:53:45 PM, FileAttributes: A"
"12:22:49.1323527 PM","main.exe","24160","CloseFile","C:\Windows\System32\devobj.dll","SUCCESS",""
"12:22:49.1325090 PM","main.exe","24160","CreateFile","C:\Windows\System32\devobj.dll","SUCCESS","Desired Access: Read Data/List Directory, Execute/Traverse, Synchronize, Disposition: Open, Options: Synchronous IO Non-Alert, Non-Directory File, Attributes: n/a, ShareMode: Read, Delete, AllocationSize: n/a, OpenResult: Opened"
"12:22:49.1325555 PM","main.exe","24160","CreateFileMapping","C:\Windows\System32\devobj.dll","FILE LOCKED WITH ONLY READERS","SyncType: SyncTypeCreateSection, PageProtection: PAGE_EXECUTE|PAGE_NOCACHE"
"12:22:49.1325797 PM","main.exe","24160","CreateFileMapping","C:\Windows\System32\devobj.dll","SUCCESS","SyncType: SyncTypeOther"
"12:22:49.1326863 PM","main.exe","24160","Load Image","C:\Windows\System32\devobj.dll","SUCCESS","Image Base: 0x7fffa4b60000, Image Size: 0x2d000"
"12:22:49.1328660 PM","main.exe","24160","CloseFile","C:\Windows\System32\devobj.dll","SUCCESS",""
"12:22:49.1330445 PM","main.exe","24160","Load Image","C:\Windows\System32\wintrust.dll","SUCCESS","Image Base: 0x7fffa6330000, Image Size: 0x81000"
"12:22:49.1335434 PM","main.exe","24160","ReadFile","C:\Windows\System32\msasn1.dll","SUCCESS","Offset: 65,536, Length: 4,096, I/O Flags: Non-cached, Paging I/O, Synchronous Paging I/O, Priority: Normal"
"12:22:49.1340359 PM","main.exe","24160","CreateFile","C:\Windows\System32\DriverStore\FileRepository\nvlti.inf_amd64_b3badde551342cd6\nvgpucomp64.dll","SUCCESS","Desired Access: Generic Read, Disposition: Open, Options: Synchronous IO Non-Alert, Non-Directory File, Attributes: N, ShareMode: Read, AllocationSize: n/a, OpenResult: Opened"
"12:22:49.1340826 PM","main.exe","24160","QueryStandardInformationFile","C:\Windows\System32\DriverStore\FileRepository\nvlti.inf_amd64_b3badde551342cd6\nvgpucomp64.dll","SUCCESS","AllocationSize: 81,301,504, EndOfFile: 81,300,088, NumberOfLinks: 1, DeletePending: False, Directory: False"
"12:22:49.1341541 PM","main.exe","24160","CreateFileMapping","C:\Windows\System32\DriverStore\FileRepository\nvlti.inf_amd64_b3badde551342cd6\nvgpucomp64.dll","FILE LOCKED WITH ONLY READERS","SyncType: SyncTypeCreateSection, PageProtection: PAGE_EXECUTE|PAGE_NOCACHE"
"12:22:49.1341691 PM","main.exe","24160","QueryStandardInformationFile","C:\Windows\System32\DriverStore\FileRepository\nvlti.inf_amd64_b3badde551342cd6\nvgpucomp64.dll","SUCCESS","AllocationSize: 81,301,504, EndOfFile: 81,300,088, NumberOfLinks: 1, DeletePending: False, Directory: False"
"12:22:49.1341895 PM","main.exe","24160","CreateFileMapping","C:\Windows\System32\DriverStore\FileRepository\nvlti.inf_amd64_b3badde551342cd6\nvgpucomp64.dll","SUCCESS","SyncType: SyncTypeOther"
"12:22:49.1342532 PM","main.exe","24160","CloseFile","C:\Windows\System32\DriverStore\FileRepository\nvlti.inf_amd64_b3badde551342cd6\nvgpucomp64.dll","SUCCESS",""
"12:22:49.1383655 PM","main.exe","24160","CreateFile","C:\Windows\System32\DriverStore\FileRepository\nvlti.inf_amd64_b3badde551342cd6\nvgpucomp64.dll","SUCCESS","Desired Access: Generic Read, Disposition: Open, Options: Synchronous IO Non-Alert, Non-Directory File, Attributes: N, ShareMode: Read, Delete, AllocationSize: n/a, OpenResult: Opened"
"12:22:49.1384981 PM","main.exe","24160","Load Image","C:\Windows\System32\imagehlp.dll","SUCCESS","Image Base: 0x7fffa63c0000, Image Size: 0x20000"
"12:22:49.1386997 PM","main.exe","24160","QueryStandardInformationFile","C:\Windows\System32\DriverStore\FileRepository\nvlti.inf_amd64_b3badde551342cd6\nvgpucomp64.dll","SUCCESS","AllocationSize: 81,301,504, EndOfFile: 81,300,088, NumberOfLinks: 1, DeletePending: False, Directory: False"
"12:22:49.1387155 PM","main.exe","24160","CreateFileMapping","C:\Windows\System32\DriverStore\FileRepository\nvlti.inf_amd64_b3badde551342cd6\nvgpucomp64.dll","FILE LOCKED WITH ONLY READERS","SyncType: SyncTypeCreateSection, PageProtection: PAGE_EXECUTE|PAGE_NOCACHE"
"12:22:49.1387320 PM","main.exe","24160","QueryStandardInformationFile","C:\Windows\System32\DriverStore\FileRepository\nvlti.inf_amd64_b3badde551342cd6\nvgpucomp64.dll","SUCCESS","AllocationSize: 81,301,504, EndOfFile: 81,300,088, NumberOfLinks: 1, DeletePending: False, Directory: False"
"12:22:49.1387499 PM","main.exe","24160","CreateFileMapping","C:\Windows\System32\DriverStore\FileRepository\nvlti.inf_amd64_b3badde551342cd6\nvgpucomp64.dll","SUCCESS","SyncType: SyncTypeOther"
"12:22:49.1388041 PM","main.exe","24160","QueryStandardInformationFile","C:\Windows\System32\DriverStore\FileRepository\nvlti.inf_amd64_b3badde551342cd6\nvgpucomp64.dll","SUCCESS","AllocationSize: 81,301,504, EndOfFile: 81,300,088, NumberOfLinks: 1, DeletePending: False, Directory: False"
"12:22:49.1388154 PM","main.exe","24160","CloseFile","C:\Windows\System32\DriverStore\FileRepository\nvlti.inf_amd64_b3badde551342cd6\nvgpucomp64.dll","SUCCESS",""
"12:22:49.1389400 PM","main.exe","24160","CreateFile","C:\Windows\System32\DriverStore\FileRepository\nvlti.inf_amd64_b3badde551342cd6\nvgpucomp64.dll","SUCCESS","Desired Access: Generic Read, Disposition: Open, Options: Synchronous IO Non-Alert, Non-Directory File, Attributes: N, ShareMode: Read, Delete, AllocationSize: n/a, OpenResult: Opened"
"12:22:49.1389900 PM","main.exe","24160","QueryStandardInformationFile","C:\Windows\System32\DriverStore\FileRepository\nvlti.inf_amd64_b3badde551342cd6\nvgpucomp64.dll","SUCCESS","AllocationSize: 81,301,504, EndOfFile: 81,300,088, NumberOfLinks: 1, DeletePending: False, Directory: False"
"12:22:49.1390017 PM","main.exe","24160","CreateFileMapping","C:\Windows\System32\DriverStore\FileRepository\nvlti.inf_amd64_b3badde551342cd6\nvgpucomp64.dll","FILE LOCKED WITH ONLY READERS","SyncType: SyncTypeCreateSection, PageProtection: PAGE_EXECUTE|PAGE_NOCACHE"
"12:22:49.1390121 PM","main.exe","24160","QueryStandardInformationFile","C:\Windows\System32\DriverStore\FileRepository\nvlti.inf_amd64_b3badde551342cd6\nvgpucomp64.dll","SUCCESS","AllocationSize: 81,301,504, EndOfFile: 81,300,088, NumberOfLinks: 1, DeletePending: False, Directory: False"
"12:22:49.1390902 PM","main.exe","24160","CreateFileMapping","C:\Windows\System32\DriverStore\FileRepository\nvlti.inf_amd64_b3badde551342cd6\nvgpucomp64.dll","SUCCESS","SyncType: SyncTypeOther"
"12:22:49.1770148 PM","main.exe","24160","CloseFile","C:\Windows\System32\DriverStore\FileRepository\nvlti.inf_amd64_b3badde551342cd6\nvgpucomp64.dll","SUCCESS",""
"12:22:49.1773479 PM","main.exe","24160","CreateFile","C:\Windows\System32\rsaenh.dll","SUCCESS","Desired Access: Read Attributes, Disposition: Open, Options: Open Reparse Point, Attributes: n/a, ShareMode: Read, Write, Delete, AllocationSize: n/a, OpenResult: Opened"
"12:22:49.1773851 PM","main.exe","24160","QueryBasicInformationFile","C:\Windows\System32\rsaenh.dll","SUCCESS","CreationTime: 2/11/2026 1:38:55 AM, LastAccessTime: 4/4/2026 12:21:50 PM, LastWriteTime: 2/11/2026 1:38:56 AM, ChangeTime: 3/11/2026 4:53:45 PM, FileAttributes: A"
"12:22:49.1773957 PM","main.exe","24160","CloseFile","C:\Windows\System32\rsaenh.dll","SUCCESS",""
"12:22:49.1774769 PM","main.exe","24160","CreateFile","C:\Windows\System32\rsaenh.dll","SUCCESS","Desired Access: Read Data/List Directory, Execute/Traverse, Synchronize, Disposition: Open, Options: Synchronous IO Non-Alert, Non-Directory File, Attributes: n/a, ShareMode: Read, Delete, AllocationSize: n/a, OpenResult: Opened"
"12:22:49.1775126 PM","main.exe","24160","CreateFileMapping","C:\Windows\System32\rsaenh.dll","FILE LOCKED WITH ONLY READERS","SyncType: SyncTypeCreateSection, PageProtection: PAGE_EXECUTE|PAGE_NOCACHE"
"12:22:49.1775336 PM","main.exe","24160","CreateFileMapping","C:\Windows\System32\rsaenh.dll","SUCCESS","SyncType: SyncTypeOther"
"12:22:49.1776427 PM","main.exe","24160","Load Image","C:\Windows\System32\rsaenh.dll","SUCCESS","Image Base: 0x7fffa3d10000, Image Size: 0x39000"
"12:22:49.1777550 PM","main.exe","24160","CloseFile","C:\Windows\System32\rsaenh.dll","SUCCESS",""
"12:22:49.1794480 PM","main.exe","24160","CreateFile","C:\Windows\System32\ci.dll","SUCCESS","Desired Access: Read Attributes, Disposition: Open, Options: Open Reparse Point, Attributes: n/a, ShareMode: Read, Write, Delete, AllocationSize: n/a, OpenResult: Opened"
"12:22:49.1794951 PM","main.exe","24160","QueryBasicInformationFile","C:\Windows\System32\ci.dll","SUCCESS","CreationTime: 3/11/2026 1:06:39 PM, LastAccessTime: 4/4/2026 12:21:11 PM, LastWriteTime: 3/11/2026 1:06:39 PM, ChangeTime: 3/12/2026 12:16:20 AM, FileAttributes: A"
"12:22:49.1795122 PM","main.exe","24160","CloseFile","C:\Windows\System32\ci.dll","SUCCESS",""
"12:22:49.1799552 PM","main.exe","24160","CreateFile","C:\Windows\System32\ci.dll","SUCCESS","Desired Access: Read Attributes, Disposition: Open, Options: Open Reparse Point, Attributes: n/a, ShareMode: Read, Write, Delete, AllocationSize: n/a, OpenResult: Opened"
"12:22:49.1799954 PM","main.exe","24160","QueryBasicInformationFile","C:\Windows\System32\ci.dll","SUCCESS","CreationTime: 3/11/2026 1:06:39 PM, LastAccessTime: 4/4/2026 12:21:11 PM, LastWriteTime: 3/11/2026 1:06:39 PM, ChangeTime: 3/12/2026 12:16:20 AM, FileAttributes: A"
"12:22:49.1800109 PM","main.exe","24160","CloseFile","C:\Windows\System32\ci.dll","SUCCESS",""
"12:22:49.1805639 PM","main.exe","24160","CreateFile","C:\Windows\System32\ci.dll","SUCCESS","Desired Access: Read Attributes, Disposition: Open, Options: Open Reparse Point, Attributes: n/a, ShareMode: Read, Write, Delete, AllocationSize: n/a, OpenResult: Opened"
"12:22:49.1806074 PM","main.exe","24160","QueryBasicInformationFile","C:\Windows\System32\ci.dll","SUCCESS","CreationTime: 3/11/2026 1:06:39 PM, LastAccessTime: 4/4/2026 12:21:11 PM, LastWriteTime: 3/11/2026 1:06:39 PM, ChangeTime: 3/12/2026 12:16:20 AM, FileAttributes: A"
"12:22:49.1806296 PM","main.exe","24160","CloseFile","C:\Windows\System32\ci.dll","SUCCESS",""
"12:22:49.1810724 PM","main.exe","24160","CreateFile","C:\Windows\System32\ci.dll","SUCCESS","Desired Access: Read Attributes, Disposition: Open, Options: Open Reparse Point, Attributes: n/a, ShareMode: Read, Write, Delete, AllocationSize: n/a, OpenResult: Opened"
"12:22:49.1811017 PM","main.exe","24160","QueryBasicInformationFile","C:\Windows\System32\ci.dll","SUCCESS","CreationTime: 3/11/2026 1:06:39 PM, LastAccessTime: 4/4/2026 12:21:11 PM, LastWriteTime: 3/11/2026 1:06:39 PM, ChangeTime: 3/12/2026 12:16:20 AM, FileAttributes: A"
"12:22:49.1811125 PM","main.exe","24160","CloseFile","C:\Windows\System32\ci.dll","SUCCESS",""
"12:22:49.1816899 PM","main.exe","24160","CreateFile","C:\Windows\System32\dnsapi.dll","SUCCESS","Desired Access: Read Attributes, Disposition: Open, Options: Open Reparse Point, Attributes: n/a, ShareMode: Read, Write, Delete, AllocationSize: n/a, OpenResult: Opened"
"12:22:49.1817185 PM","main.exe","24160","QueryBasicInformationFile","C:\Windows\System32\dnsapi.dll","SUCCESS","CreationTime: 3/11/2026 1:06:41 PM, LastAccessTime: 4/4/2026 12:21:21 PM, LastWriteTime: 3/11/2026 1:06:41 PM, ChangeTime: 3/12/2026 12:16:20 AM, FileAttributes: A"
"12:22:49.1817284 PM","main.exe","24160","CloseFile","C:\Windows\System32\dnsapi.dll","SUCCESS",""
"12:22:49.1819828 PM","main.exe","24160","CreateFile","C:\Windows\System32\dnsapi.dll","SUCCESS","Desired Access: Read Attributes, Disposition: Open, Options: Open Reparse Point, Attributes: n/a, ShareMode: Read, Write, Delete, AllocationSize: n/a, OpenResult: Opened"
"12:22:49.1820075 PM","main.exe","24160","QueryBasicInformationFile","C:\Windows\System32\dnsapi.dll","SUCCESS","CreationTime: 3/11/2026 1:06:41 PM, LastAccessTime: 4/4/2026 12:21:21 PM, LastWriteTime: 3/11/2026 1:06:41 PM, ChangeTime: 3/12/2026 12:16:20 AM, FileAttributes: A"
"12:22:49.1820169 PM","main.exe","24160","CloseFile","C:\Windows\System32\dnsapi.dll","SUCCESS",""
"12:22:49.1824009 PM","main.exe","24160","CreateFile","C:\Windows\System32\fveui.dll","SUCCESS","Desired Access: Read Attributes, Disposition: Open, Options: Open Reparse Point, Attributes: n/a, ShareMode: Read, Write, Delete, AllocationSize: n/a, OpenResult: Opened"
"12:22:49.1824294 PM","main.exe","24160","QueryBasicInformationFile","C:\Windows\System32\fveui.dll","SUCCESS","CreationTime: 3/11/2026 1:06:46 PM, LastAccessTime: 4/3/2026 11:30:41 PM, LastWriteTime: 3/11/2026 1:06:46 PM, ChangeTime: 3/12/2026 12:16:23 AM, FileAttributes: A"
"12:22:49.1824400 PM","main.exe","24160","CloseFile","C:\Windows\System32\fveui.dll","SUCCESS",""
"12:22:49.1828299 PM","main.exe","24160","CreateFile","C:\Windows\System32\fveui.dll","SUCCESS","Desired Access: Read Attributes, Disposition: Open, Options: Open Reparse Point, Attributes: n/a, ShareMode: Read, Write, Delete, AllocationSize: n/a, OpenResult: Opened"
"12:22:49.1828772 PM","main.exe","24160","QueryBasicInformationFile","C:\Windows\System32\fveui.dll","SUCCESS","CreationTime: 3/11/2026 1:06:46 PM, LastAccessTime: 4/3/2026 11:30:41 PM, LastWriteTime: 3/11/2026 1:06:46 PM, ChangeTime: 3/12/2026 12:16:23 AM, FileAttributes: A"
"12:22:49.1828922 PM","main.exe","24160","CloseFile","C:\Windows\System32\fveui.dll","SUCCESS",""
"12:22:49.1835192 PM","main.exe","24160","CreateFile","C:\Windows\System32\fveui.dll","SUCCESS","Desired Access: Read Attributes, Disposition: Open, Options: Open Reparse Point, Attributes: n/a, ShareMode: Read, Write, Delete, AllocationSize: n/a, OpenResult: Opened"
"12:22:49.1835577 PM","main.exe","24160","QueryBasicInformationFile","C:\Windows\System32\fveui.dll","SUCCESS","CreationTime: 3/11/2026 1:06:46 PM, LastAccessTime: 4/3/2026 11:30:41 PM, LastWriteTime: 3/11/2026 1:06:46 PM, ChangeTime: 3/12/2026 12:16:23 AM, FileAttributes: A"
"12:22:49.1835813 PM","main.exe","24160","CloseFile","C:\Windows\System32\fveui.dll","SUCCESS",""
"12:22:49.1839626 PM","main.exe","24160","CreateFile","C:\Windows\System32\fveui.dll","SUCCESS","Desired Access: Read Attributes, Disposition: Open, Options: Open Reparse Point, Attributes: n/a, ShareMode: Read, Write, Delete, AllocationSize: n/a, OpenResult: Opened"
"12:22:49.1839866 PM","main.exe","24160","QueryBasicInformationFile","C:\Windows\System32\fveui.dll","SUCCESS","CreationTime: 3/11/2026 1:06:46 PM, LastAccessTime: 4/3/2026 11:30:41 PM, LastWriteTime: 3/11/2026 1:06:46 PM, ChangeTime: 3/12/2026 12:16:23 AM, FileAttributes: A"
"12:22:49.1839954 PM","main.exe","24160","CloseFile","C:\Windows\System32\fveui.dll","SUCCESS",""
"12:22:49.1844033 PM","main.exe","24160","CreateFile","C:\Windows\System32\wuaueng.dll","SUCCESS","Desired Access: Read Attributes, Disposition: Open, Options: Open Reparse Point, Attributes: n/a, ShareMode: Read, Write, Delete, AllocationSize: n/a, OpenResult: Opened"
"12:22:49.1844309 PM","main.exe","24160","QueryBasicInformationFile","C:\Windows\System32\wuaueng.dll","SUCCESS","CreationTime: 3/11/2026 1:06:49 PM, LastAccessTime: 4/4/2026 12:21:50 PM, LastWriteTime: 3/11/2026 1:06:49 PM, ChangeTime: 3/12/2026 12:16:23 AM, FileAttributes: A"
"12:22:49.1844404 PM","main.exe","24160","CloseFile","C:\Windows\System32\wuaueng.dll","SUCCESS",""
"12:22:49.1846990 PM","main.exe","24160","CreateFile","C:\Windows\System32\wuaueng.dll","SUCCESS","Desired Access: Read Attributes, Disposition: Open, Options: Open Reparse Point, Attributes: n/a, ShareMode: Read, Write, Delete, AllocationSize: n/a, OpenResult: Opened"
"12:22:49.1847223 PM","main.exe","24160","QueryBasicInformationFile","C:\Windows\System32\wuaueng.dll","SUCCESS","CreationTime: 3/11/2026 1:06:49 PM, LastAccessTime: 4/4/2026 12:21:50 PM, LastWriteTime: 3/11/2026 1:06:49 PM, ChangeTime: 3/12/2026 12:16:23 AM, FileAttributes: A"
"12:22:49.1847310 PM","main.exe","24160","CloseFile","C:\Windows\System32\wuaueng.dll","SUCCESS",""
"12:22:49.1860214 PM","main.exe","24160","CreateFile","C:\Windows\System32\ngcrecovery.dll","SUCCESS","Desired Access: Read Attributes, Disposition: Open, Options: Open Reparse Point, Attributes: n/a, ShareMode: Read, Write, Delete, AllocationSize: n/a, OpenResult: Opened"
"12:22:49.1860626 PM","main.exe","24160","QueryBasicInformationFile","C:\Windows\System32\ngcrecovery.dll","SUCCESS","CreationTime: 3/11/2026 1:06:46 PM, LastAccessTime: 4/3/2026 11:30:41 PM, LastWriteTime: 3/11/2026 1:06:46 PM, ChangeTime: 3/12/2026 12:16:19 AM, FileAttributes: A"
"12:22:49.1860719 PM","main.exe","24160","CloseFile","C:\Windows\System32\ngcrecovery.dll","SUCCESS",""
"12:22:49.1863233 PM","main.exe","24160","CreateFile","C:\Windows\System32\ngcrecovery.dll","SUCCESS","Desired Access: Read Attributes, Disposition: Open, Options: Open Reparse Point, Attributes: n/a, ShareMode: Read, Write, Delete, AllocationSize: n/a, OpenResult: Opened"
"12:22:49.1863499 PM","main.exe","24160","QueryBasicInformationFile","C:\Windows\System32\ngcrecovery.dll","SUCCESS","CreationTime: 3/11/2026 1:06:46 PM, LastAccessTime: 4/3/2026 11:30:41 PM, LastWriteTime: 3/11/2026 1:06:46 PM, ChangeTime: 3/12/2026 12:16:19 AM, FileAttributes: A"
"12:22:49.1863589 PM","main.exe","24160","CloseFile","C:\Windows\System32\ngcrecovery.dll","SUCCESS",""
"12:22:49.1898997 PM","main.exe","24160","CreateFile","C:\Windows\System32\DriverStore\FileRepository\nvlti.inf_amd64_b3badde551342cd6\nvgpucomp64.dll","SUCCESS","Desired Access: Read Attributes, Disposition: Open, Options: Open Reparse Point, Attributes: n/a, ShareMode: Read, Write, Delete, AllocationSize: n/a, OpenResult: Opened"
"12:22:49.1899257 PM","main.exe","24160","QueryBasicInformationFile","C:\Windows\System32\DriverStore\FileRepository\nvlti.inf_amd64_b3badde551342cd6\nvgpucomp64.dll","SUCCESS","CreationTime: 1/28/2026 1:59:09 PM, LastAccessTime: 4/4/2026 12:22:49 PM, LastWriteTime: 1/22/2026 6:17:06 AM, ChangeTime: 2/22/2026 1:31:00 PM, FileAttributes: A"
"12:22:49.1899355 PM","main.exe","24160","CloseFile","C:\Windows\System32\DriverStore\FileRepository\nvlti.inf_amd64_b3badde551342cd6\nvgpucomp64.dll","SUCCESS",""
"12:22:49.1900110 PM","main.exe","24160","CreateFile","C:\Windows\System32\DriverStore\FileRepository\nvlti.inf_amd64_b3badde551342cd6\nvgpucomp64.dll","SUCCESS","Desired Access: Read Data/List Directory, Execute/Traverse, Synchronize, Disposition: Open, Options: Synchronous IO Non-Alert, Non-Directory File, Attributes: n/a, ShareMode: Read, Delete, AllocationSize: n/a, OpenResult: Opened"
"12:22:49.1900413 PM","main.exe","24160","CreateFileMapping","C:\Windows\System32\DriverStore\FileRepository\nvlti.inf_amd64_b3badde551342cd6\nvgpucomp64.dll","FILE LOCKED WITH ONLY READERS","SyncType: SyncTypeCreateSection, PageProtection: PAGE_EXECUTE|PAGE_NOCACHE"
"12:22:49.1900615 PM","main.exe","24160","CreateFileMapping","C:\Windows\System32\DriverStore\FileRepository\nvlti.inf_amd64_b3badde551342cd6\nvgpucomp64.dll","SUCCESS","SyncType: SyncTypeOther"
"12:22:49.1901518 PM","main.exe","24160","Load Image","C:\Windows\System32\DriverStore\FileRepository\nvlti.inf_amd64_b3badde551342cd6\nvgpucomp64.dll","SUCCESS","Image Base: 0x7ffebbcf0000, Image Size: 0x4cff000"
"12:22:49.1902829 PM","main.exe","24160","CloseFile","C:\Windows\System32\DriverStore\FileRepository\nvlti.inf_amd64_b3badde551342cd6\nvgpucomp64.dll","SUCCESS",""
"12:22:49.1927836 PM","main.exe","24160","CloseFile","C:\Windows\System32\DriverStore\FileRepository\nvlti.inf_amd64_b3badde551342cd6\nvgpucomp64.dll","SUCCESS",""
"12:22:49.1943641 PM","main.exe","24160","CreateFile","C:\Windows\System32\DriverStore\FileRepository\nvlti.inf_amd64_b3badde551342cd6\NvPresent64.dll","SUCCESS","Desired Access: Read Attributes, Disposition: Open, Options: Open Reparse Point, Attributes: n/a, ShareMode: Read, Write, Delete, AllocationSize: n/a, OpenResult: Opened"
"12:22:49.1944189 PM","main.exe","24160","QueryBasicInformationFile","C:\Windows\System32\DriverStore\FileRepository\nvlti.inf_amd64_b3badde551342cd6\NvPresent64.dll","SUCCESS","CreationTime: 1/28/2026 1:59:10 PM, LastAccessTime: 4/4/2026 12:18:59 PM, LastWriteTime: 1/22/2026 6:19:30 AM, ChangeTime: 2/22/2026 1:30:52 PM, FileAttributes: A"
"12:22:49.1944415 PM","main.exe","24160","CloseFile","C:\Windows\System32\DriverStore\FileRepository\nvlti.inf_amd64_b3badde551342cd6\NvPresent64.dll","SUCCESS",""
"12:22:49.1946505 PM","main.exe","24160","CreateFile","C:\Windows\System32\DriverStore\FileRepository\nvlti.inf_amd64_b3badde551342cd6\NvPresent64.dll","SUCCESS","Desired Access: Generic Read, Disposition: Open, Options: Synchronous IO Non-Alert, Non-Directory File, Attributes: n/a, ShareMode: Read, AllocationSize: n/a, OpenResult: Opened"
"12:22:49.1948400 PM","main.exe","24160","CreateFile","C:\Windows\System32\DriverStore\FileRepository\nvlti.inf_amd64_b3badde551342cd6\NvPresent64.dll","SUCCESS","Desired Access: Read Attributes, Disposition: Open, Options: Open Reparse Point, Attributes: n/a, ShareMode: Read, Write, Delete, AllocationSize: n/a, OpenResult: Opened"
"12:22:49.1948575 PM","main.exe","24160","QueryBasicInformationFile","C:\Windows\System32\DriverStore\FileRepository\nvlti.inf_amd64_b3badde551342cd6\NvPresent64.dll","SUCCESS","CreationTime: 1/28/2026 1:59:10 PM, LastAccessTime: 4/4/2026 12:18:59 PM, LastWriteTime: 1/22/2026 6:19:30 AM, ChangeTime: 2/22/2026 1:30:52 PM, FileAttributes: A"
"12:22:49.1948660 PM","main.exe","24160","CloseFile","C:\Windows\System32\DriverStore\FileRepository\nvlti.inf_amd64_b3badde551342cd6\NvPresent64.dll","SUCCESS",""
"12:22:49.1949388 PM","main.exe","24160","CreateFile","C:\Windows\System32\DriverStore\FileRepository\nvlti.inf_amd64_b3badde551342cd6\NvPresent64.dll","SUCCESS","Desired Access: Generic Read, Disposition: Open, Options: Synchronous IO Non-Alert, Non-Directory File, Attributes: N, ShareMode: Read, AllocationSize: n/a, OpenResult: Opened"
"12:22:49.1949913 PM","main.exe","24160","QueryStandardInformationFile","C:\Windows\System32\DriverStore\FileRepository\nvlti.inf_amd64_b3badde551342cd6\NvPresent64.dll","SUCCESS","AllocationSize: 6,721,536, EndOfFile: 6,720,744, NumberOfLinks: 1, DeletePending: False, Directory: False"
"12:22:49.1950187 PM","main.exe","24160","CreateFileMapping","C:\Windows\System32\DriverStore\FileRepository\nvlti.inf_amd64_b3badde551342cd6\NvPresent64.dll","FILE LOCKED WITH ONLY READERS","SyncType: SyncTypeCreateSection, PageProtection: PAGE_EXECUTE|PAGE_NOCACHE"
"12:22:49.1950360 PM","main.exe","24160","QueryStandardInformationFile","C:\Windows\System32\DriverStore\FileRepository\nvlti.inf_amd64_b3badde551342cd6\NvPresent64.dll","SUCCESS","AllocationSize: 6,721,536, EndOfFile: 6,720,744, NumberOfLinks: 1, DeletePending: False, Directory: False"
"12:22:49.1950602 PM","main.exe","24160","CreateFileMapping","C:\Windows\System32\DriverStore\FileRepository\nvlti.inf_amd64_b3badde551342cd6\NvPresent64.dll","SUCCESS","SyncType: SyncTypeOther"
"12:22:49.1951362 PM","main.exe","24160","CloseFile","C:\Windows\System32\DriverStore\FileRepository\nvlti.inf_amd64_b3badde551342cd6\NvPresent64.dll","SUCCESS",""
"12:22:49.1953033 PM","main.exe","24160","CreateFile","C:\Windows\System32\DriverStore\FileRepository\nvlti.inf_amd64_b3badde551342cd6\NvPresent64.dll","SUCCESS","Desired Access: Generic Read, Disposition: Open, Options: Synchronous IO Non-Alert, Non-Directory File, Attributes: N, ShareMode: Read, Delete, AllocationSize: n/a, OpenResult: Opened"
"12:22:49.1953537 PM","main.exe","24160","QueryStandardInformationFile","C:\Windows\System32\DriverStore\FileRepository\nvlti.inf_amd64_b3badde551342cd6\NvPresent64.dll","SUCCESS","AllocationSize: 6,721,536, EndOfFile: 6,720,744, NumberOfLinks: 1, DeletePending: False, Directory: False"
"12:22:49.1953696 PM","main.exe","24160","CreateFileMapping","C:\Windows\System32\DriverStore\FileRepository\nvlti.inf_amd64_b3badde551342cd6\NvPresent64.dll","FILE LOCKED WITH ONLY READERS","SyncType: SyncTypeCreateSection, PageProtection: PAGE_EXECUTE|PAGE_NOCACHE"
"12:22:49.1953839 PM","main.exe","24160","QueryStandardInformationFile","C:\Windows\System32\DriverStore\FileRepository\nvlti.inf_amd64_b3badde551342cd6\NvPresent64.dll","SUCCESS","AllocationSize: 6,721,536, EndOfFile: 6,720,744, NumberOfLinks: 1, DeletePending: False, Directory: False"
"12:22:49.1954074 PM","main.exe","24160","CreateFileMapping","C:\Windows\System32\DriverStore\FileRepository\nvlti.inf_amd64_b3badde551342cd6\NvPresent64.dll","SUCCESS","SyncType: SyncTypeOther"
"12:22:49.1954833 PM","main.exe","24160","QueryStandardInformationFile","C:\Windows\System32\DriverStore\FileRepository\nvlti.inf_amd64_b3badde551342cd6\NvPresent64.dll","SUCCESS","AllocationSize: 6,721,536, EndOfFile: 6,720,744, NumberOfLinks: 1, DeletePending: False, Directory: False"
"12:22:49.1954973 PM","main.exe","24160","CloseFile","C:\Windows\System32\DriverStore\FileRepository\nvlti.inf_amd64_b3badde551342cd6\NvPresent64.dll","SUCCESS",""
"12:22:49.1956332 PM","main.exe","24160","CreateFile","C:\Windows\System32\DriverStore\FileRepository\nvlti.inf_amd64_b3badde551342cd6\NvPresent64.dll","SUCCESS","Desired Access: Generic Read, Disposition: Open, Options: Synchronous IO Non-Alert, Non-Directory File, Attributes: N, ShareMode: Read, Delete, AllocationSize: n/a, OpenResult: Opened"
"12:22:49.1956740 PM","main.exe","24160","QueryStandardInformationFile","C:\Windows\System32\DriverStore\FileRepository\nvlti.inf_amd64_b3badde551342cd6\NvPresent64.dll","SUCCESS","AllocationSize: 6,721,536, EndOfFile: 6,720,744, NumberOfLinks: 1, DeletePending: False, Directory: False"
"12:22:49.1956882 PM","main.exe","24160","CreateFileMapping","C:\Windows\System32\DriverStore\FileRepository\nvlti.inf_amd64_b3badde551342cd6\NvPresent64.dll","FILE LOCKED WITH ONLY READERS","SyncType: SyncTypeCreateSection, PageProtection: PAGE_EXECUTE|PAGE_NOCACHE"
"12:22:49.1957021 PM","main.exe","24160","QueryStandardInformationFile","C:\Windows\System32\DriverStore\FileRepository\nvlti.inf_amd64_b3badde551342cd6\NvPresent64.dll","SUCCESS","AllocationSize: 6,721,536, EndOfFile: 6,720,744, NumberOfLinks: 1, DeletePending: False, Directory: False"
"12:22:49.1957250 PM","main.exe","24160","CreateFileMapping","C:\Windows\System32\DriverStore\FileRepository\nvlti.inf_amd64_b3badde551342cd6\NvPresent64.dll","SUCCESS","SyncType: SyncTypeOther"
"12:22:49.1964626 PM","main.exe","24160","CloseFile","C:\Windows\System32\DriverStore\FileRepository\nvlti.inf_amd64_b3badde551342cd6\NvPresent64.dll","SUCCESS",""
"12:22:49.1967394 PM","main.exe","24160","CreateFile","C:\Windows\System32\DriverStore\FileRepository\nvlti.inf_amd64_b3badde551342cd6\NvPresent64.dll","SUCCESS","Desired Access: Read Attributes, Disposition: Open, Options: Open Reparse Point, Attributes: n/a, ShareMode: Read, Write, Delete, AllocationSize: n/a, OpenResult: Opened"
"12:22:49.1967616 PM","main.exe","24160","QueryBasicInformationFile","C:\Windows\System32\DriverStore\FileRepository\nvlti.inf_amd64_b3badde551342cd6\NvPresent64.dll","SUCCESS","CreationTime: 1/28/2026 1:59:10 PM, LastAccessTime: 4/4/2026 12:22:49 PM, LastWriteTime: 1/22/2026 6:19:30 AM, ChangeTime: 2/22/2026 1:30:52 PM, FileAttributes: A"
"12:22:49.1967750 PM","main.exe","24160","CloseFile","C:\Windows\System32\DriverStore\FileRepository\nvlti.inf_amd64_b3badde551342cd6\NvPresent64.dll","SUCCESS",""
"12:22:49.1968511 PM","main.exe","24160","CreateFile","C:\Windows\System32\DriverStore\FileRepository\nvlti.inf_amd64_b3badde551342cd6\NvPresent64.dll","SUCCESS","Desired Access: Read Data/List Directory, Execute/Traverse, Synchronize, Disposition: Open, Options: Synchronous IO Non-Alert, Non-Directory File, Attributes: n/a, ShareMode: Read, Delete, AllocationSize: n/a, OpenResult: Opened"
"12:22:49.1968798 PM","main.exe","24160","CreateFileMapping","C:\Windows\System32\DriverStore\FileRepository\nvlti.inf_amd64_b3badde551342cd6\NvPresent64.dll","FILE LOCKED WITH ONLY READERS","SyncType: SyncTypeCreateSection, PageProtection: PAGE_EXECUTE|PAGE_NOCACHE"
"12:22:49.1972240 PM","main.exe","24160","CreateFileMapping","C:\Windows\System32\DriverStore\FileRepository\nvlti.inf_amd64_b3badde551342cd6\NvPresent64.dll","SUCCESS","SyncType: SyncTypeOther"
"12:22:49.1972930 PM","main.exe","24160","Load Image","C:\Windows\System32\DriverStore\FileRepository\nvlti.inf_amd64_b3badde551342cd6\NvPresent64.dll","SUCCESS","Image Base: 0x7ffee3ec0000, Image Size: 0x673000"
"12:22:49.1973535 PM","main.exe","24160","CloseFile","C:\Windows\System32\DriverStore\FileRepository\nvlti.inf_amd64_b3badde551342cd6\NvPresent64.dll","SUCCESS",""
"12:22:49.1976088 PM","main.exe","24160","QueryOpen","D:\Work\FingerDraw\FingerDraw\windows-server\Application\nvcuda.dll","NAME NOT FOUND",""
"12:22:49.1979149 PM","main.exe","24160","CreateFile","C:\Windows\System32\nvcuda.dll","SUCCESS","Desired Access: Read Attributes, Disposition: Open, Options: Open Reparse Point, Attributes: n/a, ShareMode: Read, Write, Delete, AllocationSize: n/a, OpenResult: Opened"
"12:22:49.1979825 PM","main.exe","24160","QueryBasicInformationFile","C:\Windows\System32\nvcuda.dll","SUCCESS","CreationTime: 1/28/2026 1:59:07 PM, LastAccessTime: 4/4/2026 12:18:59 PM, LastWriteTime: 1/22/2026 6:16:34 AM, ChangeTime: 2/22/2026 1:31:04 PM, FileAttributes: A"
"12:22:49.1980033 PM","main.exe","24160","CloseFile","C:\Windows\System32\nvcuda.dll","SUCCESS",""
"12:22:49.1981814 PM","main.exe","24160","CreateFile","C:\Windows\System32\nvcuda.dll","SUCCESS","Desired Access: Read Data/List Directory, Execute/Traverse, Synchronize, Disposition: Open, Options: Synchronous IO Non-Alert, Non-Directory File, Attributes: n/a, ShareMode: Read, Delete, AllocationSize: n/a, OpenResult: Opened"
"12:22:49.1982592 PM","main.exe","24160","CreateFileMapping","C:\Windows\System32\nvcuda.dll","FILE LOCKED WITH ONLY READERS","SyncType: SyncTypeCreateSection, PageProtection: PAGE_EXECUTE|PAGE_NOCACHE"
"12:22:49.1990406 PM","main.exe","24160","CreateFileMapping","C:\Windows\System32\nvcuda.dll","SUCCESS","SyncType: SyncTypeOther"
"12:22:49.1991712 PM","main.exe","24160","Load Image","C:\Windows\System32\nvcuda.dll","SUCCESS","Image Base: 0x7fff2d640000, Image Size: 0x417000"
"12:22:49.1993009 PM","main.exe","24160","CloseFile","C:\Windows\System32\nvcuda.dll","SUCCESS",""
"12:22:49.1999519 PM","main.exe","24160","ReadFile","C:\Windows\System32\DriverStore\FileRepository\nvlti.inf_amd64_b3badde551342cd6\NvPresent64.dll","SUCCESS","Offset: 6,604,288, Length: 16,384, I/O Flags: Non-cached, Paging I/O, Synchronous Paging I/O, Priority: Normal"
"12:22:49.2015936 PM","main.exe","24160","ReadFile","C:\Windows\System32\DriverStore\FileRepository\nvlti.inf_amd64_b3badde551342cd6\NvPresent64.dll","SUCCESS","Offset: 6,563,328, Length: 16,384, I/O Flags: Non-cached, Paging I/O, Synchronous Paging I/O, Priority: Normal"
"12:22:49.2018356 PM","main.exe","24160","ReadFile","C:\Windows\System32\DriverStore\FileRepository\nvlti.inf_amd64_b3badde551342cd6\NvPresent64.dll","SUCCESS","Offset: 6,542,848, Length: 16,384, I/O Flags: Non-cached, Paging I/O, Synchronous Paging I/O, Priority: Normal"
"12:22:49.2019854 PM","main.exe","24160","ReadFile","C:\Windows\System32\DriverStore\FileRepository\nvlti.inf_amd64_b3badde551342cd6\NvPresent64.dll","SUCCESS","Offset: 6,526,464, Length: 16,384, I/O Flags: Non-cached, Paging I/O, Synchronous Paging I/O, Priority: Normal"
"12:22:49.2021630 PM","main.exe","24160","ReadFile","C:\Windows\System32\DriverStore\FileRepository\nvlti.inf_amd64_b3badde551342cd6\NvPresent64.dll","SUCCESS","Offset: 6,641,152, Length: 16,384, I/O Flags: Non-cached, Paging I/O, Synchronous Paging I/O, Priority: Normal"
"12:22:49.2022834 PM","main.exe","24160","ReadFile","C:\Windows\System32\DriverStore\FileRepository\nvlti.inf_amd64_b3badde551342cd6\NvPresent64.dll","SUCCESS","Offset: 2,109,440, Length: 16,384, I/O Flags: Non-cached, Paging I/O, Synchronous Paging I/O, Priority: Normal"
"12:22:49.2035904 PM","main.exe","24160","ReadFile","C:\Windows\System32\DriverStore\FileRepository\nvlti.inf_amd64_b3badde551342cd6\NvPresent64.dll","SUCCESS","Offset: 6,559,232, Length: 4,096, I/O Flags: Non-cached, Paging I/O, Synchronous Paging I/O, Priority: Normal"
"12:22:49.2038896 PM","main.exe","24160","ReadFile","C:\Windows\System32\DriverStore\FileRepository\nvlti.inf_amd64_b3badde551342cd6\NvPresent64.dll","SUCCESS","Offset: 1,982,464, Length: 16,384, I/O Flags: Non-cached, Paging I/O, Synchronous Paging I/O, Priority: Normal"
"12:22:49.2040413 PM","main.exe","24160","ReadFile","C:\Windows\System32\DriverStore\FileRepository\nvlti.inf_amd64_b3badde551342cd6\NvPresent64.dll","SUCCESS","Offset: 1,945,600, Length: 16,384, I/O Flags: Non-cached, Paging I/O, Synchronous Paging I/O, Priority: Normal"
"12:22:49.2083462 PM","main.exe","24160","CloseFile","C:\Windows\System32\DriverStore\FileRepository\nvlti.inf_amd64_b3badde551342cd6\NvPresent64.dll","SUCCESS",""
"12:22:49.2084460 PM","main.exe","24160","ReadFile","C:\Windows\System32\DriverStore\FileRepository\nvlti.inf_amd64_b3badde551342cd6\nvldumdx.dll","SUCCESS","Offset: 713,216, Length: 8,192, I/O Flags: Non-cached, Paging I/O, Synchronous Paging I/O, Priority: Normal"
"12:22:49.2989279 PM","main.exe","24160","CreateFile","C:\Windows\System32\DriverStore\FileRepository\nvlti.inf_amd64_b3badde551342cd6\NvMemMapStoragex.dll","SUCCESS","Desired Access: Read Attributes, Disposition: Open, Options: Open Reparse Point, Attributes: n/a, ShareMode: Read, Write, Delete, AllocationSize: n/a, OpenResult: Opened"
"12:22:49.2992101 PM","main.exe","24160","QueryBasicInformationFile","C:\Windows\System32\DriverStore\FileRepository\nvlti.inf_amd64_b3badde551342cd6\NvMemMapStoragex.dll","SUCCESS","CreationTime: 1/28/2026 1:59:09 PM, LastAccessTime: 4/4/2026 12:18:59 PM, LastWriteTime: 1/22/2026 6:17:32 AM, ChangeTime: 2/22/2026 1:30:52 PM, FileAttributes: A"
"12:22:49.2992335 PM","main.exe","24160","CloseFile","C:\Windows\System32\DriverStore\FileRepository\nvlti.inf_amd64_b3badde551342cd6\NvMemMapStoragex.dll","SUCCESS",""
"12:22:49.2993914 PM","main.exe","24160","CreateFile","C:\Windows\System32\DriverStore\FileRepository\nvlti.inf_amd64_b3badde551342cd6\NvMemMapStoragex.dll","SUCCESS","Desired Access: Generic Read, Disposition: Open, Options: Synchronous IO Non-Alert, Non-Directory File, Attributes: n/a, ShareMode: Read, AllocationSize: n/a, OpenResult: Opened"
"12:22:49.2996171 PM","main.exe","24160","CreateFile","C:\Windows\System32\DriverStore\FileRepository\nvlti.inf_amd64_b3badde551342cd6\NvMemMapStoragex.dll","SUCCESS","Desired Access: Read Attributes, Disposition: Open, Options: Open Reparse Point, Attributes: n/a, ShareMode: Read, Write, Delete, AllocationSize: n/a, OpenResult: Opened"
"12:22:49.2996461 PM","main.exe","24160","QueryBasicInformationFile","C:\Windows\System32\DriverStore\FileRepository\nvlti.inf_amd64_b3badde551342cd6\NvMemMapStoragex.dll","SUCCESS","CreationTime: 1/28/2026 1:59:09 PM, LastAccessTime: 4/4/2026 12:18:59 PM, LastWriteTime: 1/22/2026 6:17:32 AM, ChangeTime: 2/22/2026 1:30:52 PM, FileAttributes: A"
"12:22:49.2996618 PM","main.exe","24160","CloseFile","C:\Windows\System32\DriverStore\FileRepository\nvlti.inf_amd64_b3badde551342cd6\NvMemMapStoragex.dll","SUCCESS",""
"12:22:49.2997982 PM","main.exe","24160","CreateFile","C:\Windows\System32\DriverStore\FileRepository\nvlti.inf_amd64_b3badde551342cd6\NvMemMapStoragex.dll","SUCCESS","Desired Access: Generic Read, Disposition: Open, Options: Synchronous IO Non-Alert, Non-Directory File, Attributes: N, ShareMode: Read, AllocationSize: n/a, OpenResult: Opened"
"12:22:49.2998420 PM","main.exe","24160","QueryStandardInformationFile","C:\Windows\System32\DriverStore\FileRepository\nvlti.inf_amd64_b3badde551342cd6\NvMemMapStoragex.dll","SUCCESS","AllocationSize: 1,245,184, EndOfFile: 1,241,880, NumberOfLinks: 1, DeletePending: False, Directory: False"
"12:22:49.2998677 PM","main.exe","24160","CreateFileMapping","C:\Windows\System32\DriverStore\FileRepository\nvlti.inf_amd64_b3badde551342cd6\NvMemMapStoragex.dll","FILE LOCKED WITH ONLY READERS","SyncType: SyncTypeCreateSection, PageProtection: PAGE_EXECUTE|PAGE_NOCACHE"
"12:22:49.2998880 PM","main.exe","24160","QueryStandardInformationFile","C:\Windows\System32\DriverStore\FileRepository\nvlti.inf_amd64_b3badde551342cd6\NvMemMapStoragex.dll","SUCCESS","AllocationSize: 1,245,184, EndOfFile: 1,241,880, NumberOfLinks: 1, DeletePending: False, Directory: False"
"12:22:49.2999195 PM","main.exe","24160","CreateFileMapping","C:\Windows\System32\DriverStore\FileRepository\nvlti.inf_amd64_b3badde551342cd6\NvMemMapStoragex.dll","SUCCESS","SyncType: SyncTypeOther"
"12:22:49.3000183 PM","main.exe","24160","CloseFile","C:\Windows\System32\DriverStore\FileRepository\nvlti.inf_amd64_b3badde551342cd6\NvMemMapStoragex.dll","SUCCESS",""
"12:22:49.3001811 PM","main.exe","24160","CreateFile","C:\Windows\System32\DriverStore\FileRepository\nvlti.inf_amd64_b3badde551342cd6\NvMemMapStoragex.dll","SUCCESS","Desired Access: Generic Read, Disposition: Open, Options: Synchronous IO Non-Alert, Non-Directory File, Attributes: N, ShareMode: Read, Delete, AllocationSize: n/a, OpenResult: Opened"
"12:22:49.3002290 PM","main.exe","24160","QueryStandardInformationFile","C:\Windows\System32\DriverStore\FileRepository\nvlti.inf_amd64_b3badde551342cd6\NvMemMapStoragex.dll","SUCCESS","AllocationSize: 1,245,184, EndOfFile: 1,241,880, NumberOfLinks: 1, DeletePending: False, Directory: False"
"12:22:49.3003348 PM","main.exe","24160","CreateFileMapping","C:\Windows\System32\DriverStore\FileRepository\nvlti.inf_amd64_b3badde551342cd6\NvMemMapStoragex.dll","FILE LOCKED WITH ONLY READERS","SyncType: SyncTypeCreateSection, PageProtection: PAGE_EXECUTE|PAGE_NOCACHE"
"12:22:49.3003656 PM","main.exe","24160","QueryStandardInformationFile","C:\Windows\System32\DriverStore\FileRepository\nvlti.inf_amd64_b3badde551342cd6\NvMemMapStoragex.dll","SUCCESS","AllocationSize: 1,245,184, EndOfFile: 1,241,880, NumberOfLinks: 1, DeletePending: False, Directory: False"
"12:22:49.3003967 PM","main.exe","24160","CreateFileMapping","C:\Windows\System32\DriverStore\FileRepository\nvlti.inf_amd64_b3badde551342cd6\NvMemMapStoragex.dll","SUCCESS","SyncType: SyncTypeOther"
"12:22:49.3005766 PM","main.exe","24160","QueryStandardInformationFile","C:\Windows\System32\DriverStore\FileRepository\nvlti.inf_amd64_b3badde551342cd6\NvMemMapStoragex.dll","SUCCESS","AllocationSize: 1,245,184, EndOfFile: 1,241,880, NumberOfLinks: 1, DeletePending: False, Directory: False"
"12:22:49.3005951 PM","main.exe","24160","CloseFile","C:\Windows\System32\DriverStore\FileRepository\nvlti.inf_amd64_b3badde551342cd6\NvMemMapStoragex.dll","SUCCESS",""
"12:22:49.3007879 PM","main.exe","24160","CreateFile","C:\Windows\System32\DriverStore\FileRepository\nvlti.inf_amd64_b3badde551342cd6\NvMemMapStoragex.dll","SUCCESS","Desired Access: Generic Read, Disposition: Open, Options: Synchronous IO Non-Alert, Non-Directory File, Attributes: N, ShareMode: Read, Delete, AllocationSize: n/a, OpenResult: Opened"
"12:22:49.3008305 PM","main.exe","24160","QueryStandardInformationFile","C:\Windows\System32\DriverStore\FileRepository\nvlti.inf_amd64_b3badde551342cd6\NvMemMapStoragex.dll","SUCCESS","AllocationSize: 1,245,184, EndOfFile: 1,241,880, NumberOfLinks: 1, DeletePending: False, Directory: False"
"12:22:49.3008469 PM","main.exe","24160","CreateFileMapping","C:\Windows\System32\DriverStore\FileRepository\nvlti.inf_amd64_b3badde551342cd6\NvMemMapStoragex.dll","FILE LOCKED WITH ONLY READERS","SyncType: SyncTypeCreateSection, PageProtection: PAGE_EXECUTE|PAGE_NOCACHE"
"12:22:49.3008618 PM","main.exe","24160","QueryStandardInformationFile","C:\Windows\System32\DriverStore\FileRepository\nvlti.inf_amd64_b3badde551342cd6\NvMemMapStoragex.dll","SUCCESS","AllocationSize: 1,245,184, EndOfFile: 1,241,880, NumberOfLinks: 1, DeletePending: False, Directory: False"
"12:22:49.3008899 PM","main.exe","24160","CreateFileMapping","C:\Windows\System32\DriverStore\FileRepository\nvlti.inf_amd64_b3badde551342cd6\NvMemMapStoragex.dll","SUCCESS","SyncType: SyncTypeOther"
"12:22:49.3036167 PM","main.exe","24160","CloseFile","C:\Windows\System32\DriverStore\FileRepository\nvlti.inf_amd64_b3badde551342cd6\NvMemMapStoragex.dll","SUCCESS",""
"12:22:49.3042859 PM","main.exe","24160","CreateFile","C:\Windows\System32\DriverStore\FileRepository\nvlti.inf_amd64_b3badde551342cd6\NvMemMapStoragex.dll","SUCCESS","Desired Access: Read Attributes, Disposition: Open, Options: Open Reparse Point, Attributes: n/a, ShareMode: Read, Write, Delete, AllocationSize: n/a, OpenResult: Opened"
"12:22:49.3043180 PM","main.exe","24160","QueryBasicInformationFile","C:\Windows\System32\DriverStore\FileRepository\nvlti.inf_amd64_b3badde551342cd6\NvMemMapStoragex.dll","SUCCESS","CreationTime: 1/28/2026 1:59:09 PM, LastAccessTime: 4/4/2026 12:22:49 PM, LastWriteTime: 1/22/2026 6:17:32 AM, ChangeTime: 2/22/2026 1:30:52 PM, FileAttributes: A"
"12:22:49.3045363 PM","main.exe","24160","CloseFile","C:\Windows\System32\DriverStore\FileRepository\nvlti.inf_amd64_b3badde551342cd6\NvMemMapStoragex.dll","SUCCESS",""
"12:22:49.3046866 PM","main.exe","24160","CreateFile","C:\Windows\System32\DriverStore\FileRepository\nvlti.inf_amd64_b3badde551342cd6\NvMemMapStoragex.dll","SUCCESS","Desired Access: Read Data/List Directory, Execute/Traverse, Synchronize, Disposition: Open, Options: Synchronous IO Non-Alert, Non-Directory File, Attributes: n/a, ShareMode: Read, Delete, AllocationSize: n/a, OpenResult: Opened"
"12:22:49.3047345 PM","main.exe","24160","CreateFileMapping","C:\Windows\System32\DriverStore\FileRepository\nvlti.inf_amd64_b3badde551342cd6\NvMemMapStoragex.dll","FILE LOCKED WITH ONLY READERS","SyncType: SyncTypeCreateSection, PageProtection: PAGE_EXECUTE|PAGE_NOCACHE"
"12:22:49.3050329 PM","main.exe","24160","CreateFileMapping","C:\Windows\System32\DriverStore\FileRepository\nvlti.inf_amd64_b3badde551342cd6\NvMemMapStoragex.dll","SUCCESS","SyncType: SyncTypeOther"
"12:22:49.3052392 PM","main.exe","24160","Load Image","C:\Windows\System32\DriverStore\FileRepository\nvlti.inf_amd64_b3badde551342cd6\NvMemMapStoragex.dll","SUCCESS","Image Base: 0x7fff62b40000, Image Size: 0x130000"
"12:22:49.3057875 PM","main.exe","24160","CloseFile","C:\Windows\System32\DriverStore\FileRepository\nvlti.inf_amd64_b3badde551342cd6\NvMemMapStoragex.dll","SUCCESS",""
"12:22:49.3063813 PM","main.exe","24160","ReadFile","C:\Windows\System32\DriverStore\FileRepository\nvlti.inf_amd64_b3badde551342cd6\NvMemMapStoragex.dll","SUCCESS","Offset: 1,175,040, Length: 16,384, I/O Flags: Non-cached, Paging I/O, Synchronous Paging I/O, Priority: Normal"
"12:22:49.3082097 PM","main.exe","24160","ReadFile","C:\Windows\System32\DriverStore\FileRepository\nvlti.inf_amd64_b3badde551342cd6\NvMemMapStoragex.dll","SUCCESS","Offset: 1,158,656, Length: 16,384, I/O Flags: Non-cached, Paging I/O, Synchronous Paging I/O, Priority: Normal"
"12:22:49.3085548 PM","main.exe","24160","ReadFile","C:\Windows\System32\DriverStore\FileRepository\nvlti.inf_amd64_b3badde551342cd6\NvMemMapStoragex.dll","SUCCESS","Offset: 1,142,272, Length: 16,384, I/O Flags: Non-cached, Paging I/O, Synchronous Paging I/O, Priority: Normal"
"12:22:49.3093349 PM","main.exe","24160","ReadFile","C:\Windows\System32\DriverStore\FileRepository\nvlti.inf_amd64_b3badde551342cd6\NvMemMapStoragex.dll","SUCCESS","Offset: 1,138,176, Length: 4,096, I/O Flags: Non-cached, Paging I/O, Synchronous Paging I/O, Priority: Normal"
"12:22:49.3095017 PM","main.exe","24160","ReadFile","C:\Windows\System32\DriverStore\FileRepository\nvlti.inf_amd64_b3badde551342cd6\NvMemMapStoragex.dll","SUCCESS","Offset: 1,024,000, Length: 16,384, I/O Flags: Non-cached, Paging I/O, Synchronous Paging I/O, Priority: Normal"
"12:22:49.3097124 PM","main.exe","24160","ReadFile","C:\Windows\System32\DriverStore\FileRepository\nvlti.inf_amd64_b3badde551342cd6\NvMemMapStoragex.dll","SUCCESS","Offset: 1,052,672, Length: 16,384, I/O Flags: Non-cached, Paging I/O, Synchronous Paging I/O, Priority: Normal"
"12:22:49.3141092 PM","main.exe","24160","CloseFile","C:\Windows\System32\DriverStore\FileRepository\nvlti.inf_amd64_b3badde551342cd6\NvMemMapStoragex.dll","SUCCESS",""
"12:22:49.3143746 PM","main.exe","24160","CreateFile","C:\Windows\System32\DriverStore\FileRepository\nvlti.inf_amd64_b3badde551342cd6\nvwgf2umx.dll","SUCCESS","Desired Access: Read Attributes, Disposition: Open, Options: Open Reparse Point, Attributes: n/a, ShareMode: Read, Write, Delete, AllocationSize: n/a, OpenResult: Opened"
"12:22:49.3144107 PM","main.exe","24160","QueryBasicInformationFile","C:\Windows\System32\DriverStore\FileRepository\nvlti.inf_amd64_b3badde551342cd6\nvwgf2umx.dll","SUCCESS","CreationTime: 1/28/2026 1:59:11 PM, LastAccessTime: 4/4/2026 12:18:59 PM, LastWriteTime: 1/22/2026 6:17:56 AM, ChangeTime: 2/22/2026 1:31:03 PM, FileAttributes: A"
"12:22:49.3144252 PM","main.exe","24160","CloseFile","C:\Windows\System32\DriverStore\FileRepository\nvlti.inf_amd64_b3badde551342cd6\nvwgf2umx.dll","SUCCESS",""
"12:22:49.3145717 PM","main.exe","24160","CreateFile","C:\Windows\System32\DriverStore\FileRepository\nvlti.inf_amd64_b3badde551342cd6\nvwgf2umx.dll","SUCCESS","Desired Access: Generic Read, Disposition: Open, Options: Synchronous IO Non-Alert, Non-Directory File, Attributes: n/a, ShareMode: Read, AllocationSize: n/a, OpenResult: Opened"
"12:22:49.3147793 PM","main.exe","24160","CreateFile","C:\Windows\System32\DriverStore\FileRepository\nvlti.inf_amd64_b3badde551342cd6\nvwgf2umx.dll","SUCCESS","Desired Access: Read Attributes, Disposition: Open, Options: Open Reparse Point, Attributes: n/a, ShareMode: Read, Write, Delete, AllocationSize: n/a, OpenResult: Opened"
"12:22:49.3148109 PM","main.exe","24160","QueryBasicInformationFile","C:\Windows\System32\DriverStore\FileRepository\nvlti.inf_amd64_b3badde551342cd6\nvwgf2umx.dll","SUCCESS","CreationTime: 1/28/2026 1:59:11 PM, LastAccessTime: 4/4/2026 12:18:59 PM, LastWriteTime: 1/22/2026 6:17:56 AM, ChangeTime: 2/22/2026 1:31:03 PM, FileAttributes: A"
"12:22:49.3148249 PM","main.exe","24160","CloseFile","C:\Windows\System32\DriverStore\FileRepository\nvlti.inf_amd64_b3badde551342cd6\nvwgf2umx.dll","SUCCESS",""
"12:22:49.3150050 PM","main.exe","24160","CreateFile","C:\Windows\System32\DriverStore\FileRepository\nvlti.inf_amd64_b3badde551342cd6\nvwgf2umx.dll","SUCCESS","Desired Access: Generic Read, Disposition: Open, Options: Synchronous IO Non-Alert, Non-Directory File, Attributes: N, ShareMode: Read, AllocationSize: n/a, OpenResult: Opened"
"12:22:49.3150528 PM","main.exe","24160","QueryStandardInformationFile","C:\Windows\System32\DriverStore\FileRepository\nvlti.inf_amd64_b3badde551342cd6\nvwgf2umx.dll","SUCCESS","AllocationSize: 85,487,616, EndOfFile: 85,487,344, NumberOfLinks: 1, DeletePending: False, Directory: False"
"12:22:49.3150799 PM","main.exe","24160","CreateFileMapping","C:\Windows\System32\DriverStore\FileRepository\nvlti.inf_amd64_b3badde551342cd6\nvwgf2umx.dll","FILE LOCKED WITH ONLY READERS","SyncType: SyncTypeCreateSection, PageProtection: PAGE_EXECUTE|PAGE_NOCACHE"
"12:22:49.3151656 PM","main.exe","24160","QueryStandardInformationFile","C:\Windows\System32\DriverStore\FileRepository\nvlti.inf_amd64_b3badde551342cd6\nvwgf2umx.dll","SUCCESS","AllocationSize: 85,487,616, EndOfFile: 85,487,344, NumberOfLinks: 1, DeletePending: False, Directory: False"
"12:22:49.3152044 PM","main.exe","24160","CreateFileMapping","C:\Windows\System32\DriverStore\FileRepository\nvlti.inf_amd64_b3badde551342cd6\nvwgf2umx.dll","SUCCESS","SyncType: SyncTypeOther"
"12:22:49.3153010 PM","main.exe","24160","CloseFile","C:\Windows\System32\DriverStore\FileRepository\nvlti.inf_amd64_b3badde551342cd6\nvwgf2umx.dll","SUCCESS",""
"12:22:49.3154676 PM","main.exe","24160","CreateFile","C:\Windows\System32\DriverStore\FileRepository\nvlti.inf_amd64_b3badde551342cd6\nvwgf2umx.dll","SUCCESS","Desired Access: Generic Read, Disposition: Open, Options: Synchronous IO Non-Alert, Non-Directory File, Attributes: N, ShareMode: Read, Delete, AllocationSize: n/a, OpenResult: Opened"
"12:22:49.3155168 PM","main.exe","24160","QueryStandardInformationFile","C:\Windows\System32\DriverStore\FileRepository\nvlti.inf_amd64_b3badde551342cd6\nvwgf2umx.dll","SUCCESS","AllocationSize: 85,487,616, EndOfFile: 85,487,344, NumberOfLinks: 1, DeletePending: False, Directory: False"
"12:22:49.3155292 PM","main.exe","24160","CreateFileMapping","C:\Windows\System32\DriverStore\FileRepository\nvlti.inf_amd64_b3badde551342cd6\nvwgf2umx.dll","FILE LOCKED WITH ONLY READERS","SyncType: SyncTypeCreateSection, PageProtection: PAGE_EXECUTE|PAGE_NOCACHE"
"12:22:49.3155544 PM","main.exe","24160","QueryStandardInformationFile","C:\Windows\System32\DriverStore\FileRepository\nvlti.inf_amd64_b3badde551342cd6\nvwgf2umx.dll","SUCCESS","AllocationSize: 85,487,616, EndOfFile: 85,487,344, NumberOfLinks: 1, DeletePending: False, Directory: False"
"12:22:49.3155775 PM","main.exe","24160","CreateFileMapping","C:\Windows\System32\DriverStore\FileRepository\nvlti.inf_amd64_b3badde551342cd6\nvwgf2umx.dll","SUCCESS","SyncType: SyncTypeOther"
"12:22:49.3156814 PM","main.exe","24160","QueryStandardInformationFile","C:\Windows\System32\DriverStore\FileRepository\nvlti.inf_amd64_b3badde551342cd6\nvwgf2umx.dll","SUCCESS","AllocationSize: 85,487,616, EndOfFile: 85,487,344, NumberOfLinks: 1, DeletePending: False, Directory: False"
"12:22:49.3156993 PM","main.exe","24160","CloseFile","C:\Windows\System32\DriverStore\FileRepository\nvlti.inf_amd64_b3badde551342cd6\nvwgf2umx.dll","SUCCESS",""
"12:22:49.3158552 PM","main.exe","24160","CreateFile","C:\Windows\System32\DriverStore\FileRepository\nvlti.inf_amd64_b3badde551342cd6\nvwgf2umx.dll","SUCCESS","Desired Access: Generic Read, Disposition: Open, Options: Synchronous IO Non-Alert, Non-Directory File, Attributes: N, ShareMode: Read, Delete, AllocationSize: n/a, OpenResult: Opened"
"12:22:49.3158986 PM","main.exe","24160","QueryStandardInformationFile","C:\Windows\System32\DriverStore\FileRepository\nvlti.inf_amd64_b3badde551342cd6\nvwgf2umx.dll","SUCCESS","AllocationSize: 85,487,616, EndOfFile: 85,487,344, NumberOfLinks: 1, DeletePending: False, Directory: False"
"12:22:49.3159169 PM","main.exe","24160","CreateFileMapping","C:\Windows\System32\DriverStore\FileRepository\nvlti.inf_amd64_b3badde551342cd6\nvwgf2umx.dll","FILE LOCKED WITH ONLY READERS","SyncType: SyncTypeCreateSection, PageProtection: PAGE_EXECUTE|PAGE_NOCACHE"
"12:22:49.3159407 PM","main.exe","24160","QueryStandardInformationFile","C:\Windows\System32\DriverStore\FileRepository\nvlti.inf_amd64_b3badde551342cd6\nvwgf2umx.dll","SUCCESS","AllocationSize: 85,487,616, EndOfFile: 85,487,344, NumberOfLinks: 1, DeletePending: False, Directory: False"
"12:22:49.3159748 PM","main.exe","24160","CreateFileMapping","C:\Windows\System32\DriverStore\FileRepository\nvlti.inf_amd64_b3badde551342cd6\nvwgf2umx.dll","SUCCESS","SyncType: SyncTypeOther"
"12:22:49.3637350 PM","main.exe","24160","CloseFile","C:\Windows\System32\DriverStore\FileRepository\nvlti.inf_amd64_b3badde551342cd6\nvwgf2umx.dll","SUCCESS",""
"12:22:49.3659494 PM","main.exe","24160","CreateFile","C:\Windows\System32\DriverStore\FileRepository\nvlti.inf_amd64_b3badde551342cd6\nvwgf2umx.dll","SUCCESS","Desired Access: Read Attributes, Disposition: Open, Options: Open Reparse Point, Attributes: n/a, ShareMode: Read, Write, Delete, AllocationSize: n/a, OpenResult: Opened"
"12:22:49.3659830 PM","main.exe","24160","QueryBasicInformationFile","C:\Windows\System32\DriverStore\FileRepository\nvlti.inf_amd64_b3badde551342cd6\nvwgf2umx.dll","SUCCESS","CreationTime: 1/28/2026 1:59:11 PM, LastAccessTime: 4/4/2026 12:22:49 PM, LastWriteTime: 1/22/2026 6:17:56 AM, ChangeTime: 2/22/2026 1:31:03 PM, FileAttributes: A"
"12:22:49.3659955 PM","main.exe","24160","CloseFile","C:\Windows\System32\DriverStore\FileRepository\nvlti.inf_amd64_b3badde551342cd6\nvwgf2umx.dll","SUCCESS",""
"12:22:49.3660919 PM","main.exe","24160","CreateFile","C:\Windows\System32\DriverStore\FileRepository\nvlti.inf_amd64_b3badde551342cd6\nvwgf2umx.dll","SUCCESS","Desired Access: Read Data/List Directory, Execute/Traverse, Synchronize, Disposition: Open, Options: Synchronous IO Non-Alert, Non-Directory File, Attributes: n/a, ShareMode: Read, Delete, AllocationSize: n/a, OpenResult: Opened"
"12:22:49.3661306 PM","main.exe","24160","CreateFileMapping","C:\Windows\System32\DriverStore\FileRepository\nvlti.inf_amd64_b3badde551342cd6\nvwgf2umx.dll","FILE LOCKED WITH ONLY READERS","SyncType: SyncTypeCreateSection, PageProtection: PAGE_EXECUTE|PAGE_NOCACHE"
"12:22:49.3666844 PM","main.exe","24160","CreateFileMapping","C:\Windows\System32\DriverStore\FileRepository\nvlti.inf_amd64_b3badde551342cd6\nvwgf2umx.dll","SUCCESS","SyncType: SyncTypeOther"
"12:22:49.3667945 PM","main.exe","24160","Load Image","C:\Windows\System32\DriverStore\FileRepository\nvlti.inf_amd64_b3badde551342cd6\nvwgf2umx.dll","SUCCESS","Image Base: 0x7ffe78a70000, Image Size: 0x50ee000"
"12:22:49.3670724 PM","main.exe","24160","CloseFile","C:\Windows\System32\DriverStore\FileRepository\nvlti.inf_amd64_b3badde551342cd6\nvwgf2umx.dll","SUCCESS",""
"12:22:49.3672611 PM","main.exe","24160","ReadFile","C:\Windows\System32\DriverStore\FileRepository\nvlti.inf_amd64_b3badde551342cd6\nvwgf2umx.dll","SUCCESS","Offset: 83,316,224, Length: 16,384, I/O Flags: Non-cached, Paging I/O, Synchronous Paging I/O, Priority: Normal"
"12:22:49.3727874 PM","main.exe","24160","ReadFile","C:\Windows\System32\DriverStore\FileRepository\nvlti.inf_amd64_b3badde551342cd6\nvwgf2umx.dll","SUCCESS","Offset: 55,367,680, Length: 16,384, I/O Flags: Non-cached, Paging I/O, Synchronous Paging I/O, Priority: Normal"
"12:22:49.3754623 PM","main.exe","24160","ReadFile","C:\Windows\System32\DriverStore\FileRepository\nvlti.inf_amd64_b3badde551342cd6\nvwgf2umx.dll","SUCCESS","Offset: 83,783,168, Length: 16,384, I/O Flags: Non-cached, Paging I/O, Synchronous Paging I/O, Priority: Normal"
"12:22:49.3756932 PM","main.exe","24160","ReadFile","C:\Windows\System32\DriverStore\FileRepository\nvlti.inf_amd64_b3badde551342cd6\nvwgf2umx.dll","SUCCESS","Offset: 83,762,688, Length: 16,384, I/O Flags: Non-cached, Paging I/O, Synchronous Paging I/O, Priority: Normal"
"12:22:49.3758877 PM","main.exe","24160","ReadFile","C:\Windows\System32\DriverStore\FileRepository\nvlti.inf_amd64_b3badde551342cd6\nvwgf2umx.dll","SUCCESS","Offset: 83,746,304, Length: 16,384, I/O Flags: Non-cached, Paging I/O, Synchronous Paging I/O, Priority: Normal"
"12:22:49.3761240 PM","main.exe","24160","ReadFile","C:\Windows\System32\DriverStore\FileRepository\nvlti.inf_amd64_b3badde551342cd6\nvwgf2umx.dll","SUCCESS","Offset: 55,871,488, Length: 16,384, I/O Flags: Non-cached, Paging I/O, Synchronous Paging I/O, Priority: Normal"
"12:22:49.3763667 PM","main.exe","24160","ReadFile","C:\Windows\System32\DriverStore\FileRepository\nvlti.inf_amd64_b3badde551342cd6\nvwgf2umx.dll","SUCCESS","Offset: 55,420,928, Length: 16,384, I/O Flags: Non-cached, Paging I/O, Synchronous Paging I/O, Priority: Normal"
"12:22:49.3765025 PM","main.exe","24160","ReadFile","C:\Windows\System32\DriverStore\FileRepository\nvlti.inf_amd64_b3badde551342cd6\nvwgf2umx.dll","SUCCESS","Offset: 55,396,352, Length: 16,384, I/O Flags: Non-cached, Paging I/O, Synchronous Paging I/O, Priority: Normal"
"12:22:49.3766465 PM","main.exe","24160","ReadFile","C:\Windows\System32\DriverStore\FileRepository\nvlti.inf_amd64_b3badde551342cd6\nvwgf2umx.dll","SUCCESS","Offset: 55,855,104, Length: 16,384, I/O Flags: Non-cached, Paging I/O, Synchronous Paging I/O, Priority: Normal"
"12:22:49.3767956 PM","main.exe","24160","ReadFile","C:\Windows\System32\DriverStore\FileRepository\nvlti.inf_amd64_b3badde551342cd6\nvwgf2umx.dll","SUCCESS","Offset: 55,384,064, Length: 12,288, I/O Flags: Non-cached, Paging I/O, Synchronous Paging I/O, Priority: Normal"
"12:22:49.3780112 PM","main.exe","24160","CloseFile","C:\Windows\System32\DriverStore\FileRepository\nvlti.inf_amd64_b3badde551342cd6\nvwgf2umx.dll","SUCCESS",""
"12:22:49.3789062 PM","main.exe","24160","ReadFile","C:\Windows\System32\DriverStore\FileRepository\nvlti.inf_amd64_b3badde551342cd6\nvwgf2umx.dll","SUCCESS","Offset: 55,359,488, Length: 4,096, I/O Flags: Non-cached, Paging I/O, Synchronous Paging I/O, Priority: Normal"
"12:22:49.3820038 PM","main.exe","24160","ReadFile","C:\Windows\System32\DriverStore\FileRepository\nvlti.inf_amd64_b3badde551342cd6\nvwgf2umx.dll","SUCCESS","Offset: 83,488,256, Length: 16,384, I/O Flags: Non-cached, Paging I/O, Synchronous Paging I/O, Priority: Normal"
"12:22:49.3821591 PM","main.exe","24160","ReadFile","C:\Windows\System32\DriverStore\FileRepository\nvlti.inf_amd64_b3badde551342cd6\nvwgf2umx.dll","SUCCESS","Offset: 55,556,096, Length: 16,384, I/O Flags: Non-cached, Paging I/O, Synchronous Paging I/O, Priority: Normal"
"12:22:49.3824994 PM","main.exe","24160","ReadFile","C:\Windows\System32\DriverStore\FileRepository\nvlti.inf_amd64_b3badde551342cd6\nvwgf2umx.dll","SUCCESS","Offset: 83,430,912, Length: 4,096, I/O Flags: Non-cached, Paging I/O, Synchronous Paging I/O, Priority: Normal"
"12:22:49.3826350 PM","main.exe","24160","ReadFile","C:\Windows\System32\DriverStore\FileRepository\nvlti.inf_amd64_b3badde551342cd6\nvwgf2umx.dll","SUCCESS","Offset: 55,412,736, Length: 8,192, I/O Flags: Non-cached, Paging I/O, Synchronous Paging I/O, Priority: Normal"
"12:22:49.3827428 PM","main.exe","24160","ReadFile","C:\Windows\System32\DriverStore\FileRepository\nvlti.inf_amd64_b3badde551342cd6\nvwgf2umx.dll","SUCCESS","Offset: 55,490,560, Length: 16,384, I/O Flags: Non-cached, Paging I/O, Synchronous Paging I/O, Priority: Normal"
"12:22:49.3829578 PM","main.exe","24160","CreateFile","C:\Windows\System32\nvspcap64.dll","NAME NOT FOUND","Desired Access: Read Attributes, Disposition: Open, Options: Open Reparse Point, Attributes: n/a, ShareMode: Read, Write, Delete, AllocationSize: n/a"
"12:22:49.3845379 PM","main.exe","24160","CreateFile","C:\Windows\System32\nvspcap64.dll","NAME NOT FOUND","Desired Access: Read Attributes, Disposition: Open, Options: Open Reparse Point, Attributes: n/a, ShareMode: Read, Write, Delete, AllocationSize: n/a"
"12:22:49.3846847 PM","main.exe","24160","CreateFile","C:\Windows\System32\nvspcap64.dll","NAME NOT FOUND","Desired Access: Read Attributes, Disposition: Open, Options: Open Reparse Point, Attributes: n/a, ShareMode: Read, Write, Delete, AllocationSize: n/a"
"12:22:49.3850393 PM","main.exe","24160","CreateFile","C:\Windows\System32\nvspcap64.dll","NAME NOT FOUND","Desired Access: Read Attributes, Disposition: Open, Options: Open Reparse Point, Attributes: n/a, ShareMode: Read, Write, Delete, AllocationSize: n/a"
"12:22:49.3853057 PM","main.exe","24160","QueryOpen","D:\Work\FingerDraw\FingerDraw\windows-server\Application\d3d12.dll","NAME NOT FOUND",""
"12:22:49.3855224 PM","main.exe","24160","CreateFile","C:\Windows\System32\D3D12.dll","SUCCESS","Desired Access: Read Attributes, Disposition: Open, Options: Open Reparse Point, Attributes: n/a, ShareMode: Read, Write, Delete, AllocationSize: n/a, OpenResult: Opened"
"12:22:49.3855800 PM","main.exe","24160","QueryBasicInformationFile","C:\Windows\System32\D3D12.dll","SUCCESS","CreationTime: 3/11/2026 1:06:40 PM, LastAccessTime: 4/4/2026 12:21:38 PM, LastWriteTime: 3/11/2026 1:06:40 PM, ChangeTime: 3/12/2026 12:16:21 AM, FileAttributes: A"
"12:22:49.3855961 PM","main.exe","24160","CloseFile","C:\Windows\System32\D3D12.dll","SUCCESS",""
"12:22:49.3857119 PM","main.exe","24160","CreateFile","C:\Windows\System32\D3D12.dll","SUCCESS","Desired Access: Generic Read/Execute, Disposition: Open, Options: Synchronous IO Non-Alert, Non-Directory File, Attributes: n/a, ShareMode: Read, Delete, AllocationSize: n/a, OpenResult: Opened"
"12:22:49.3857536 PM","main.exe","24160","CreateFileMapping","C:\Windows\System32\D3D12.dll","FILE LOCKED WITH ONLY READERS","SyncType: SyncTypeCreateSection, PageProtection: PAGE_EXECUTE|PAGE_NOCACHE"
"12:22:49.3857929 PM","main.exe","24160","CreateFileMapping","C:\Windows\System32\D3D12.dll","SUCCESS","SyncType: SyncTypeOther"
"12:22:49.3858312 PM","main.exe","24160","CloseFile","C:\Windows\System32\D3D12.dll","SUCCESS",""
"12:22:49.3859585 PM","main.exe","24160","QueryOpen","D:\Work\FingerDraw\FingerDraw\windows-server\Application\d3d12.dll","NAME NOT FOUND",""
"12:22:49.3860928 PM","main.exe","24160","CreateFile","C:\Windows\System32\D3D12.dll","SUCCESS","Desired Access: Read Attributes, Disposition: Open, Options: Open Reparse Point, Attributes: n/a, ShareMode: Read, Write, Delete, AllocationSize: n/a, OpenResult: Opened"
"12:22:49.3861206 PM","main.exe","24160","QueryBasicInformationFile","C:\Windows\System32\D3D12.dll","SUCCESS","CreationTime: 3/11/2026 1:06:40 PM, LastAccessTime: 4/4/2026 12:22:49 PM, LastWriteTime: 3/11/2026 1:06:40 PM, ChangeTime: 3/12/2026 12:16:21 AM, FileAttributes: A"
"12:22:49.3861299 PM","main.exe","24160","CloseFile","C:\Windows\System32\D3D12.dll","SUCCESS",""
"12:22:49.3862195 PM","main.exe","24160","CreateFile","C:\Windows\System32\D3D12.dll","SUCCESS","Desired Access: Generic Read/Execute, Disposition: Open, Options: Synchronous IO Non-Alert, Non-Directory File, Attributes: n/a, ShareMode: Read, Delete, AllocationSize: n/a, OpenResult: Opened"
"12:22:49.3862558 PM","main.exe","24160","CreateFileMapping","C:\Windows\System32\D3D12.dll","FILE LOCKED WITH ONLY READERS","SyncType: SyncTypeCreateSection, PageProtection: PAGE_EXECUTE|PAGE_NOCACHE"
"12:22:49.3862744 PM","main.exe","24160","CreateFileMapping","C:\Windows\System32\D3D12.dll","SUCCESS","SyncType: SyncTypeOther"
"12:22:49.3863178 PM","main.exe","24160","CloseFile","C:\Windows\System32\D3D12.dll","SUCCESS",""
"12:22:49.3864565 PM","main.exe","24160","CreateFile","D:\Work\FingerDraw\FingerDraw\windows-server\Application\d3d12.dll","NAME NOT FOUND","Desired Access: Generic Read, Disposition: Open, Options: , Attributes: n/a, ShareMode: Read, AllocationSize: n/a"
"12:22:49.3868049 PM","main.exe","24160","ReadFile","C:\Windows\System32\nvcuda.dll","SUCCESS","Offset: 4,222,464, Length: 14,336, I/O Flags: Non-cached, Paging I/O, Synchronous Paging I/O, Priority: Normal"
"12:22:49.3871156 PM","main.exe","24160","ReadFile","C:\Windows\System32\nvcuda.dll","SUCCESS","Offset: 4,218,368, Length: 4,096, I/O Flags: Non-cached, Paging I/O, Synchronous Paging I/O, Priority: Normal"
"12:22:49.3875443 PM","main.exe","24160","CreateFile","C:\Windows\System32\DriverStore\FileRepository\nvlti.inf_amd64_b3badde551342cd6\nvcuda64.dll","SUCCESS","Desired Access: Read Attributes, Disposition: Open, Options: Open Reparse Point, Attributes: n/a, ShareMode: Read, Write, Delete, AllocationSize: n/a, OpenResult: Opened"
"12:22:49.3875824 PM","main.exe","24160","QueryBasicInformationFile","C:\Windows\System32\DriverStore\FileRepository\nvlti.inf_amd64_b3badde551342cd6\nvcuda64.dll","SUCCESS","CreationTime: 1/28/2026 1:59:07 PM, LastAccessTime: 4/4/2026 12:18:59 PM, LastWriteTime: 1/22/2026 6:16:16 AM, ChangeTime: 2/22/2026 1:30:57 PM, FileAttributes: A"
"12:22:49.3877026 PM","main.exe","24160","CloseFile","C:\Windows\System32\DriverStore\FileRepository\nvlti.inf_amd64_b3badde551342cd6\nvcuda64.dll","SUCCESS",""
"12:22:49.3878448 PM","main.exe","24160","CreateFile","C:\Windows\System32\DriverStore\FileRepository\nvlti.inf_amd64_b3badde551342cd6\nvcuda64.dll","SUCCESS","Desired Access: Read Data/List Directory, Execute/Traverse, Synchronize, Disposition: Open, Options: Synchronous IO Non-Alert, Non-Directory File, Attributes: n/a, ShareMode: Read, Delete, AllocationSize: n/a, OpenResult: Opened"
"12:22:49.3878939 PM","main.exe","24160","CreateFileMapping","C:\Windows\System32\DriverStore\FileRepository\nvlti.inf_amd64_b3badde551342cd6\nvcuda64.dll","FILE LOCKED WITH ONLY READERS","SyncType: SyncTypeCreateSection, PageProtection: PAGE_EXECUTE|PAGE_NOCACHE"
"12:22:49.3882446 PM","main.exe","24160","CreateFileMapping","C:\Windows\System32\DriverStore\FileRepository\nvlti.inf_amd64_b3badde551342cd6\nvcuda64.dll","SUCCESS","SyncType: SyncTypeOther"
"12:22:49.3883434 PM","main.exe","24160","Load Image","C:\Windows\System32\DriverStore\FileRepository\nvlti.inf_amd64_b3badde551342cd6\nvcuda64.dll","SUCCESS","Image Base: 0x7ffed1720000, Image Size: 0x21dd000"
"12:22:49.3885457 PM","main.exe","24160","CloseFile","C:\Windows\System32\DriverStore\FileRepository\nvlti.inf_amd64_b3badde551342cd6\nvcuda64.dll","SUCCESS",""
"12:22:49.3910353 PM","main.exe","24160","ReadFile","C:\Windows\System32\DriverStore\FileRepository\nvlti.inf_amd64_b3badde551342cd6\nvcuda64.dll","SUCCESS","Offset: 35,036,672, Length: 15,360, I/O Flags: Non-cached, Paging I/O, Synchronous Paging I/O, Priority: Normal"
"12:22:49.3913519 PM","main.exe","24160","ReadFile","C:\Windows\System32\DriverStore\FileRepository\nvlti.inf_amd64_b3badde551342cd6\nvcuda64.dll","SUCCESS","Offset: 34,647,552, Length: 16,384, I/O Flags: Non-cached, Paging I/O, Synchronous Paging I/O, Priority: Normal"
"12:22:49.3915030 PM","main.exe","24160","ReadFile","C:\Windows\System32\DriverStore\FileRepository\nvlti.inf_amd64_b3badde551342cd6\nvcuda64.dll","SUCCESS","Offset: 34,446,848, Length: 16,384, I/O Flags: Non-cached, Paging I/O, Synchronous Paging I/O, Priority: Normal"
"12:22:49.3916428 PM","main.exe","24160","ReadFile","C:\Windows\System32\DriverStore\FileRepository\nvlti.inf_amd64_b3badde551342cd6\nvcuda64.dll","SUCCESS","Offset: 34,344,448, Length: 16,384, I/O Flags: Non-cached, Paging I/O, Synchronous Paging I/O, Priority: Normal"
"12:22:49.3917474 PM","main.exe","24160","ReadFile","C:\Windows\System32\DriverStore\FileRepository\nvlti.inf_amd64_b3badde551342cd6\nvcuda64.dll","SUCCESS","Offset: 34,295,296, Length: 16,384, I/O Flags: Non-cached, Paging I/O, Synchronous Paging I/O, Priority: Normal"
"12:22:49.3919054 PM","main.exe","24160","ReadFile","C:\Windows\System32\DriverStore\FileRepository\nvlti.inf_amd64_b3badde551342cd6\nvcuda64.dll","SUCCESS","Offset: 34,270,720, Length: 16,384, I/O Flags: Non-cached, Paging I/O, Synchronous Paging I/O, Priority: Normal"
"12:22:49.3920130 PM","main.exe","24160","ReadFile","C:\Windows\System32\DriverStore\FileRepository\nvlti.inf_amd64_b3badde551342cd6\nvcuda64.dll","SUCCESS","Offset: 34,254,336, Length: 16,384, I/O Flags: Non-cached, Paging I/O, Synchronous Paging I/O, Priority: Normal"
"12:22:49.3921713 PM","main.exe","24160","ReadFile","C:\Windows\System32\DriverStore\FileRepository\nvlti.inf_amd64_b3badde551342cd6\nvcuda64.dll","SUCCESS","Offset: 34,246,144, Length: 8,192, I/O Flags: Non-cached, Paging I/O, Synchronous Paging I/O, Priority: Normal"
"12:22:49.3922998 PM","main.exe","24160","ReadFile","C:\Windows\System32\DriverStore\FileRepository\nvlti.inf_amd64_b3badde551342cd6\nvcuda64.dll","SUCCESS","Offset: 34,319,872, Length: 16,384, I/O Flags: Non-cached, Paging I/O, Synchronous Paging I/O, Priority: Normal"
"12:22:49.3924185 PM","main.exe","24160","ReadFile","C:\Windows\System32\DriverStore\FileRepository\nvlti.inf_amd64_b3badde551342cd6\nvcuda64.dll","SUCCESS","Offset: 33,089,024, Length: 16,384, I/O Flags: Non-cached, Paging I/O, Synchronous Paging I/O, Priority: Normal"
"12:22:49.3925664 PM","main.exe","24160","ReadFile","C:\Windows\System32\DriverStore\FileRepository\nvlti.inf_amd64_b3badde551342cd6\nvcuda64.dll","SUCCESS","Offset: 33,113,600, Length: 16,384, I/O Flags: Non-cached, Paging I/O, Synchronous Paging I/O, Priority: Normal"
"12:22:49.3927229 PM","main.exe","24160","ReadFile","C:\Windows\System32\DriverStore\FileRepository\nvlti.inf_amd64_b3badde551342cd6\nvcuda64.dll","SUCCESS","Offset: 34,393,600, Length: 16,384, I/O Flags: Non-cached, Paging I/O, Synchronous Paging I/O, Priority: Normal"
"12:22:49.3928284 PM","main.exe","24160","ReadFile","C:\Windows\System32\DriverStore\FileRepository\nvlti.inf_amd64_b3badde551342cd6\nvcuda64.dll","SUCCESS","Offset: 34,369,024, Length: 16,384, I/O Flags: Non-cached, Paging I/O, Synchronous Paging I/O, Priority: Normal"
"12:22:49.3929404 PM","main.exe","24160","ReadFile","C:\Windows\System32\DriverStore\FileRepository\nvlti.inf_amd64_b3badde551342cd6\nvcuda64.dll","SUCCESS","Offset: 33,166,848, Length: 16,384, I/O Flags: Non-cached, Paging I/O, Synchronous Paging I/O, Priority: Normal"
"12:22:49.3956355 PM","main.exe","24160","ReadFile","C:\Windows\System32\DriverStore\FileRepository\nvlti.inf_amd64_b3badde551342cd6\nvcuda64.dll","SUCCESS","Offset: 34,385,408, Length: 8,192, I/O Flags: Non-cached, Paging I/O, Synchronous Paging I/O, Priority: Normal"
"12:22:49.3958003 PM","main.exe","24160","ReadFile","C:\Windows\System32\DriverStore\FileRepository\nvlti.inf_amd64_b3badde551342cd6\nvcuda64.dll","SUCCESS","Offset: 33,224,192, Length: 16,384, I/O Flags: Non-cached, Paging I/O, Synchronous Paging I/O, Priority: Normal"
"12:22:49.3959364 PM","main.exe","24160","ReadFile","C:\Windows\System32\DriverStore\FileRepository\nvlti.inf_amd64_b3badde551342cd6\nvcuda64.dll","SUCCESS","Offset: 34,422,272, Length: 16,384, I/O Flags: Non-cached, Paging I/O, Synchronous Paging I/O, Priority: Normal"
"12:22:49.3960563 PM","main.exe","24160","ReadFile","C:\Windows\System32\DriverStore\FileRepository\nvlti.inf_amd64_b3badde551342cd6\nvcuda64.dll","SUCCESS","Offset: 34,438,656, Length: 8,192, I/O Flags: Non-cached, Paging I/O, Synchronous Paging I/O, Priority: Normal"
"12:22:49.3961680 PM","main.exe","24160","ReadFile","C:\Windows\System32\DriverStore\FileRepository\nvlti.inf_amd64_b3badde551342cd6\nvcuda64.dll","SUCCESS","Offset: 33,289,728, Length: 16,384, I/O Flags: Non-cached, Paging I/O, Synchronous Paging I/O, Priority: Normal"
"12:22:49.3965686 PM","main.exe","24160","CreateFile","C:\Windows\System32\nvapi64.dll","SUCCESS","Desired Access: Read Attributes, Disposition: Open, Options: Open Reparse Point, Attributes: n/a, ShareMode: Read, Write, Delete, AllocationSize: n/a, OpenResult: Opened"
"12:22:49.3966100 PM","main.exe","24160","QueryBasicInformationFile","C:\Windows\System32\nvapi64.dll","SUCCESS","CreationTime: 1/28/2026 1:59:06 PM, LastAccessTime: 4/4/2026 12:21:27 PM, LastWriteTime: 1/22/2026 6:16:02 AM, ChangeTime: 2/22/2026 1:31:04 PM, FileAttributes: A"
"12:22:49.3966216 PM","main.exe","24160","CloseFile","C:\Windows\System32\nvapi64.dll","SUCCESS",""
"12:22:49.3967142 PM","main.exe","24160","CreateFile","C:\Windows\System32\nvapi64.dll","SUCCESS","Desired Access: Read Data/List Directory, Execute/Traverse, Synchronize, Disposition: Open, Options: Synchronous IO Non-Alert, Non-Directory File, Attributes: n/a, ShareMode: Read, Delete, AllocationSize: n/a, OpenResult: Opened"
"12:22:49.3967525 PM","main.exe","24160","CreateFileMapping","C:\Windows\System32\nvapi64.dll","FILE LOCKED WITH ONLY READERS","SyncType: SyncTypeCreateSection, PageProtection: PAGE_EXECUTE|PAGE_NOCACHE"
"12:22:49.3967779 PM","main.exe","24160","CreateFileMapping","C:\Windows\System32\nvapi64.dll","SUCCESS","SyncType: SyncTypeOther"
"12:22:49.3968937 PM","main.exe","24160","Load Image","C:\Windows\System32\nvapi64.dll","SUCCESS","Image Base: 0x7fff97670000, Image Size: 0x595000"
"12:22:49.3970690 PM","main.exe","24160","Load Image","C:\Windows\System32\setupapi.dll","SUCCESS","Image Base: 0x7fffa68b0000, Image Size: 0x487000"
"12:22:49.3972744 PM","main.exe","24160","Load Image","C:\Windows\System32\oleaut32.dll","SUCCESS","Image Base: 0x7fffa6640000, Image Size: 0xd7000"
"12:22:49.3976031 PM","main.exe","24160","CloseFile","C:\Windows\System32\nvapi64.dll","SUCCESS",""
"12:22:49.3978281 PM","main.exe","24160","QueryNameInformationFile","C:\Windows\System32\setupapi.dll","SUCCESS","Name: \Windows\System32\setupapi.dll"
"12:22:49.3979206 PM","main.exe","24160","QueryNameInformationFile","C:\Windows\System32\setupapi.dll","SUCCESS","Name: \Windows\System32\setupapi.dll"
"12:22:49.3987830 PM","main.exe","24160","ReadFile","C:\Windows\System32\nvapi64.dll","SUCCESS","Offset: 5,508,096, Length: 12,800, I/O Flags: Non-cached, Paging I/O, Synchronous Paging I/O, Priority: Normal"
"12:22:49.3990106 PM","main.exe","24160","ReadFile","C:\Windows\System32\nvapi64.dll","SUCCESS","Offset: 5,450,752, Length: 16,384, I/O Flags: Non-cached, Paging I/O, Synchronous Paging I/O, Priority: Normal"
"12:22:49.3992999 PM","main.exe","24160","ReadFile","C:\Windows\System32\nvapi64.dll","SUCCESS","Offset: 5,483,520, Length: 16,384, I/O Flags: Non-cached, Paging I/O, Synchronous Paging I/O, Priority: Normal"
"12:22:49.3994935 PM","main.exe","24160","ReadFile","C:\Windows\System32\nvapi64.dll","SUCCESS","Offset: 5,499,904, Length: 8,192, I/O Flags: Non-cached, Paging I/O, Synchronous Paging I/O, Priority: Normal"
"12:22:49.3996043 PM","main.exe","24160","ReadFile","C:\Windows\System32\nvapi64.dll","SUCCESS","Offset: 5,074,432, Length: 16,384, I/O Flags: Non-cached, Paging I/O, Synchronous Paging I/O, Priority: Normal"
"12:22:49.3997538 PM","main.exe","24160","ReadFile","C:\Windows\System32\nvapi64.dll","SUCCESS","Offset: 5,413,888, Length: 16,384, I/O Flags: Non-cached, Paging I/O, Synchronous Paging I/O, Priority: Normal"
"12:22:49.3999035 PM","main.exe","24160","ReadFile","C:\Windows\System32\nvapi64.dll","SUCCESS","Offset: 5,430,272, Length: 16,384, I/O Flags: Non-cached, Paging I/O, Synchronous Paging I/O, Priority: Normal"
"12:22:49.4000589 PM","main.exe","24160","ReadFile","C:\Windows\System32\nvapi64.dll","SUCCESS","Offset: 4,976,128, Length: 16,384, I/O Flags: Non-cached, Paging I/O, Synchronous Paging I/O, Priority: Normal"
"12:22:49.4001856 PM","main.exe","24160","ReadFile","C:\Windows\System32\nvapi64.dll","SUCCESS","Offset: 5,139,968, Length: 16,384, I/O Flags: Non-cached, Paging I/O, Synchronous Paging I/O, Priority: Normal"
"12:22:49.4007580 PM","main.exe","24160","ReadFile","C:\Windows\System32\nvapi64.dll","SUCCESS","Offset: 5,103,104, Length: 16,384, I/O Flags: Non-cached, Paging I/O, Synchronous Paging I/O, Priority: Normal"
"12:22:49.4020080 PM","main.exe","24160","ReadFile","C:\Windows\System32\nvapi64.dll","SUCCESS","Offset: 5,397,504, Length: 16,384, I/O Flags: Non-cached, Paging I/O, Synchronous Paging I/O, Priority: Normal"
"12:22:49.4022769 PM","main.exe","24160","ReadFile","C:\Windows\System32\nvapi64.dll","SUCCESS","Offset: 5,381,120, Length: 16,384, I/O Flags: Non-cached, Paging I/O, Synchronous Paging I/O, Priority: Normal"
"12:22:49.4024816 PM","main.exe","24160","ReadFile","C:\Windows\System32\nvapi64.dll","SUCCESS","Offset: 4,926,976, Length: 16,384, I/O Flags: Non-cached, Paging I/O, Synchronous Paging I/O, Priority: Normal"
"12:22:49.4027408 PM","main.exe","24160","ReadFile","C:\Windows\System32\nvapi64.dll","SUCCESS","Offset: 4,914,688, Length: 12,288, I/O Flags: Non-cached, Paging I/O, Synchronous Paging I/O, Priority: Normal"
"12:22:49.4034061 PM","main.exe","24160","ReadFile","C:\Windows\System32\nvapi64.dll","SUCCESS","Offset: 5,012,992, Length: 16,384, I/O Flags: Non-cached, Paging I/O, Synchronous Paging I/O, Priority: Normal"
"12:22:49.4035716 PM","main.exe","24160","ReadFile","C:\Windows\System32\nvapi64.dll","SUCCESS","Offset: 5,467,136, Length: 16,384, I/O Flags: Non-cached, Paging I/O, Synchronous Paging I/O, Priority: Normal"
"12:22:49.4037215 PM","main.exe","24160","ReadFile","C:\Windows\System32\nvapi64.dll","SUCCESS","Offset: 5,090,816, Length: 12,288, I/O Flags: Non-cached, Paging I/O, Synchronous Paging I/O, Priority: Normal"
"12:22:49.4154570 PM","main.exe","24160","ReadFile","C:\Windows\System32\DriverStore\FileRepository\nvlti.inf_amd64_b3badde551342cd6\nvcuda64.dll","SUCCESS","Offset: 34,848,256, Length: 16,384, I/O Flags: Non-cached, Paging I/O, Synchronous Paging I/O, Priority: Normal"
"12:22:49.4156549 PM","main.exe","24160","ReadFile","C:\Windows\System32\DriverStore\FileRepository\nvlti.inf_amd64_b3badde551342cd6\nvcuda64.dll","SUCCESS","Offset: 34,950,656, Length: 16,384, I/O Flags: Non-cached, Paging I/O, Synchronous Paging I/O, Priority: Normal"
"12:22:49.4157832 PM","main.exe","24160","ReadFile","C:\Windows\System32\DriverStore\FileRepository\nvlti.inf_amd64_b3badde551342cd6\nvcuda64.dll","SUCCESS","Offset: 34,999,808, Length: 16,384, I/O Flags: Non-cached, Paging I/O, Synchronous Paging I/O, Priority: Normal"
"12:22:49.4159032 PM","main.exe","24160","ReadFile","C:\Windows\System32\DriverStore\FileRepository\nvlti.inf_amd64_b3badde551342cd6\nvcuda64.dll","SUCCESS","Offset: 35,020,288, Length: 16,384, I/O Flags: Non-cached, Paging I/O, Synchronous Paging I/O, Priority: Normal"
"12:22:49.4160182 PM","main.exe","24160","ReadFile","C:\Windows\System32\DriverStore\FileRepository\nvlti.inf_amd64_b3badde551342cd6\nvcuda64.dll","SUCCESS","Offset: 34,162,176, Length: 16,384, I/O Flags: Non-cached, Paging I/O, Synchronous Paging I/O, Priority: Normal"
"12:22:49.4161374 PM","main.exe","24160","ReadFile","C:\Windows\System32\DriverStore\FileRepository\nvlti.inf_amd64_b3badde551342cd6\nvcuda64.dll","SUCCESS","Offset: 34,145,792, Length: 16,384, I/O Flags: Non-cached, Paging I/O, Synchronous Paging I/O, Priority: Normal"
"12:22:49.4162483 PM","main.exe","24160","ReadFile","C:\Windows\System32\DriverStore\FileRepository\nvlti.inf_amd64_b3badde551342cd6\nvcuda64.dll","SUCCESS","Offset: 33,072,640, Length: 16,384, I/O Flags: Non-cached, Paging I/O, Synchronous Paging I/O, Priority: Normal"
"12:22:49.4163467 PM","main.exe","24160","CreateFile","C:\Windows\System32\DriverStore\FileRepository\nvlti.inf_amd64_b3badde551342cd6\nvdxgdmal64.dll","SUCCESS","Desired Access: Generic Read, Disposition: Open, Options: Synchronous IO Non-Alert, Non-Directory File, Attributes: N, ShareMode: Read, Write, AllocationSize: n/a, OpenResult: Opened"
"12:22:49.4164261 PM","main.exe","24160","CloseFile","C:\Windows\System32\DriverStore\FileRepository\nvlti.inf_amd64_b3badde551342cd6\nvdxgdmal64.dll","SUCCESS",""
"12:22:49.4166279 PM","main.exe","24160","CreateFile","C:\Windows\System32\DriverStore\FileRepository\nvlti.inf_amd64_b3badde551342cd6\nvdxgdmal64.dll","SUCCESS","Desired Access: Read Attributes, Disposition: Open, Options: Open Reparse Point, Attributes: n/a, ShareMode: Read, Write, Delete, AllocationSize: n/a, OpenResult: Opened"
"12:22:49.4166503 PM","main.exe","24160","QueryBasicInformationFile","C:\Windows\System32\DriverStore\FileRepository\nvlti.inf_amd64_b3badde551342cd6\nvdxgdmal64.dll","SUCCESS","CreationTime: 1/28/2026 1:59:08 PM, LastAccessTime: 4/4/2026 12:18:59 PM, LastWriteTime: 1/22/2026 6:17:12 AM, ChangeTime: 2/22/2026 1:30:59 PM, FileAttributes: A"
"12:22:49.4166609 PM","main.exe","24160","CloseFile","C:\Windows\System32\DriverStore\FileRepository\nvlti.inf_amd64_b3badde551342cd6\nvdxgdmal64.dll","SUCCESS",""
"12:22:49.4167373 PM","main.exe","24160","CreateFile","C:\Windows\System32\DriverStore\FileRepository\nvlti.inf_amd64_b3badde551342cd6\nvdxgdmal64.dll","SUCCESS","Desired Access: Read Data/List Directory, Execute/Traverse, Synchronize, Disposition: Open, Options: Synchronous IO Non-Alert, Non-Directory File, Attributes: n/a, ShareMode: Read, Delete, AllocationSize: n/a, OpenResult: Opened"
"12:22:49.4167709 PM","main.exe","24160","CreateFileMapping","C:\Windows\System32\DriverStore\FileRepository\nvlti.inf_amd64_b3badde551342cd6\nvdxgdmal64.dll","FILE LOCKED WITH ONLY READERS","SyncType: SyncTypeCreateSection, PageProtection: PAGE_EXECUTE|PAGE_NOCACHE"
"12:22:49.4168162 PM","main.exe","24160","CreateFileMapping","C:\Windows\System32\DriverStore\FileRepository\nvlti.inf_amd64_b3badde551342cd6\nvdxgdmal64.dll","SUCCESS","SyncType: SyncTypeOther"
"12:22:49.4169196 PM","main.exe","24160","Load Image","C:\Windows\System32\DriverStore\FileRepository\nvlti.inf_amd64_b3badde551342cd6\nvdxgdmal64.dll","SUCCESS","Image Base: 0x7fff64f10000, Image Size: 0x9a000"
"12:22:49.4170447 PM","main.exe","24160","CloseFile","C:\Windows\System32\DriverStore\FileRepository\nvlti.inf_amd64_b3badde551342cd6\nvdxgdmal64.dll","SUCCESS",""
"12:22:49.4178324 PM","main.exe","24160","ReadFile","C:\Windows\System32\DriverStore\FileRepository\nvlti.inf_amd64_b3badde551342cd6\nvdxgdmal64.dll","SUCCESS","Offset: 582,656, Length: 14,336, I/O Flags: Non-cached, Paging I/O, Synchronous Paging I/O, Priority: Normal"
"12:22:49.4180957 PM","main.exe","24160","ReadFile","C:\Windows\System32\DriverStore\FileRepository\nvlti.inf_amd64_b3badde551342cd6\nvdxgdmal64.dll","SUCCESS","Offset: 570,368, Length: 12,288, I/O Flags: Non-cached, Paging I/O, Synchronous Paging I/O, Priority: Normal"
"12:22:49.4183169 PM","main.exe","24160","ReadFile","C:\Windows\System32\DriverStore\FileRepository\nvlti.inf_amd64_b3badde551342cd6\nvcuda64.dll","SUCCESS","Offset: 33,273,344, Length: 16,384, I/O Flags: Non-cached, Paging I/O, Synchronous Paging I/O, Priority: Normal"
"12:22:49.4184584 PM","main.exe","24160","ReadFile","C:\Windows\System32\DriverStore\FileRepository\nvlti.inf_amd64_b3badde551342cd6\nvcuda64.dll","SUCCESS","Offset: 33,150,464, Length: 16,384, I/O Flags: Non-cached, Paging I/O, Synchronous Paging I/O, Priority: Normal"
"12:22:49.4212468 PM","main.exe","24160","ReadFile","C:\Windows\System32\nvapi64.dll","SUCCESS","Offset: 4,996,608, Length: 16,384, I/O Flags: Non-cached, Paging I/O, Synchronous Paging I/O, Priority: Normal"
"12:22:49.4522169 PM","main.exe","24160","ReadFile","C:\Windows\System32\DriverStore\FileRepository\nvlti.inf_amd64_b3badde551342cd6\nvcuda64.dll","SUCCESS","Offset: 34,287,104, Length: 8,192, I/O Flags: Non-cached, Paging I/O, Synchronous Paging I/O, Priority: Normal"
"12:22:49.4537976 PM","main.exe","24160","ReadFile","C:\Windows\System32\DriverStore\FileRepository\nvlti.inf_amd64_b3badde551342cd6\nvcuda64.dll","SUCCESS","Offset: 33,056,256, Length: 16,384, I/O Flags: Non-cached, Paging I/O, Synchronous Paging I/O, Priority: Normal"
"12:22:49.4558041 PM","main.exe","24160","QueryNameInformationFile","C:\Windows\System32\dxgi.dll","SUCCESS","Name: \Windows\System32\dxgi.dll"
"12:22:49.4558372 PM","main.exe","24160","QueryNameInformationFile","C:\Windows\System32\dxgi.dll","SUCCESS","Name: \Windows\System32\dxgi.dll"
"12:22:49.4558628 PM","main.exe","24160","QueryNameInformationFile","C:\Windows\System32\dxgi.dll","SUCCESS","Name: \Windows\System32\dxgi.dll"
"12:22:49.4558842 PM","main.exe","24160","QueryNameInformationFile","C:\Windows\System32\dxgi.dll","SUCCESS","Name: \Windows\System32\dxgi.dll"
"12:22:49.4568617 PM","main.exe","24160","ReadFile","C:\Windows\System32\DriverStore\FileRepository\nvlti.inf_amd64_b3badde551342cd6\nvwgf2umx.dll","SUCCESS","Offset: 83,381,760, Length: 16,384, I/O Flags: Non-cached, Paging I/O, Synchronous Paging I/O, Priority: Normal"
"12:22:49.4570891 PM","main.exe","24160","QueryOpen","D:\Work\FingerDraw\FingerDraw\windows-server\Application\d3d12.dll","NAME NOT FOUND",""
"12:22:49.4572495 PM","main.exe","24160","CreateFile","C:\Windows\System32\D3D12.dll","SUCCESS","Desired Access: Read Attributes, Disposition: Open, Options: Open Reparse Point, Attributes: n/a, ShareMode: Read, Write, Delete, AllocationSize: n/a, OpenResult: Opened"
"12:22:49.4572860 PM","main.exe","24160","QueryBasicInformationFile","C:\Windows\System32\D3D12.dll","SUCCESS","CreationTime: 3/11/2026 1:06:40 PM, LastAccessTime: 4/4/2026 12:22:49 PM, LastWriteTime: 3/11/2026 1:06:40 PM, ChangeTime: 3/12/2026 12:16:21 AM, FileAttributes: A"
"12:22:49.4572984 PM","main.exe","24160","CloseFile","C:\Windows\System32\D3D12.dll","SUCCESS",""
"12:22:49.4574243 PM","main.exe","24160","CreateFile","C:\Windows\System32\D3D12.dll","SUCCESS","Desired Access: Generic Read/Execute, Disposition: Open, Options: Synchronous IO Non-Alert, Non-Directory File, Attributes: n/a, ShareMode: Read, Delete, AllocationSize: n/a, OpenResult: Opened"
"12:22:49.4574652 PM","main.exe","24160","CreateFileMapping","C:\Windows\System32\D3D12.dll","FILE LOCKED WITH ONLY READERS","SyncType: SyncTypeCreateSection, PageProtection: PAGE_EXECUTE|PAGE_NOCACHE"
"12:22:49.4574979 PM","main.exe","24160","CreateFileMapping","C:\Windows\System32\D3D12.dll","SUCCESS","SyncType: SyncTypeOther"
"12:22:49.4575266 PM","main.exe","24160","CloseFile","C:\Windows\System32\D3D12.dll","SUCCESS",""
"12:22:49.4576415 PM","main.exe","24160","QueryOpen","D:\Work\FingerDraw\FingerDraw\windows-server\Application\d3d12.dll","NAME NOT FOUND",""
"12:22:49.4577553 PM","main.exe","24160","CreateFile","C:\Windows\System32\D3D12.dll","SUCCESS","Desired Access: Read Attributes, Disposition: Open, Options: Open Reparse Point, Attributes: n/a, ShareMode: Read, Write, Delete, AllocationSize: n/a, OpenResult: Opened"
"12:22:49.4577882 PM","main.exe","24160","QueryBasicInformationFile","C:\Windows\System32\D3D12.dll","SUCCESS","CreationTime: 3/11/2026 1:06:40 PM, LastAccessTime: 4/4/2026 12:22:49 PM, LastWriteTime: 3/11/2026 1:06:40 PM, ChangeTime: 3/12/2026 12:16:21 AM, FileAttributes: A"
"12:22:49.4577986 PM","main.exe","24160","CloseFile","C:\Windows\System32\D3D12.dll","SUCCESS",""
"12:22:49.4578742 PM","main.exe","24160","CreateFile","C:\Windows\System32\D3D12.dll","SUCCESS","Desired Access: Generic Read/Execute, Disposition: Open, Options: Synchronous IO Non-Alert, Non-Directory File, Attributes: n/a, ShareMode: Read, Delete, AllocationSize: n/a, OpenResult: Opened"
"12:22:49.4579070 PM","main.exe","24160","CreateFileMapping","C:\Windows\System32\D3D12.dll","FILE LOCKED WITH ONLY READERS","SyncType: SyncTypeCreateSection, PageProtection: PAGE_EXECUTE|PAGE_NOCACHE"
"12:22:49.4579259 PM","main.exe","24160","CreateFileMapping","C:\Windows\System32\D3D12.dll","SUCCESS","SyncType: SyncTypeOther"
"12:22:49.4579496 PM","main.exe","24160","CloseFile","C:\Windows\System32\D3D12.dll","SUCCESS",""
"12:22:49.4580427 PM","main.exe","24160","CreateFile","D:\Work\FingerDraw\FingerDraw\windows-server\Application\d3d12.dll","NAME NOT FOUND","Desired Access: Generic Read, Disposition: Open, Options: , Attributes: n/a, ShareMode: Read, AllocationSize: n/a"
"12:22:49.4584240 PM","main.exe","24160","ReadFile","C:\Windows\System32\DriverStore\FileRepository\nvlti.inf_amd64_b3badde551342cd6\nvwgf2umx.dll","SUCCESS","Offset: 83,590,656, Length: 16,384, I/O Flags: Non-cached, Paging I/O, Synchronous Paging I/O, Priority: Normal"
"12:22:49.4586397 PM","main.exe","24160","ReadFile","C:\Windows\System32\DriverStore\FileRepository\nvlti.inf_amd64_b3badde551342cd6\nvwgf2umx.dll","SUCCESS","Offset: 83,607,040, Length: 16,384, I/O Flags: Non-cached, Paging I/O, Synchronous Paging I/O, Priority: Normal"
"12:22:49.4588347 PM","main.exe","24160","ReadFile","C:\Windows\System32\DriverStore\FileRepository\nvlti.inf_amd64_b3badde551342cd6\nvwgf2umx.dll","SUCCESS","Offset: 55,678,976, Length: 16,384, I/O Flags: Non-cached, Paging I/O, Synchronous Paging I/O, Priority: Normal"
"12:22:49.4591077 PM","main.exe","24160","CreateFile","C:\Windows\System32\uxtheme.dll","SUCCESS","Desired Access: Read Attributes, Disposition: Open, Options: Open Reparse Point, Attributes: n/a, ShareMode: Read, Write, Delete, AllocationSize: n/a, OpenResult: Opened"
"12:22:49.4591447 PM","main.exe","24160","QueryBasicInformationFile","C:\Windows\System32\uxtheme.dll","SUCCESS","CreationTime: 3/11/2026 1:06:49 PM, LastAccessTime: 4/4/2026 12:22:43 PM, LastWriteTime: 3/11/2026 1:06:49 PM, ChangeTime: 3/12/2026 12:16:19 AM, FileAttributes: A"
"12:22:49.4591580 PM","main.exe","24160","CloseFile","C:\Windows\System32\uxtheme.dll","SUCCESS",""
"12:22:49.4592418 PM","main.exe","24160","CreateFile","C:\Windows\System32\uxtheme.dll","SUCCESS","Desired Access: Read Data/List Directory, Execute/Traverse, Synchronize, Disposition: Open, Options: Synchronous IO Non-Alert, Non-Directory File, Attributes: n/a, ShareMode: Read, Delete, AllocationSize: n/a, OpenResult: Opened"
"12:22:49.4592839 PM","main.exe","24160","CreateFileMapping","C:\Windows\System32\uxtheme.dll","FILE LOCKED WITH ONLY READERS","SyncType: SyncTypeCreateSection, PageProtection: PAGE_EXECUTE"
"12:22:49.4593088 PM","main.exe","24160","CreateFileMapping","C:\Windows\System32\uxtheme.dll","SUCCESS","SyncType: SyncTypeOther"
"12:22:49.4594189 PM","main.exe","24160","Load Image","C:\Windows\System32\uxtheme.dll","SUCCESS","Image Base: 0x7fffa17b0000, Image Size: 0xaa000"
"12:22:49.4596622 PM","main.exe","24160","CloseFile","C:\Windows\System32\uxtheme.dll","SUCCESS",""
"12:22:49.4606296 PM","main.exe","24160","ReadFile","C:\Windows\System32\DriverStore\FileRepository\nvlti.inf_amd64_b3badde551342cd6\nvwgf2umx.dll","SUCCESS","Offset: 55,601,152, Length: 16,384, I/O Flags: Non-cached, Paging I/O, Synchronous Paging I/O, Priority: Normal"
"12:22:49.4836015 PM","main.exe","24160","ReadFile","C:\Windows\System32\DriverStore\FileRepository\nvlti.inf_amd64_b3badde551342cd6\nvwgf2umx.dll","SUCCESS","Offset: 83,648,000, Length: 8,192, I/O Flags: Non-cached, Paging I/O, Synchronous Paging I/O, Priority: Normal"
"12:22:49.4851487 PM","main.exe","24160","ReadFile","C:\Windows\System32\DriverStore\FileRepository\nvlti.inf_amd64_b3badde551342cd6\nvwgf2umx.dll","SUCCESS","Offset: 55,740,416, Length: 16,384, I/O Flags: Non-cached, Paging I/O, Synchronous Paging I/O, Priority: Normal"
"12:22:49.4859593 PM","main.exe","24160","ReadFile","C:\Windows\System32\DriverStore\FileRepository\nvlti.inf_amd64_b3badde551342cd6\nvwgf2umx.dll","SUCCESS","Offset: 55,547,904, Length: 8,192, I/O Flags: Non-cached, Paging I/O, Synchronous Paging I/O, Priority: Normal"
"12:22:49.4861352 PM","main.exe","24160","ReadFile","C:\Windows\System32\DriverStore\FileRepository\nvlti.inf_amd64_b3badde551342cd6\nvwgf2umx.dll","SUCCESS","Offset: 83,623,424, Length: 8,192, I/O Flags: Non-cached, Paging I/O, Synchronous Paging I/O, Priority: Normal"
"12:22:49.4863732 PM","main.exe","24160","ReadFile","C:\Windows\System32\DriverStore\FileRepository\nvlti.inf_amd64_b3badde551342cd6\nvwgf2umx.dll","SUCCESS","Offset: 55,711,744, Length: 16,384, I/O Flags: Non-cached, Paging I/O, Synchronous Paging I/O, Priority: Normal"
"12:22:49.4912371 PM","main.exe","24160","ReadFile","C:\Windows\System32\DriverStore\FileRepository\nvlti.inf_amd64_b3badde551342cd6\nvwgf2umx.dll","SUCCESS","Offset: 83,344,896, Length: 4,096, I/O Flags: Non-cached, Paging I/O, Synchronous Paging I/O, Priority: Normal"
"12:22:49.4914689 PM","main.exe","24160","ReadFile","C:\Windows\System32\DriverStore\FileRepository\nvlti.inf_amd64_b3badde551342cd6\nvwgf2umx.dll","SUCCESS","Offset: 55,445,504, Length: 16,384, I/O Flags: Non-cached, Paging I/O, Synchronous Paging I/O, Priority: Normal"
"12:22:49.4962472 PM","main.exe","24160","ReadFile","C:\Windows\System32\DriverStore\FileRepository\nvlti.inf_amd64_b3badde551342cd6\NvMemMapStoragex.dll","SUCCESS","Offset: 1,085,440, Length: 16,384, I/O Flags: Non-cached, Paging I/O, Synchronous Paging I/O, Priority: Normal"
"12:22:49.4965190 PM","main.exe","24160","ReadFile","C:\Windows\System32\DriverStore\FileRepository\nvlti.inf_amd64_b3badde551342cd6\NvMemMapStoragex.dll","SUCCESS","Offset: 1,069,056, Length: 16,384, I/O Flags: Non-cached, Paging I/O, Synchronous Paging I/O, Priority: Normal"
"12:22:49.4967541 PM","main.exe","24160","ReadFile","C:\Windows\System32\DriverStore\FileRepository\nvlti.inf_amd64_b3badde551342cd6\nvwgf2umx.dll","SUCCESS","Offset: 83,402,240, Length: 16,384, I/O Flags: Non-cached, Paging I/O, Synchronous Paging I/O, Priority: Normal"
"12:22:49.4969204 PM","main.exe","24160","ReadFile","C:\Windows\System32\DriverStore\FileRepository\nvlti.inf_amd64_b3badde551342cd6\nvwgf2umx.dll","SUCCESS","Offset: 55,461,888, Length: 16,384, I/O Flags: Non-cached, Paging I/O, Synchronous Paging I/O, Priority: Normal"
"12:22:49.4971077 PM","main.exe","24160","ReadFile","C:\Windows\System32\DriverStore\FileRepository\nvlti.inf_amd64_b3badde551342cd6\nvwgf2umx.dll","SUCCESS","Offset: 83,545,600, Length: 16,384, I/O Flags: Non-cached, Paging I/O, Synchronous Paging I/O, Priority: Normal"
"12:22:49.4973047 PM","main.exe","24160","ReadFile","C:\Windows\System32\DriverStore\FileRepository\nvlti.inf_amd64_b3badde551342cd6\nvwgf2umx.dll","SUCCESS","Offset: 83,529,216, Length: 16,384, I/O Flags: Non-cached, Paging I/O, Synchronous Paging I/O, Priority: Normal"
"12:22:49.5081895 PM","main.exe","24160","ReadFile","C:\Windows\System32\DriverStore\FileRepository\nvlti.inf_amd64_b3badde551342cd6\nvwgf2umx.dll","SUCCESS","Offset: 83,377,664, Length: 4,096, I/O Flags: Non-cached, Paging I/O, Synchronous Paging I/O, Priority: Normal"
"12:22:49.5085009 PM","main.exe","24160","CreateFile","C:\Windows\System32\DriverStore\FileRepository\nvlti.inf_amd64_b3badde551342cd6\nvppex.dll","SUCCESS","Desired Access: Read Attributes, Disposition: Open, Options: Open Reparse Point, Attributes: n/a, ShareMode: Read, Write, Delete, AllocationSize: n/a, OpenResult: Opened"
"12:22:49.5085476 PM","main.exe","24160","QueryBasicInformationFile","C:\Windows\System32\DriverStore\FileRepository\nvlti.inf_amd64_b3badde551342cd6\nvppex.dll","SUCCESS","CreationTime: 1/28/2026 1:59:10 PM, LastAccessTime: 4/4/2026 12:21:43 PM, LastWriteTime: 1/22/2026 6:17:34 AM, ChangeTime: 2/22/2026 1:31:01 PM, FileAttributes: A"
"12:22:49.5085645 PM","main.exe","24160","CloseFile","C:\Windows\System32\DriverStore\FileRepository\nvlti.inf_amd64_b3badde551342cd6\nvppex.dll","SUCCESS",""
"12:22:49.5087057 PM","main.exe","24160","CreateFile","C:\Windows\System32\DriverStore\FileRepository\nvlti.inf_amd64_b3badde551342cd6\nvppex.dll","SUCCESS","Desired Access: Generic Read, Disposition: Open, Options: Synchronous IO Non-Alert, Non-Directory File, Attributes: n/a, ShareMode: Read, AllocationSize: n/a, OpenResult: Opened"
"12:22:49.5090087 PM","main.exe","24160","CreateFile","C:\Windows\System32\DriverStore\FileRepository\nvlti.inf_amd64_b3badde551342cd6\nvppex.dll","SUCCESS","Desired Access: Read Attributes, Disposition: Open, Options: Open Reparse Point, Attributes: n/a, ShareMode: Read, Write, Delete, AllocationSize: n/a, OpenResult: Opened"
"12:22:49.5090530 PM","main.exe","24160","QueryBasicInformationFile","C:\Windows\System32\DriverStore\FileRepository\nvlti.inf_amd64_b3badde551342cd6\nvppex.dll","SUCCESS","CreationTime: 1/28/2026 1:59:10 PM, LastAccessTime: 4/4/2026 12:21:43 PM, LastWriteTime: 1/22/2026 6:17:34 AM, ChangeTime: 2/22/2026 1:31:01 PM, FileAttributes: A"
"12:22:49.5090746 PM","main.exe","24160","CloseFile","C:\Windows\System32\DriverStore\FileRepository\nvlti.inf_amd64_b3badde551342cd6\nvppex.dll","SUCCESS",""
"12:22:49.5092344 PM","main.exe","24160","CreateFile","C:\Windows\System32\DriverStore\FileRepository\nvlti.inf_amd64_b3badde551342cd6\nvppex.dll","SUCCESS","Desired Access: Generic Read, Disposition: Open, Options: Synchronous IO Non-Alert, Non-Directory File, Attributes: N, ShareMode: Read, AllocationSize: n/a, OpenResult: Opened"
"12:22:49.5092723 PM","main.exe","24160","QueryStandardInformationFile","C:\Windows\System32\DriverStore\FileRepository\nvlti.inf_amd64_b3badde551342cd6\nvppex.dll","SUCCESS","AllocationSize: 1,826,816, EndOfFile: 1,824,864, NumberOfLinks: 1, DeletePending: False, Directory: False"
"12:22:49.5092861 PM","main.exe","24160","CreateFileMapping","C:\Windows\System32\DriverStore\FileRepository\nvlti.inf_amd64_b3badde551342cd6\nvppex.dll","FILE LOCKED WITH ONLY READERS","SyncType: SyncTypeCreateSection, PageProtection: PAGE_EXECUTE|PAGE_NOCACHE"
"12:22:49.5092977 PM","main.exe","24160","QueryStandardInformationFile","C:\Windows\System32\DriverStore\FileRepository\nvlti.inf_amd64_b3badde551342cd6\nvppex.dll","SUCCESS","AllocationSize: 1,826,816, EndOfFile: 1,824,864, NumberOfLinks: 1, DeletePending: False, Directory: False"
"12:22:49.5093218 PM","main.exe","24160","CreateFileMapping","C:\Windows\System32\DriverStore\FileRepository\nvlti.inf_amd64_b3badde551342cd6\nvppex.dll","SUCCESS","SyncType: SyncTypeOther"
"12:22:49.5093830 PM","main.exe","24160","CloseFile","C:\Windows\System32\DriverStore\FileRepository\nvlti.inf_amd64_b3badde551342cd6\nvppex.dll","SUCCESS",""
"12:22:49.5095122 PM","main.exe","24160","CreateFile","C:\Windows\System32\DriverStore\FileRepository\nvlti.inf_amd64_b3badde551342cd6\nvppex.dll","SUCCESS","Desired Access: Generic Read, Disposition: Open, Options: Synchronous IO Non-Alert, Non-Directory File, Attributes: N, ShareMode: Read, Delete, AllocationSize: n/a, OpenResult: Opened"
"12:22:49.5095540 PM","main.exe","24160","QueryStandardInformationFile","C:\Windows\System32\DriverStore\FileRepository\nvlti.inf_amd64_b3badde551342cd6\nvppex.dll","SUCCESS","AllocationSize: 1,826,816, EndOfFile: 1,824,864, NumberOfLinks: 1, DeletePending: False, Directory: False"
"12:22:49.5095699 PM","main.exe","24160","CreateFileMapping","C:\Windows\System32\DriverStore\FileRepository\nvlti.inf_amd64_b3badde551342cd6\nvppex.dll","FILE LOCKED WITH ONLY READERS","SyncType: SyncTypeCreateSection, PageProtection: PAGE_EXECUTE|PAGE_NOCACHE"
"12:22:49.5095810 PM","main.exe","24160","QueryStandardInformationFile","C:\Windows\System32\DriverStore\FileRepository\nvlti.inf_amd64_b3badde551342cd6\nvppex.dll","SUCCESS","AllocationSize: 1,826,816, EndOfFile: 1,824,864, NumberOfLinks: 1, DeletePending: False, Directory: False"
"12:22:49.5096307 PM","main.exe","24160","CreateFileMapping","C:\Windows\System32\DriverStore\FileRepository\nvlti.inf_amd64_b3badde551342cd6\nvppex.dll","SUCCESS","SyncType: SyncTypeOther"
"12:22:49.5096855 PM","main.exe","24160","QueryStandardInformationFile","C:\Windows\System32\DriverStore\FileRepository\nvlti.inf_amd64_b3badde551342cd6\nvppex.dll","SUCCESS","AllocationSize: 1,826,816, EndOfFile: 1,824,864, NumberOfLinks: 1, DeletePending: False, Directory: False"
"12:22:49.5096993 PM","main.exe","24160","CloseFile","C:\Windows\System32\DriverStore\FileRepository\nvlti.inf_amd64_b3badde551342cd6\nvppex.dll","SUCCESS",""
"12:22:49.5098692 PM","main.exe","24160","CreateFile","C:\Windows\System32\DriverStore\FileRepository\nvlti.inf_amd64_b3badde551342cd6\nvppex.dll","SUCCESS","Desired Access: Generic Read, Disposition: Open, Options: Synchronous IO Non-Alert, Non-Directory File, Attributes: N, ShareMode: Read, Delete, AllocationSize: n/a, OpenResult: Opened"
"12:22:49.5099053 PM","main.exe","24160","QueryStandardInformationFile","C:\Windows\System32\DriverStore\FileRepository\nvlti.inf_amd64_b3badde551342cd6\nvppex.dll","SUCCESS","AllocationSize: 1,826,816, EndOfFile: 1,824,864, NumberOfLinks: 1, DeletePending: False, Directory: False"
"12:22:49.5099172 PM","main.exe","24160","CreateFileMapping","C:\Windows\System32\DriverStore\FileRepository\nvlti.inf_amd64_b3badde551342cd6\nvppex.dll","FILE LOCKED WITH ONLY READERS","SyncType: SyncTypeCreateSection, PageProtection: PAGE_EXECUTE|PAGE_NOCACHE"
"12:22:49.5099283 PM","main.exe","24160","QueryStandardInformationFile","C:\Windows\System32\DriverStore\FileRepository\nvlti.inf_amd64_b3badde551342cd6\nvppex.dll","SUCCESS","AllocationSize: 1,826,816, EndOfFile: 1,824,864, NumberOfLinks: 1, DeletePending: False, Directory: False"
"12:22:49.5100138 PM","main.exe","24160","CreateFileMapping","C:\Windows\System32\DriverStore\FileRepository\nvlti.inf_amd64_b3badde551342cd6\nvppex.dll","SUCCESS","SyncType: SyncTypeOther"
"12:22:49.5129768 PM","main.exe","24160","CloseFile","C:\Windows\System32\DriverStore\FileRepository\nvlti.inf_amd64_b3badde551342cd6\nvppex.dll","SUCCESS",""
"12:22:49.5135435 PM","main.exe","24160","CreateFile","C:\Windows\System32\DriverStore\FileRepository\nvlti.inf_amd64_b3badde551342cd6\nvppex.dll","SUCCESS","Desired Access: Read Attributes, Disposition: Open, Options: Open Reparse Point, Attributes: n/a, ShareMode: Read, Write, Delete, AllocationSize: n/a, OpenResult: Opened"
"12:22:49.5135794 PM","main.exe","24160","QueryBasicInformationFile","C:\Windows\System32\DriverStore\FileRepository\nvlti.inf_amd64_b3badde551342cd6\nvppex.dll","SUCCESS","CreationTime: 1/28/2026 1:59:10 PM, LastAccessTime: 4/4/2026 12:22:49 PM, LastWriteTime: 1/22/2026 6:17:34 AM, ChangeTime: 2/22/2026 1:31:01 PM, FileAttributes: A"
"12:22:49.5135955 PM","main.exe","24160","CloseFile","C:\Windows\System32\DriverStore\FileRepository\nvlti.inf_amd64_b3badde551342cd6\nvppex.dll","SUCCESS",""
"12:22:49.5137659 PM","main.exe","24160","CreateFile","C:\Windows\System32\DriverStore\FileRepository\nvlti.inf_amd64_b3badde551342cd6\nvppex.dll","SUCCESS","Desired Access: Read Data/List Directory, Execute/Traverse, Synchronize, Disposition: Open, Options: Synchronous IO Non-Alert, Non-Directory File, Attributes: n/a, ShareMode: Read, Delete, AllocationSize: n/a, OpenResult: Opened"
"12:22:49.5138211 PM","main.exe","24160","CreateFileMapping","C:\Windows\System32\DriverStore\FileRepository\nvlti.inf_amd64_b3badde551342cd6\nvppex.dll","FILE LOCKED WITH ONLY READERS","SyncType: SyncTypeCreateSection, PageProtection: PAGE_EXECUTE|PAGE_NOCACHE"
"12:22:49.5138575 PM","main.exe","24160","CreateFileMapping","C:\Windows\System32\DriverStore\FileRepository\nvlti.inf_amd64_b3badde551342cd6\nvppex.dll","SUCCESS","SyncType: SyncTypeOther"
"12:22:49.5139668 PM","main.exe","24160","Load Image","C:\Windows\System32\DriverStore\FileRepository\nvlti.inf_amd64_b3badde551342cd6\nvppex.dll","SUCCESS","Image Base: 0x7fff39510000, Image Size: 0x1b7000"
"12:22:49.5141921 PM","main.exe","24160","CloseFile","C:\Windows\System32\DriverStore\FileRepository\nvlti.inf_amd64_b3badde551342cd6\nvppex.dll","SUCCESS",""
"12:22:49.5144748 PM","main.exe","24160","CloseFile","C:\Windows\System32\DriverStore\FileRepository\nvlti.inf_amd64_b3badde551342cd6\nvppex.dll","SUCCESS",""
"12:22:49.5223641 PM","main.exe","24160","ReadFile","C:\Windows\System32\DriverStore\FileRepository\nvlti.inf_amd64_b3badde551342cd6\nvwgf2umx.dll","SUCCESS","Offset: 55,662,592, Length: 16,384, I/O Flags: Non-cached, Paging I/O, Synchronous Paging I/O, Priority: Normal"
"12:22:49.5225823 PM","main.exe","24160","ReadFile","C:\Windows\System32\DriverStore\FileRepository\nvlti.inf_amd64_b3badde551342cd6\nvwgf2umx.dll","SUCCESS","Offset: 55,625,728, Length: 16,384, I/O Flags: Non-cached, Paging I/O, Synchronous Paging I/O, Priority: Normal"
"12:22:49.5227435 PM","main.exe","24160","ReadFile","C:\Windows\System32\DriverStore\FileRepository\nvlti.inf_amd64_b3badde551342cd6\nvwgf2umx.dll","SUCCESS","Offset: 55,728,128, Length: 12,288, I/O Flags: Non-cached, Paging I/O, Synchronous Paging I/O, Priority: Normal"
"12:22:49.5240005 PM","main.exe","24160","ReadFile","C:\Windows\System32\DriverStore\FileRepository\nvlti.inf_amd64_b3badde551342cd6\nvwgf2umx.dll","SUCCESS","Offset: 55,478,272, Length: 12,288, I/O Flags: Non-cached, Paging I/O, Synchronous Paging I/O, Priority: Normal"
"12:22:49.5244569 PM","main.exe","24160","CreateFile","C:\Windows\System32\DriverStore\FileRepository\nvlti.inf_amd64_b3badde551342cd6\nvldumdx.dll","SUCCESS","Desired Access: Generic Read, Disposition: Open, Options: Synchronous IO Non-Alert, Non-Directory File, Attributes: N, ShareMode: Read, AllocationSize: n/a, OpenResult: Opened"
"12:22:49.5245362 PM","main.exe","24160","QueryBasicInformationFile","C:\Windows\System32\DriverStore\FileRepository\nvlti.inf_amd64_b3badde551342cd6\nvldumdx.dll","SUCCESS","CreationTime: 1/28/2026 1:59:09 PM, LastAccessTime: 4/4/2026 12:22:49 PM, LastWriteTime: 1/22/2026 6:17:28 AM, ChangeTime: 2/22/2026 1:31:00 PM, FileAttributes: A"
"12:22:49.5245535 PM","main.exe","24160","CloseFile","C:\Windows\System32\DriverStore\FileRepository\nvlti.inf_amd64_b3badde551342cd6\nvldumdx.dll","SUCCESS",""
"12:22:49.5249385 PM","main.exe","24160","CreateFile","C:\Windows\System32\DriverStore\FileRepository\nvlti.inf_amd64_b3badde551342cd6\nvldumdx.dll","SUCCESS","Desired Access: Read Attributes, Disposition: Open, Options: Open Reparse Point, Attributes: n/a, ShareMode: Read, Write, Delete, AllocationSize: n/a, OpenResult: Opened"
"12:22:49.5249825 PM","main.exe","24160","QueryBasicInformationFile","C:\Windows\System32\DriverStore\FileRepository\nvlti.inf_amd64_b3badde551342cd6\nvldumdx.dll","SUCCESS","CreationTime: 1/28/2026 1:59:09 PM, LastAccessTime: 4/4/2026 12:22:49 PM, LastWriteTime: 1/22/2026 6:17:28 AM, ChangeTime: 2/22/2026 1:31:00 PM, FileAttributes: A"
"12:22:49.5249986 PM","main.exe","24160","CloseFile","C:\Windows\System32\DriverStore\FileRepository\nvlti.inf_amd64_b3badde551342cd6\nvldumdx.dll","SUCCESS",""
"12:22:49.5252141 PM","main.exe","24160","CreateFile","C:\Windows\System32\DriverStore\FileRepository\nvlti.inf_amd64_b3badde551342cd6\nvldumdx.dll","SUCCESS","Desired Access: Read Attributes, Disposition: Open, Options: Open Reparse Point, Attributes: n/a, ShareMode: Read, Write, Delete, AllocationSize: n/a, OpenResult: Opened"
"12:22:49.5252568 PM","main.exe","24160","QueryBasicInformationFile","C:\Windows\System32\DriverStore\FileRepository\nvlti.inf_amd64_b3badde551342cd6\nvldumdx.dll","SUCCESS","CreationTime: 1/28/2026 1:59:09 PM, LastAccessTime: 4/4/2026 12:22:49 PM, LastWriteTime: 1/22/2026 6:17:28 AM, ChangeTime: 2/22/2026 1:31:00 PM, FileAttributes: A"
"12:22:49.5252754 PM","main.exe","24160","CloseFile","C:\Windows\System32\DriverStore\FileRepository\nvlti.inf_amd64_b3badde551342cd6\nvldumdx.dll","SUCCESS",""
"12:22:49.5268095 PM","main.exe","24160","ReadFile","C:\Windows\System32\DriverStore\FileRepository\nvlti.inf_amd64_b3badde551342cd6\nvwgf2umx.dll","SUCCESS","Offset: 83,684,864, Length: 12,288, I/O Flags: Non-cached, Paging I/O, Synchronous Paging I/O, Priority: Normal"
"12:22:49.5269661 PM","main.exe","24160","ReadFile","C:\Windows\System32\DriverStore\FileRepository\nvlti.inf_amd64_b3badde551342cd6\nvwgf2umx.dll","SUCCESS","Offset: 55,797,760, Length: 16,384, I/O Flags: Non-cached, Paging I/O, Synchronous Paging I/O, Priority: Normal"
"12:22:49.5489067 PM","main.exe","24160","QueryNameInformationFile","C:\Windows\System32\dxgi.dll","SUCCESS","Name: \Windows\System32\dxgi.dll"
"12:22:49.5489662 PM","main.exe","24160","QueryNameInformationFile","C:\Windows\System32\dxgi.dll","SUCCESS","Name: \Windows\System32\dxgi.dll"
"12:22:49.5489880 PM","main.exe","24160","QueryNameInformationFile","C:\Windows\System32\dxgi.dll","SUCCESS","Name: \Windows\System32\dxgi.dll"
"12:22:49.5490013 PM","main.exe","24160","QueryNameInformationFile","C:\Windows\System32\dxgi.dll","SUCCESS","Name: \Windows\System32\dxgi.dll"
"12:22:49.6243209 PM","main.exe","24160","CreateFile","C:\Windows\System32\DriverStore\FileRepository\u0197640.inf_amd64_38091087f7899005\B025647\amdxx64.dll","SUCCESS","Desired Access: Read Attributes, Disposition: Open, Options: Open Reparse Point, Attributes: n/a, ShareMode: Read, Write, Delete, AllocationSize: n/a, OpenResult: Opened"
"12:22:49.6243549 PM","main.exe","24160","QueryBasicInformationFile","C:\Windows\System32\DriverStore\FileRepository\u0197640.inf_amd64_38091087f7899005\B025647\amdxx64.dll","SUCCESS","CreationTime: 1/25/2026 10:09:34 AM, LastAccessTime: 4/4/2026 12:22:48 PM, LastWriteTime: 1/19/2026 11:54:00 PM, ChangeTime: 2/5/2026 3:53:08 PM, FileAttributes: A"
"12:22:49.6243669 PM","main.exe","24160","CloseFile","C:\Windows\System32\DriverStore\FileRepository\u0197640.inf_amd64_38091087f7899005\B025647\amdxx64.dll","SUCCESS",""
"12:22:49.6244471 PM","main.exe","24160","CreateFile","C:\Windows\System32\DriverStore\FileRepository\u0197640.inf_amd64_38091087f7899005\B025647\amdxx64.dll","SUCCESS","Desired Access: Read Data/List Directory, Execute/Traverse, Synchronize, Disposition: Open, Options: Synchronous IO Non-Alert, Non-Directory File, Attributes: n/a, ShareMode: Read, Delete, AllocationSize: n/a, OpenResult: Opened"
"12:22:49.6244843 PM","main.exe","24160","CreateFileMapping","C:\Windows\System32\DriverStore\FileRepository\u0197640.inf_amd64_38091087f7899005\B025647\amdxx64.dll","FILE LOCKED WITH ONLY READERS","SyncType: SyncTypeCreateSection, PageProtection: PAGE_EXECUTE|PAGE_NOCACHE"
"12:22:49.6245159 PM","main.exe","24160","CreateFileMapping","C:\Windows\System32\DriverStore\FileRepository\u0197640.inf_amd64_38091087f7899005\B025647\amdxx64.dll","SUCCESS","SyncType: SyncTypeOther"
"12:22:49.6246607 PM","main.exe","24160","Load Image","C:\Windows\System32\DriverStore\FileRepository\u0197640.inf_amd64_38091087f7899005\B025647\amdxx64.dll","SUCCESS","Image Base: 0x7fff7f430000, Image Size: 0x2e9a000"
"12:22:49.6249929 PM","main.exe","24160","CreateFile","C:\Windows\System32\DriverStore\FileRepository\u0197640.inf_amd64_38091087f7899005\B025647\amdxx64.dll","SUCCESS","Desired Access: Generic Read, Disposition: Open, Options: Synchronous IO Non-Alert, Non-Directory File, Attributes: n/a, ShareMode: Read, Delete, AllocationSize: n/a, OpenResult: Opened"
"12:22:49.6255465 PM","main.exe","24160","CloseFile","C:\Windows\System32\DriverStore\FileRepository\u0197640.inf_amd64_38091087f7899005\B025647\amdxx64.dll","SUCCESS",""
"12:22:49.6258335 PM","main.exe","24160","CloseFile","C:\Windows\System32\DriverStore\FileRepository\u0197640.inf_amd64_38091087f7899005\B025647\amdxx64.dll","SUCCESS",""
"12:22:49.6585568 PM","main.exe","24160","CreateFile","C:\Windows\System32\atidxx64.dll","SUCCESS","Desired Access: Read Attributes, Disposition: Open, Options: Open Reparse Point, Attributes: n/a, ShareMode: Read, Write, Delete, AllocationSize: n/a, OpenResult: Opened"
"12:22:49.6586467 PM","main.exe","24160","QueryBasicInformationFile","C:\Windows\System32\atidxx64.dll","SUCCESS","CreationTime: 1/25/2026 10:09:34 AM, LastAccessTime: 4/4/2026 12:22:48 PM, LastWriteTime: 1/19/2026 11:54:02 PM, ChangeTime: 2/5/2026 3:53:08 PM, FileAttributes: A"
"12:22:49.6586763 PM","main.exe","24160","CloseFile","C:\Windows\System32\atidxx64.dll","SUCCESS",""
"12:22:49.6588313 PM","main.exe","24160","CreateFile","C:\Windows\System32\atidxx64.dll","SUCCESS","Desired Access: Read Data/List Directory, Execute/Traverse, Synchronize, Disposition: Open, Options: Synchronous IO Non-Alert, Non-Directory File, Attributes: n/a, ShareMode: Read, Delete, AllocationSize: n/a, OpenResult: Opened"
"12:22:49.6588941 PM","main.exe","24160","CreateFileMapping","C:\Windows\System32\atidxx64.dll","FILE LOCKED WITH ONLY READERS","SyncType: SyncTypeCreateSection, PageProtection: PAGE_EXECUTE|PAGE_NOCACHE"
"12:22:49.6589266 PM","main.exe","24160","CreateFileMapping","C:\Windows\System32\atidxx64.dll","SUCCESS","SyncType: SyncTypeOther"
"12:22:49.6590699 PM","main.exe","24160","Load Image","C:\Windows\System32\atidxx64.dll","SUCCESS","Image Base: 0x7fff83890000, Image Size: 0x23000"
"12:22:49.6593486 PM","main.exe","24160","CreateFile","C:\Windows\System32\atidxx64.dll","SUCCESS","Desired Access: Generic Read, Disposition: Open, Options: Synchronous IO Non-Alert, Non-Directory File, Attributes: n/a, ShareMode: Read, Delete, AllocationSize: n/a, OpenResult: Opened"
"12:22:49.6599241 PM","main.exe","24160","CloseFile","C:\Windows\System32\atidxx64.dll","SUCCESS",""
"12:22:49.6600638 PM","main.exe","24160","CloseFile","C:\Windows\System32\atidxx64.dll","SUCCESS",""
"12:22:49.6602074 PM","main.exe","24160","CreateFile","C:\Windows\System32\atidxx64.dll","SUCCESS","Desired Access: Generic Read, Disposition: Open, Options: Synchronous IO Non-Alert, Non-Directory File, Attributes: N, ShareMode: Read, AllocationSize: n/a, OpenResult: Opened"
"12:22:49.6602928 PM","main.exe","24160","QuerySecurityFile","C:\Windows\System32\atidxx64.dll","SUCCESS","Information: Owner, Group, DACL, SACL, Label, Attribute, Process Trust Label, 0x100"
"12:22:49.6621757 PM","main.exe","24160","QueryBasicInformationFile","C:\Windows\System32\atidxx64.dll","SUCCESS","CreationTime: 1/25/2026 10:09:34 AM, LastAccessTime: 4/4/2026 12:22:49 PM, LastWriteTime: 1/19/2026 11:54:02 PM, ChangeTime: 2/5/2026 3:53:08 PM, FileAttributes: A"
"12:22:49.6622165 PM","main.exe","24160","QueryBasicInformationFile","C:\Windows\System32\atidxx64.dll","SUCCESS","CreationTime: 1/25/2026 10:09:34 AM, LastAccessTime: 4/4/2026 12:22:49 PM, LastWriteTime: 1/19/2026 11:54:02 PM, ChangeTime: 2/5/2026 3:53:08 PM, FileAttributes: A"
"12:22:49.6622294 PM","main.exe","24160","QueryNameInformationFile","C:\Windows\System32\atidxx64.dll","SUCCESS","Name: \Windows\System32\atidxx64.dll"
"12:22:49.6622939 PM","main.exe","24160","CloseFile","C:\Windows\System32\atidxx64.dll","SUCCESS",""
"12:22:49.6627422 PM","main.exe","24160","CreateFile","C:\Windows\System32\DriverStore\FileRepository\u0197640.inf_amd64_38091087f7899005\B025647\amdenc64.dll","SUCCESS","Desired Access: Read Attributes, Disposition: Open, Options: Open Reparse Point, Attributes: n/a, ShareMode: Read, Write, Delete, AllocationSize: n/a, OpenResult: Opened"
"12:22:49.6627782 PM","main.exe","24160","QueryBasicInformationFile","C:\Windows\System32\DriverStore\FileRepository\u0197640.inf_amd64_38091087f7899005\B025647\amdenc64.dll","SUCCESS","CreationTime: 1/25/2026 10:09:33 AM, LastAccessTime: 4/4/2026 12:22:48 PM, LastWriteTime: 1/19/2026 11:53:38 PM, ChangeTime: 1/26/2026 7:17:07 PM, FileAttributes: A"
"12:22:49.6627889 PM","main.exe","24160","CloseFile","C:\Windows\System32\DriverStore\FileRepository\u0197640.inf_amd64_38091087f7899005\B025647\amdenc64.dll","SUCCESS",""
"12:22:49.6628898 PM","main.exe","24160","CreateFile","C:\Windows\System32\DriverStore\FileRepository\u0197640.inf_amd64_38091087f7899005\B025647\amdenc64.dll","SUCCESS","Desired Access: Read Data/List Directory, Execute/Traverse, Synchronize, Disposition: Open, Options: Synchronous IO Non-Alert, Non-Directory File, Attributes: n/a, ShareMode: Read, Delete, AllocationSize: n/a, OpenResult: Opened"
"12:22:49.6629219 PM","main.exe","24160","CreateFileMapping","C:\Windows\System32\DriverStore\FileRepository\u0197640.inf_amd64_38091087f7899005\B025647\amdenc64.dll","FILE LOCKED WITH ONLY READERS","SyncType: SyncTypeCreateSection, PageProtection: PAGE_EXECUTE|PAGE_NOCACHE"
"12:22:49.6629524 PM","main.exe","24160","CreateFileMapping","C:\Windows\System32\DriverStore\FileRepository\u0197640.inf_amd64_38091087f7899005\B025647\amdenc64.dll","SUCCESS","SyncType: SyncTypeOther"
"12:22:49.6630154 PM","main.exe","24160","CloseFile","C:\Windows\System32\DriverStore\FileRepository\u0197640.inf_amd64_38091087f7899005\B025647\amdenc64.dll","SUCCESS",""
"12:22:49.6632018 PM","main.exe","24160","CreateFile","C:\Windows\System32\DriverStore\FileRepository\u0197640.inf_amd64_38091087f7899005\B025647\amdenc64.dll","SUCCESS","Desired Access: Read Attributes, Disposition: Open, Options: Open Reparse Point, Attributes: n/a, ShareMode: Read, Write, Delete, AllocationSize: n/a, OpenResult: Opened"
"12:22:49.6632234 PM","main.exe","24160","QueryBasicInformationFile","C:\Windows\System32\DriverStore\FileRepository\u0197640.inf_amd64_38091087f7899005\B025647\amdenc64.dll","SUCCESS","CreationTime: 1/25/2026 10:09:33 AM, LastAccessTime: 4/4/2026 12:22:49 PM, LastWriteTime: 1/19/2026 11:53:38 PM, ChangeTime: 1/26/2026 7:17:07 PM, FileAttributes: A"
"12:22:49.6632320 PM","main.exe","24160","CloseFile","C:\Windows\System32\DriverStore\FileRepository\u0197640.inf_amd64_38091087f7899005\B025647\amdenc64.dll","SUCCESS",""
"12:22:49.6633105 PM","main.exe","24160","CreateFile","C:\Windows\System32\DriverStore\FileRepository\u0197640.inf_amd64_38091087f7899005\B025647\amdenc64.dll","SUCCESS","Desired Access: Read Data/List Directory, Execute/Traverse, Synchronize, Disposition: Open, Options: Synchronous IO Non-Alert, Non-Directory File, Attributes: n/a, ShareMode: Read, Delete, AllocationSize: n/a, OpenResult: Opened"
"12:22:49.6633394 PM","main.exe","24160","CreateFileMapping","C:\Windows\System32\DriverStore\FileRepository\u0197640.inf_amd64_38091087f7899005\B025647\amdenc64.dll","FILE LOCKED WITH ONLY READERS","SyncType: SyncTypeCreateSection, PageProtection: PAGE_EXECUTE|PAGE_NOCACHE"
"12:22:49.6633581 PM","main.exe","24160","CreateFileMapping","C:\Windows\System32\DriverStore\FileRepository\u0197640.inf_amd64_38091087f7899005\B025647\amdenc64.dll","SUCCESS","SyncType: SyncTypeOther"
"12:22:49.6634591 PM","main.exe","24160","Load Image","C:\Windows\System32\DriverStore\FileRepository\u0197640.inf_amd64_38091087f7899005\B025647\amdenc64.dll","SUCCESS","Image Base: 0x77260000, Image Size: 0x151000"
"12:22:49.6636759 PM","main.exe","24160","CreateFile","C:\Windows\System32\DriverStore\FileRepository\u0197640.inf_amd64_38091087f7899005\B025647\amdenc64.dll","SUCCESS","Desired Access: Generic Read, Disposition: Open, Options: Synchronous IO Non-Alert, Non-Directory File, Attributes: n/a, ShareMode: Read, Delete, AllocationSize: n/a, OpenResult: Opened"
"12:22:49.6640812 PM","main.exe","24160","CloseFile","C:\Windows\System32\DriverStore\FileRepository\u0197640.inf_amd64_38091087f7899005\B025647\amdenc64.dll","SUCCESS",""
"12:22:49.6641524 PM","main.exe","24160","CloseFile","C:\Windows\System32\DriverStore\FileRepository\u0197640.inf_amd64_38091087f7899005\B025647\amdenc64.dll","SUCCESS",""
"12:22:49.6802947 PM","main.exe","24160","QueryDirectory","C:\Windows\System32\DriverStore\FileRepository\u0197640.inf_amd64_38091087f7899005\B025647\amdxx64.dll","SUCCESS","FileInformationClass: FileBothDirectoryInformation, Filter: amdxx64.dll, 2: amdxx64.dll"
"12:22:49.6809593 PM","main.exe","24160","CreateFile","C:\Windows\System32\DriverStore\FileRepository\u0197640.inf_amd64_38091087f7899005\B025647\amdihk64.dll","SUCCESS","Desired Access: Read Attributes, Disposition: Open, Options: Open Reparse Point, Attributes: n/a, ShareMode: Read, Write, Delete, AllocationSize: n/a, OpenResult: Opened"
"12:22:49.6810034 PM","main.exe","24160","QueryBasicInformationFile","C:\Windows\System32\DriverStore\FileRepository\u0197640.inf_amd64_38091087f7899005\B025647\amdihk64.dll","SUCCESS","CreationTime: 1/25/2026 10:09:33 AM, LastAccessTime: 4/4/2026 12:22:49 PM, LastWriteTime: 1/19/2026 11:53:42 PM, ChangeTime: 1/26/2026 7:17:07 PM, FileAttributes: A"
"12:22:49.6810218 PM","main.exe","24160","CloseFile","C:\Windows\System32\DriverStore\FileRepository\u0197640.inf_amd64_38091087f7899005\B025647\amdihk64.dll","SUCCESS",""
"12:22:49.6812266 PM","main.exe","24160","CreateFile","C:\Windows\System32\DriverStore\FileRepository\u0197640.inf_amd64_38091087f7899005\B025647\amdihk64.dll","SUCCESS","Desired Access: Read Data/List Directory, Execute/Traverse, Synchronize, Disposition: Open, Options: Synchronous IO Non-Alert, Non-Directory File, Attributes: n/a, ShareMode: Read, Delete, AllocationSize: n/a, OpenResult: Opened"
"12:22:49.6813230 PM","main.exe","24160","CreateFileMapping","C:\Windows\System32\DriverStore\FileRepository\u0197640.inf_amd64_38091087f7899005\B025647\amdihk64.dll","FILE LOCKED WITH ONLY READERS","SyncType: SyncTypeCreateSection, PageProtection: PAGE_EXECUTE|PAGE_NOCACHE"
"12:22:49.6813813 PM","main.exe","24160","CreateFileMapping","C:\Windows\System32\DriverStore\FileRepository\u0197640.inf_amd64_38091087f7899005\B025647\amdihk64.dll","SUCCESS","SyncType: SyncTypeOther"
"12:22:49.6816328 PM","main.exe","24160","Load Image","C:\Windows\System32\DriverStore\FileRepository\u0197640.inf_amd64_38091087f7899005\B025647\amdihk64.dll","SUCCESS","Image Base: 0x7fff7f290000, Image Size: 0x3e000"
"12:22:49.6822140 PM","main.exe","24160","CreateFile","C:\Windows\System32\DriverStore\FileRepository\u0197640.inf_amd64_38091087f7899005\B025647\amdihk64.dll","SUCCESS","Desired Access: Generic Read, Disposition: Open, Options: Synchronous IO Non-Alert, Non-Directory File, Attributes: n/a, ShareMode: Read, Delete, AllocationSize: n/a, OpenResult: Opened"
"12:22:49.6827937 PM","main.exe","24160","CloseFile","C:\Windows\System32\DriverStore\FileRepository\u0197640.inf_amd64_38091087f7899005\B025647\amdihk64.dll","SUCCESS",""
"12:22:49.6829611 PM","main.exe","24160","CloseFile","C:\Windows\System32\DriverStore\FileRepository\u0197640.inf_amd64_38091087f7899005\B025647\amdihk64.dll","SUCCESS",""
"12:22:49.7497491 PM","main.exe","24160","CreateFile","C:\Windows\System32\DriverStore\FileRepository\u0197640.inf_amd64_38091087f7899005\B025647\amdxx64.dll","SUCCESS","Desired Access: Generic Read, Disposition: Open, Options: Synchronous IO Non-Alert, Non-Directory File, Attributes: N, ShareMode: Read, AllocationSize: n/a, OpenResult: Opened"
"12:22:49.7497951 PM","main.exe","24160","QueryBasicInformationFile","C:\Windows\System32\DriverStore\FileRepository\u0197640.inf_amd64_38091087f7899005\B025647\amdxx64.dll","SUCCESS","CreationTime: 1/25/2026 10:09:34 AM, LastAccessTime: 4/4/2026 12:22:49 PM, LastWriteTime: 1/19/2026 11:54:00 PM, ChangeTime: 2/5/2026 3:53:08 PM, FileAttributes: A"
"12:22:49.7498234 PM","main.exe","24160","CloseFile","C:\Windows\System32\DriverStore\FileRepository\u0197640.inf_amd64_38091087f7899005\B025647\amdxx64.dll","SUCCESS",""
"12:22:49.7501114 PM","main.exe","24160","CreateFile","C:\Windows\System32\DriverStore\FileRepository\u0197640.inf_amd64_38091087f7899005\B025647\amdxx64.dll","SUCCESS","Desired Access: Read Attributes, Disposition: Open, Options: Open Reparse Point, Attributes: n/a, ShareMode: Read, Write, Delete, AllocationSize: n/a, OpenResult: Opened"
"12:22:49.7501356 PM","main.exe","24160","QueryBasicInformationFile","C:\Windows\System32\DriverStore\FileRepository\u0197640.inf_amd64_38091087f7899005\B025647\amdxx64.dll","SUCCESS","CreationTime: 1/25/2026 10:09:34 AM, LastAccessTime: 4/4/2026 12:22:49 PM, LastWriteTime: 1/19/2026 11:54:00 PM, ChangeTime: 2/5/2026 3:53:08 PM, FileAttributes: A"
"12:22:49.7501456 PM","main.exe","24160","CloseFile","C:\Windows\System32\DriverStore\FileRepository\u0197640.inf_amd64_38091087f7899005\B025647\amdxx64.dll","SUCCESS",""
"12:22:49.7503324 PM","main.exe","24160","CreateFile","C:\Windows\System32\DriverStore\FileRepository\u0197640.inf_amd64_38091087f7899005\B025647\amdxx64.dll","SUCCESS","Desired Access: Read Attributes, Disposition: Open, Options: Open Reparse Point, Attributes: n/a, ShareMode: Read, Write, Delete, AllocationSize: n/a, OpenResult: Opened"
"12:22:49.7503643 PM","main.exe","24160","QueryBasicInformationFile","C:\Windows\System32\DriverStore\FileRepository\u0197640.inf_amd64_38091087f7899005\B025647\amdxx64.dll","SUCCESS","CreationTime: 1/25/2026 10:09:34 AM, LastAccessTime: 4/4/2026 12:22:49 PM, LastWriteTime: 1/19/2026 11:54:00 PM, ChangeTime: 2/5/2026 3:53:08 PM, FileAttributes: A"
"12:22:49.7503764 PM","main.exe","24160","CloseFile","C:\Windows\System32\DriverStore\FileRepository\u0197640.inf_amd64_38091087f7899005\B025647\amdxx64.dll","SUCCESS",""
"12:22:49.7720239 PM","main.exe","24160","QueryOpen","D:\Work\FingerDraw\FingerDraw\windows-server\Application\d3d10warp.dll","NAME NOT FOUND",""
"12:22:49.7721885 PM","main.exe","24160","CreateFile","C:\Windows\System32\d3d10warp.dll","SUCCESS","Desired Access: Read Attributes, Disposition: Open, Options: Open Reparse Point, Attributes: n/a, ShareMode: Read, Write, Delete, AllocationSize: n/a, OpenResult: Opened"
"12:22:49.7722166 PM","main.exe","24160","QueryBasicInformationFile","C:\Windows\System32\d3d10warp.dll","SUCCESS","CreationTime: 12/13/2025 12:36:55 AM, LastAccessTime: 4/4/2026 12:21:50 PM, LastWriteTime: 12/13/2025 12:36:55 AM, ChangeTime: 3/11/2026 4:53:45 PM, FileAttributes: A"
"12:22:49.7722288 PM","main.exe","24160","CloseFile","C:\Windows\System32\d3d10warp.dll","SUCCESS",""
"12:22:49.7724229 PM","main.exe","24160","CreateFile","C:\Windows\System32\d3d10warp.dll","SUCCESS","Desired Access: Read Data/List Directory, Execute/Traverse, Synchronize, Disposition: Open, Options: Synchronous IO Non-Alert, Non-Directory File, Attributes: n/a, ShareMode: Read, Delete, AllocationSize: n/a, OpenResult: Opened"
"12:22:49.7724766 PM","main.exe","24160","CreateFileMapping","C:\Windows\System32\d3d10warp.dll","FILE LOCKED WITH ONLY READERS","SyncType: SyncTypeCreateSection, PageProtection: PAGE_EXECUTE|PAGE_NOCACHE"
"12:22:49.7729712 PM","main.exe","24160","CreateFileMapping","C:\Windows\System32\d3d10warp.dll","SUCCESS","SyncType: SyncTypeOther"
"12:22:49.7731765 PM","main.exe","24160","Load Image","C:\Windows\System32\d3d10warp.dll","SUCCESS","Image Base: 0x7fff603b0000, Image Size: 0x5aa000"
"12:22:49.7738598 PM","main.exe","24160","CloseFile","C:\Windows\System32\d3d10warp.dll","SUCCESS",""
"12:22:49.7759797 PM","main.exe","24160","CreateFile","C:\Windows\System32\d3d10warp.dll","SUCCESS","Desired Access: Generic Read, Disposition: Open, Options: Synchronous IO Non-Alert, Non-Directory File, Attributes: N, ShareMode: Read, AllocationSize: n/a, OpenResult: Opened"
"12:22:49.7760390 PM","main.exe","24160","QueryBasicInformationFile","C:\Windows\System32\d3d10warp.dll","SUCCESS","CreationTime: 12/13/2025 12:36:55 AM, LastAccessTime: 4/4/2026 12:22:49 PM, LastWriteTime: 12/13/2025 12:36:55 AM, ChangeTime: 3/11/2026 4:53:45 PM, FileAttributes: A"
"12:22:49.7761176 PM","main.exe","24160","CloseFile","C:\Windows\System32\d3d10warp.dll","SUCCESS",""
"12:22:49.7764746 PM","main.exe","24160","CreateFile","C:\Windows\System32\d3d10warp.dll","SUCCESS","Desired Access: Read Attributes, Disposition: Open, Options: Open Reparse Point, Attributes: n/a, ShareMode: Read, Write, Delete, AllocationSize: n/a, OpenResult: Opened"
"12:22:49.7766614 PM","main.exe","24160","QueryBasicInformationFile","C:\Windows\System32\d3d10warp.dll","SUCCESS","CreationTime: 12/13/2025 12:36:55 AM, LastAccessTime: 4/4/2026 12:22:49 PM, LastWriteTime: 12/13/2025 12:36:55 AM, ChangeTime: 3/11/2026 4:53:45 PM, FileAttributes: A"
"12:22:49.7766790 PM","main.exe","24160","CloseFile","C:\Windows\System32\d3d10warp.dll","SUCCESS",""
"12:22:49.7769219 PM","main.exe","24160","CreateFile","C:\Windows\System32\d3d10warp.dll","SUCCESS","Desired Access: Read Attributes, Disposition: Open, Options: Open Reparse Point, Attributes: n/a, ShareMode: Read, Write, Delete, AllocationSize: n/a, OpenResult: Opened"
"12:22:49.7769469 PM","main.exe","24160","QueryBasicInformationFile","C:\Windows\System32\d3d10warp.dll","SUCCESS","CreationTime: 12/13/2025 12:36:55 AM, LastAccessTime: 4/4/2026 12:22:49 PM, LastWriteTime: 12/13/2025 12:36:55 AM, ChangeTime: 3/11/2026 4:53:45 PM, FileAttributes: A"
"12:22:49.7769629 PM","main.exe","24160","CloseFile","C:\Windows\System32\d3d10warp.dll","SUCCESS",""
"12:22:49.7770546 PM","main.exe","24160","CreateFile","C:\Windows\System32\d3d10warp.dll","SUCCESS","Desired Access: Generic Read, Disposition: Open, Options: , Attributes: n/a, ShareMode: Read, AllocationSize: n/a, OpenResult: Opened"
"12:22:49.7770851 PM","main.exe","24160","QueryBasicInformationFile","C:\Windows\System32\d3d10warp.dll","SUCCESS","CreationTime: 12/13/2025 12:36:55 AM, LastAccessTime: 4/4/2026 12:22:49 PM, LastWriteTime: 12/13/2025 12:36:55 AM, ChangeTime: 3/11/2026 4:53:45 PM, FileAttributes: A"
"12:22:49.7770986 PM","main.exe","24160","QuerySecurityFile","C:\Windows\System32\d3d10warp.dll","BUFFER OVERFLOW","Information: Owner, Group, DACL"
"12:22:49.7771354 PM","main.exe","24160","QuerySecurityFile","C:\Windows\System32\d3d10warp.dll","SUCCESS","Information: Owner, Group, DACL"
"12:22:49.7771620 PM","main.exe","24160","CloseFile","C:\Windows\System32\d3d10warp.dll","SUCCESS",""
"12:22:49.7791306 PM","main.exe","24160","QueryOpen","D:\Work\FingerDraw\FingerDraw\windows-server\Application\d3d11.dll","NAME NOT FOUND",""
"12:22:49.7795516 PM","main.exe","24160","QueryOpen","D:\Work\FingerDraw\FingerDraw\windows-server\Application\combase.dll","NAME NOT FOUND",""
"12:22:49.7797958 PM","main.exe","24160","QueryOpen","D:\Work\FingerDraw\FingerDraw\windows-server\Application\user32.dll","NAME NOT FOUND",""
"12:22:49.7803520 PM","main.exe","24160","QueryOpen","D:\Work\FingerDraw\FingerDraw\windows-server\Application\lib\gstreamer-1.0\gstcoreelements.dll","SUCCESS","CreationTime: 4/3/2026 9:27:15 PM, LastAccessTime: 4/4/2026 12:19:07 PM, LastWriteTime: 2/26/2026 8:53:42 PM, ChangeTime: 4/1/2026 11:31:18 PM, AllocationSize: 434,176, EndOfFile: 434,176, FileAttributes: A"
"12:22:49.7804887 PM","main.exe","24160","CreateFile","D:\Work\FingerDraw\FingerDraw\windows-server\Application\lib\gstreamer-1.0\gstcoreelements.dll","SUCCESS","Desired Access: Read EA, Read Attributes, Synchronize, Disposition: Open, Options: Synchronous IO Non-Alert, Non-Directory File, Attributes: N, ShareMode: Read, Write, Delete, AllocationSize: n/a, OpenResult: Opened"
"12:22:49.7805660 PM","main.exe","24160","QueryInformationVolume","D:\Work\FingerDraw\FingerDraw\windows-server\Application\lib\gstreamer-1.0\gstcoreelements.dll","SUCCESS","VolumeCreationTime: 11/21/2025 10:20:54 PM, VolumeSerialNumber: 6E8E-5C3C, SupportsObjects: True, VolumeLabel: "
"12:22:49.7805774 PM","main.exe","24160","QueryAllInformationFile","D:\Work\FingerDraw\FingerDraw\windows-server\Application\lib\gstreamer-1.0\gstcoreelements.dll","BUFFER OVERFLOW","CreationTime: 4/3/2026 9:27:15 PM, LastAccessTime: 4/4/2026 12:19:07 PM, LastWriteTime: 2/26/2026 8:53:42 PM, ChangeTime: 4/1/2026 11:31:18 PM, FileAttributes: A, AllocationSize: 434,176, EndOfFile: 434,176"
"12:22:49.7805916 PM","main.exe","24160","QueryStandardInformationFile","D:\Work\FingerDraw\FingerDraw\windows-server\Application\lib\gstreamer-1.0\gstcoreelements.dll","SUCCESS","AllocationSize: 434,176, EndOfFile: 434,176, NumberOfLinks: 1, DeletePending: False, Directory: False"
"12:22:49.7806013 PM","main.exe","24160","CloseFile","D:\Work\FingerDraw\FingerDraw\windows-server\Application\lib\gstreamer-1.0\gstcoreelements.dll","SUCCESS",""
"12:22:49.7809905 PM","main.exe","24160","QueryOpen","D:\Work\FingerDraw\FingerDraw\windows-server\Application\lib\gstreamer-1.0\gstcoreelements.dll","SUCCESS","CreationTime: 4/3/2026 9:27:15 PM, LastAccessTime: 4/4/2026 12:19:07 PM, LastWriteTime: 2/26/2026 8:53:42 PM, ChangeTime: 4/1/2026 11:31:18 PM, AllocationSize: 434,176, EndOfFile: 434,176, FileAttributes: A"
"12:22:49.7811636 PM","main.exe","24160","QueryOpen","D:\Work\FingerDraw\FingerDraw\windows-server\Application\lib\gstreamer-1.0\gstcoreelements.dll","SUCCESS","CreationTime: 4/3/2026 9:27:15 PM, LastAccessTime: 4/4/2026 12:19:07 PM, LastWriteTime: 2/26/2026 8:53:42 PM, ChangeTime: 4/1/2026 11:31:18 PM, AllocationSize: 434,176, EndOfFile: 434,176, FileAttributes: A"
"12:22:49.7812539 PM","main.exe","24160","CreateFile","D:\Work\FingerDraw\FingerDraw\windows-server\Application\lib\gstreamer-1.0\gstcoreelements.dll","SUCCESS","Desired Access: Read Data/List Directory, Execute/Traverse, Synchronize, Disposition: Open, Options: Synchronous IO Non-Alert, Non-Directory File, Attributes: n/a, ShareMode: Read, Delete, AllocationSize: n/a, OpenResult: Opened"
"12:22:49.7813690 PM","main.exe","24160","CreateFileMapping","D:\Work\FingerDraw\FingerDraw\windows-server\Application\lib\gstreamer-1.0\gstcoreelements.dll","FILE LOCKED WITH ONLY READERS","SyncType: SyncTypeCreateSection, PageProtection: PAGE_EXECUTE|PAGE_NOCACHE"
"12:22:49.7816523 PM","main.exe","24160","CreateFileMapping","D:\Work\FingerDraw\FingerDraw\windows-server\Application\lib\gstreamer-1.0\gstcoreelements.dll","SUCCESS","SyncType: SyncTypeOther"
"12:22:49.7818304 PM","main.exe","24160","Load Image","D:\Work\FingerDraw\FingerDraw\windows-server\Application\lib\gstreamer-1.0\gstcoreelements.dll","SUCCESS","Image Base: 0x7fff78990000, Image Size: 0x6f000"
"12:22:49.7821343 PM","main.exe","24160","CloseFile","D:\Work\FingerDraw\FingerDraw\windows-server\Application\lib\gstreamer-1.0\gstcoreelements.dll","SUCCESS",""
"12:22:49.7832096 PM","main.exe","24160","QueryOpen","D:\Work\FingerDraw\FingerDraw\windows-server\Application\lib\gstreamer-1.0\gstx264.dll","SUCCESS","CreationTime: 4/3/2026 9:27:15 PM, LastAccessTime: 4/4/2026 12:19:07 PM, LastWriteTime: 2/26/2026 9:07:08 PM, ChangeTime: 4/1/2026 11:31:24 PM, AllocationSize: 73,728, EndOfFile: 71,680, FileAttributes: A"
"12:22:49.7832905 PM","main.exe","24160","CreateFile","D:\Work\FingerDraw\FingerDraw\windows-server\Application\lib\gstreamer-1.0\gstx264.dll","SUCCESS","Desired Access: Read EA, Read Attributes, Synchronize, Disposition: Open, Options: Synchronous IO Non-Alert, Non-Directory File, Attributes: N, ShareMode: Read, Write, Delete, AllocationSize: n/a, OpenResult: Opened"
"12:22:49.7833407 PM","main.exe","24160","QueryInformationVolume","D:\Work\FingerDraw\FingerDraw\windows-server\Application\lib\gstreamer-1.0\gstx264.dll","SUCCESS","VolumeCreationTime: 11/21/2025 10:20:54 PM, VolumeSerialNumber: 6E8E-5C3C, SupportsObjects: True, VolumeLabel: "
"12:22:49.7833523 PM","main.exe","24160","QueryAllInformationFile","D:\Work\FingerDraw\FingerDraw\windows-server\Application\lib\gstreamer-1.0\gstx264.dll","BUFFER OVERFLOW","CreationTime: 4/3/2026 9:27:15 PM, LastAccessTime: 4/4/2026 12:19:07 PM, LastWriteTime: 2/26/2026 9:07:08 PM, ChangeTime: 4/1/2026 11:31:24 PM, FileAttributes: A, AllocationSize: 73,728, EndOfFile: 71,680"
"12:22:49.7833654 PM","main.exe","24160","QueryStandardInformationFile","D:\Work\FingerDraw\FingerDraw\windows-server\Application\lib\gstreamer-1.0\gstx264.dll","SUCCESS","AllocationSize: 73,728, EndOfFile: 71,680, NumberOfLinks: 1, DeletePending: False, Directory: False"
"12:22:49.7833760 PM","main.exe","24160","CloseFile","D:\Work\FingerDraw\FingerDraw\windows-server\Application\lib\gstreamer-1.0\gstx264.dll","SUCCESS",""
"12:22:49.7835397 PM","main.exe","24160","QueryOpen","D:\Work\FingerDraw\FingerDraw\windows-server\Application\lib\gstreamer-1.0\gstx264.dll","SUCCESS","CreationTime: 4/3/2026 9:27:15 PM, LastAccessTime: 4/4/2026 12:19:07 PM, LastWriteTime: 2/26/2026 9:07:08 PM, ChangeTime: 4/1/2026 11:31:24 PM, AllocationSize: 73,728, EndOfFile: 71,680, FileAttributes: A"
"12:22:49.7837713 PM","main.exe","24160","QueryOpen","D:\Work\FingerDraw\FingerDraw\windows-server\Application\lib\gstreamer-1.0\gstx264.dll","SUCCESS","CreationTime: 4/3/2026 9:27:15 PM, LastAccessTime: 4/4/2026 12:19:07 PM, LastWriteTime: 2/26/2026 9:07:08 PM, ChangeTime: 4/1/2026 11:31:24 PM, AllocationSize: 73,728, EndOfFile: 71,680, FileAttributes: A"
"12:22:49.7839121 PM","main.exe","24160","CreateFile","D:\Work\FingerDraw\FingerDraw\windows-server\Application\lib\gstreamer-1.0\gstx264.dll","SUCCESS","Desired Access: Read Data/List Directory, Execute/Traverse, Synchronize, Disposition: Open, Options: Synchronous IO Non-Alert, Non-Directory File, Attributes: n/a, ShareMode: Read, Delete, AllocationSize: n/a, OpenResult: Opened"
"12:22:49.7839781 PM","main.exe","24160","CreateFileMapping","D:\Work\FingerDraw\FingerDraw\windows-server\Application\lib\gstreamer-1.0\gstx264.dll","FILE LOCKED WITH ONLY READERS","SyncType: SyncTypeCreateSection, PageProtection: PAGE_EXECUTE|PAGE_NOCACHE"
"12:22:49.7840778 PM","main.exe","24160","CreateFileMapping","D:\Work\FingerDraw\FingerDraw\windows-server\Application\lib\gstreamer-1.0\gstx264.dll","SUCCESS","SyncType: SyncTypeOther"
"12:22:49.7842087 PM","main.exe","24160","Load Image","D:\Work\FingerDraw\FingerDraw\windows-server\Application\lib\gstreamer-1.0\gstx264.dll","SUCCESS","Image Base: 0x7fff951a0000, Image Size: 0x15000"
"12:22:49.7843247 PM","main.exe","24160","CloseFile","D:\Work\FingerDraw\FingerDraw\windows-server\Application\lib\gstreamer-1.0\gstx264.dll","SUCCESS",""
"12:22:49.7847178 PM","main.exe","24160","QueryOpen","D:\Work\FingerDraw\FingerDraw\windows-server\Application\gstpbutils-1.0-0.dll","SUCCESS","CreationTime: 4/3/2026 9:27:15 PM, LastAccessTime: 4/4/2026 12:19:07 PM, LastWriteTime: 2/26/2026 8:58:36 PM, ChangeTime: 4/1/2026 11:31:18 PM, AllocationSize: 278,528, EndOfFile: 278,016, FileAttributes: A"
"12:22:49.7847425 PM","main.exe","24160","QueryOpen","D:\Work\FingerDraw\FingerDraw\windows-server\Application\x264-164.dll","SUCCESS","CreationTime: 4/3/2026 9:27:15 PM, LastAccessTime: 4/4/2026 12:19:07 PM, LastWriteTime: 2/26/2026 9:05:42 PM, ChangeTime: 4/1/2026 11:31:24 PM, AllocationSize: 2,293,760, EndOfFile: 2,290,176, FileAttributes: A"
"12:22:49.7850350 PM","main.exe","24160","CreateFile","D:\Work\FingerDraw\FingerDraw\windows-server\Application\gstpbutils-1.0-0.dll","SUCCESS","Desired Access: Read Data/List Directory, Execute/Traverse, Synchronize, Disposition: Open, Options: Synchronous IO Non-Alert, Non-Directory File, Attributes: n/a, ShareMode: Read, Delete, AllocationSize: n/a, OpenResult: Opened"
"12:22:49.7851015 PM","main.exe","24160","CreateFile","D:\Work\FingerDraw\FingerDraw\windows-server\Application\x264-164.dll","SUCCESS","Desired Access: Read Data/List Directory, Execute/Traverse, Synchronize, Disposition: Open, Options: Synchronous IO Non-Alert, Non-Directory File, Attributes: n/a, ShareMode: Read, Delete, AllocationSize: n/a, OpenResult: Opened"
"12:22:49.7851628 PM","main.exe","24160","CreateFileMapping","D:\Work\FingerDraw\FingerDraw\windows-server\Application\gstpbutils-1.0-0.dll","FILE LOCKED WITH ONLY READERS","SyncType: SyncTypeCreateSection, PageProtection: PAGE_EXECUTE|PAGE_NOCACHE"
"12:22:49.7851977 PM","main.exe","24160","CreateFileMapping","D:\Work\FingerDraw\FingerDraw\windows-server\Application\x264-164.dll","FILE LOCKED WITH ONLY READERS","SyncType: SyncTypeCreateSection, PageProtection: PAGE_EXECUTE|PAGE_NOCACHE"
"12:22:49.7853151 PM","main.exe","24160","CreateFileMapping","D:\Work\FingerDraw\FingerDraw\windows-server\Application\gstpbutils-1.0-0.dll","SUCCESS","SyncType: SyncTypeOther"
"12:22:49.7854649 PM","main.exe","24160","Load Image","D:\Work\FingerDraw\FingerDraw\windows-server\Application\gstpbutils-1.0-0.dll","SUCCESS","Image Base: 0x7fff6f410000, Image Size: 0x47000"
"12:22:49.7855637 PM","main.exe","24160","CreateFileMapping","D:\Work\FingerDraw\FingerDraw\windows-server\Application\x264-164.dll","SUCCESS","SyncType: SyncTypeOther"
"12:22:49.7856187 PM","main.exe","24160","CloseFile","D:\Work\FingerDraw\FingerDraw\windows-server\Application\gstpbutils-1.0-0.dll","SUCCESS",""
"12:22:49.7856675 PM","main.exe","24160","Load Image","D:\Work\FingerDraw\FingerDraw\windows-server\Application\x264-164.dll","SUCCESS","Image Base: 0x7fff36800000, Image Size: 0x32c000"
"12:22:49.7857617 PM","main.exe","24160","CloseFile","D:\Work\FingerDraw\FingerDraw\windows-server\Application\x264-164.dll","SUCCESS",""
"12:22:49.7858499 PM","main.exe","24160","QueryOpen","D:\Work\FingerDraw\FingerDraw\windows-server\Application\gsttag-1.0-0.dll","SUCCESS","CreationTime: 4/3/2026 9:27:15 PM, LastAccessTime: 4/4/2026 12:19:07 PM, LastWriteTime: 2/26/2026 8:58:32 PM, ChangeTime: 4/1/2026 11:31:18 PM, AllocationSize: 270,336, EndOfFile: 266,752, FileAttributes: A"
"12:22:49.7858792 PM","main.exe","24160","QueryOpen","D:\Work\FingerDraw\FingerDraw\windows-server\Application\gstaudio-1.0-0.dll","SUCCESS","CreationTime: 4/3/2026 9:27:15 PM, LastAccessTime: 4/4/2026 12:19:07 PM, LastWriteTime: 2/26/2026 8:58:36 PM, ChangeTime: 4/1/2026 11:31:18 PM, AllocationSize: 581,632, EndOfFile: 578,048, FileAttributes: A"
"12:22:49.7862379 PM","main.exe","24160","CreateFile","D:\Work\FingerDraw\FingerDraw\windows-server\Application\gstaudio-1.0-0.dll","SUCCESS","Desired Access: Read Data/List Directory, Execute/Traverse, Synchronize, Disposition: Open, Options: Synchronous IO Non-Alert, Non-Directory File, Attributes: n/a, ShareMode: Read, Delete, AllocationSize: n/a, OpenResult: Opened"
"12:22:49.7862486 PM","main.exe","24160","CreateFile","D:\Work\FingerDraw\FingerDraw\windows-server\Application\gsttag-1.0-0.dll","SUCCESS","Desired Access: Read Data/List Directory, Execute/Traverse, Synchronize, Disposition: Open, Options: Synchronous IO Non-Alert, Non-Directory File, Attributes: n/a, ShareMode: Read, Delete, AllocationSize: n/a, OpenResult: Opened"
"12:22:49.7863259 PM","main.exe","24160","CreateFileMapping","D:\Work\FingerDraw\FingerDraw\windows-server\Application\gstaudio-1.0-0.dll","FILE LOCKED WITH ONLY READERS","SyncType: SyncTypeCreateSection, PageProtection: PAGE_EXECUTE|PAGE_NOCACHE"
"12:22:49.7863319 PM","main.exe","24160","CreateFileMapping","D:\Work\FingerDraw\FingerDraw\windows-server\Application\gsttag-1.0-0.dll","FILE LOCKED WITH ONLY READERS","SyncType: SyncTypeCreateSection, PageProtection: PAGE_EXECUTE|PAGE_NOCACHE"
"12:22:49.7864092 PM","main.exe","24160","CreateFileMapping","D:\Work\FingerDraw\FingerDraw\windows-server\Application\gsttag-1.0-0.dll","SUCCESS","SyncType: SyncTypeOther"
"12:22:49.7864568 PM","main.exe","24160","CreateFileMapping","D:\Work\FingerDraw\FingerDraw\windows-server\Application\gstaudio-1.0-0.dll","SUCCESS","SyncType: SyncTypeOther"
"12:22:49.7865079 PM","main.exe","24160","Load Image","D:\Work\FingerDraw\FingerDraw\windows-server\Application\gsttag-1.0-0.dll","SUCCESS","Image Base: 0x7fff66050000, Image Size: 0x46000"
"12:22:49.7865916 PM","main.exe","24160","Load Image","D:\Work\FingerDraw\FingerDraw\windows-server\Application\gstaudio-1.0-0.dll","SUCCESS","Image Base: 0x7fff62e20000, Image Size: 0x91000"
"12:22:49.7866616 PM","main.exe","24160","CloseFile","D:\Work\FingerDraw\FingerDraw\windows-server\Application\gsttag-1.0-0.dll","SUCCESS",""
"12:22:49.7867046 PM","main.exe","24160","CloseFile","D:\Work\FingerDraw\FingerDraw\windows-server\Application\gstaudio-1.0-0.dll","SUCCESS",""
"12:22:49.7867597 PM","main.exe","24160","QueryOpen","D:\Work\FingerDraw\FingerDraw\windows-server\Application\z-1.dll","SUCCESS","CreationTime: 4/3/2026 9:27:14 PM, LastAccessTime: 4/4/2026 12:19:07 PM, LastWriteTime: 2/26/2026 8:50:18 PM, ChangeTime: 4/1/2026 11:31:28 PM, AllocationSize: 94,208, EndOfFile: 93,696, FileAttributes: A"
"12:22:49.7868758 PM","main.exe","24160","CreateFile","D:\Work\FingerDraw\FingerDraw\windows-server\Application\z-1.dll","SUCCESS","Desired Access: Read Data/List Directory, Execute/Traverse, Synchronize, Disposition: Open, Options: Synchronous IO Non-Alert, Non-Directory File, Attributes: n/a, ShareMode: Read, Delete, AllocationSize: n/a, OpenResult: Opened"
"12:22:49.7869650 PM","main.exe","24160","CreateFileMapping","D:\Work\FingerDraw\FingerDraw\windows-server\Application\z-1.dll","FILE LOCKED WITH ONLY READERS","SyncType: SyncTypeCreateSection, PageProtection: PAGE_EXECUTE|PAGE_NOCACHE"
"12:22:49.7870261 PM","main.exe","24160","CreateFileMapping","D:\Work\FingerDraw\FingerDraw\windows-server\Application\z-1.dll","SUCCESS","SyncType: SyncTypeOther"
"12:22:49.7871060 PM","main.exe","24160","Load Image","D:\Work\FingerDraw\FingerDraw\windows-server\Application\z-1.dll","SUCCESS","Image Base: 0x7fff94f60000, Image Size: 0x1b000"
"12:22:49.7871865 PM","main.exe","24160","CloseFile","D:\Work\FingerDraw\FingerDraw\windows-server\Application\z-1.dll","SUCCESS",""
"12:22:49.7878234 PM","main.exe","24160","QueryOpen","D:\Work\FingerDraw\FingerDraw\windows-server\Application\lib\gstreamer-1.0\gstrtp.dll","SUCCESS","CreationTime: 4/3/2026 9:27:15 PM, LastAccessTime: 4/4/2026 12:19:07 PM, LastWriteTime: 2/26/2026 9:06:34 PM, ChangeTime: 4/1/2026 11:31:23 PM, AllocationSize: 704,512, EndOfFile: 701,952, FileAttributes: A"
"12:22:49.7879406 PM","main.exe","24160","CreateFile","D:\Work\FingerDraw\FingerDraw\windows-server\Application\lib\gstreamer-1.0\gstrtp.dll","SUCCESS","Desired Access: Read EA, Read Attributes, Synchronize, Disposition: Open, Options: Synchronous IO Non-Alert, Non-Directory File, Attributes: N, ShareMode: Read, Write, Delete, AllocationSize: n/a, OpenResult: Opened"
"12:22:49.7879937 PM","main.exe","24160","QueryInformationVolume","D:\Work\FingerDraw\FingerDraw\windows-server\Application\lib\gstreamer-1.0\gstrtp.dll","SUCCESS","VolumeCreationTime: 11/21/2025 10:20:54 PM, VolumeSerialNumber: 6E8E-5C3C, SupportsObjects: True, VolumeLabel: "
"12:22:49.7880079 PM","main.exe","24160","QueryAllInformationFile","D:\Work\FingerDraw\FingerDraw\windows-server\Application\lib\gstreamer-1.0\gstrtp.dll","BUFFER OVERFLOW","CreationTime: 4/3/2026 9:27:15 PM, LastAccessTime: 4/4/2026 12:19:07 PM, LastWriteTime: 2/26/2026 9:06:34 PM, ChangeTime: 4/1/2026 11:31:23 PM, FileAttributes: A, AllocationSize: 704,512, EndOfFile: 701,952"
"12:22:49.7880230 PM","main.exe","24160","QueryStandardInformationFile","D:\Work\FingerDraw\FingerDraw\windows-server\Application\lib\gstreamer-1.0\gstrtp.dll","SUCCESS","AllocationSize: 704,512, EndOfFile: 701,952, NumberOfLinks: 1, DeletePending: False, Directory: False"
"12:22:49.7880372 PM","main.exe","24160","CloseFile","D:\Work\FingerDraw\FingerDraw\windows-server\Application\lib\gstreamer-1.0\gstrtp.dll","SUCCESS",""
"12:22:49.7881596 PM","main.exe","24160","QueryOpen","D:\Work\FingerDraw\FingerDraw\windows-server\Application\lib\gstreamer-1.0\gstrtp.dll","SUCCESS","CreationTime: 4/3/2026 9:27:15 PM, LastAccessTime: 4/4/2026 12:19:07 PM, LastWriteTime: 2/26/2026 9:06:34 PM, ChangeTime: 4/1/2026 11:31:23 PM, AllocationSize: 704,512, EndOfFile: 701,952, FileAttributes: A"
"12:22:49.7882862 PM","main.exe","24160","QueryOpen","D:\Work\FingerDraw\FingerDraw\windows-server\Application\lib\gstreamer-1.0\gstrtp.dll","SUCCESS","CreationTime: 4/3/2026 9:27:15 PM, LastAccessTime: 4/4/2026 12:19:07 PM, LastWriteTime: 2/26/2026 9:06:34 PM, ChangeTime: 4/1/2026 11:31:23 PM, AllocationSize: 704,512, EndOfFile: 701,952, FileAttributes: A"
"12:22:49.7883822 PM","main.exe","24160","CreateFile","D:\Work\FingerDraw\FingerDraw\windows-server\Application\lib\gstreamer-1.0\gstrtp.dll","SUCCESS","Desired Access: Read Data/List Directory, Execute/Traverse, Synchronize, Disposition: Open, Options: Synchronous IO Non-Alert, Non-Directory File, Attributes: n/a, ShareMode: Read, Delete, AllocationSize: n/a, OpenResult: Opened"
"12:22:49.7884524 PM","main.exe","24160","CreateFileMapping","D:\Work\FingerDraw\FingerDraw\windows-server\Application\lib\gstreamer-1.0\gstrtp.dll","FILE LOCKED WITH ONLY READERS","SyncType: SyncTypeCreateSection, PageProtection: PAGE_EXECUTE|PAGE_NOCACHE"
"12:22:49.7887077 PM","main.exe","24160","CreateFileMapping","D:\Work\FingerDraw\FingerDraw\windows-server\Application\lib\gstreamer-1.0\gstrtp.dll","SUCCESS","SyncType: SyncTypeOther"
"12:22:49.7888093 PM","main.exe","24160","Load Image","D:\Work\FingerDraw\FingerDraw\windows-server\Application\lib\gstreamer-1.0\gstrtp.dll","SUCCESS","Image Base: 0x7fff62bc0000, Image Size: 0xb0000"
"12:22:49.7889205 PM","main.exe","24160","CloseFile","D:\Work\FingerDraw\FingerDraw\windows-server\Application\lib\gstreamer-1.0\gstrtp.dll","SUCCESS",""
"12:22:49.7890566 PM","main.exe","24160","QueryOpen","D:\Work\FingerDraw\FingerDraw\windows-server\Application\gstrtp-1.0-0.dll","SUCCESS","CreationTime: 4/3/2026 9:27:15 PM, LastAccessTime: 4/4/2026 12:19:07 PM, LastWriteTime: 2/26/2026 8:58:36 PM, ChangeTime: 4/4/2026 12:43:31 AM, AllocationSize: 159,744, EndOfFile: 159,744, FileAttributes: A"
"12:22:49.7891667 PM","main.exe","24160","CreateFile","D:\Work\FingerDraw\FingerDraw\windows-server\Application\gstrtp-1.0-0.dll","SUCCESS","Desired Access: Read Data/List Directory, Execute/Traverse, Synchronize, Disposition: Open, Options: Synchronous IO Non-Alert, Non-Directory File, Attributes: n/a, ShareMode: Read, Delete, AllocationSize: n/a, OpenResult: Opened"
"12:22:49.7892158 PM","main.exe","24160","CreateFileMapping","D:\Work\FingerDraw\FingerDraw\windows-server\Application\gstrtp-1.0-0.dll","FILE LOCKED WITH ONLY READERS","SyncType: SyncTypeCreateSection, PageProtection: PAGE_EXECUTE|PAGE_NOCACHE"
"12:22:49.7892752 PM","main.exe","24160","CreateFileMapping","D:\Work\FingerDraw\FingerDraw\windows-server\Application\gstrtp-1.0-0.dll","SUCCESS","SyncType: SyncTypeOther"
"12:22:49.7893465 PM","main.exe","24160","Load Image","D:\Work\FingerDraw\FingerDraw\windows-server\Application\gstrtp-1.0-0.dll","SUCCESS","Image Base: 0x7fff89780000, Image Size: 0x2b000"
"12:22:49.7894085 PM","main.exe","24160","CloseFile","D:\Work\FingerDraw\FingerDraw\windows-server\Application\gstrtp-1.0-0.dll","SUCCESS",""
"12:22:49.7901840 PM","main.exe","24160","QueryOpen","D:\Work\FingerDraw\FingerDraw\windows-server\Application\lib\gstreamer-1.0\gstudp.dll","SUCCESS","CreationTime: 4/3/2026 9:27:15 PM, LastAccessTime: 4/4/2026 12:19:07 PM, LastWriteTime: 2/26/2026 9:06:34 PM, ChangeTime: 4/1/2026 11:31:23 PM, AllocationSize: 90,112, EndOfFile: 87,552, FileAttributes: A"
"12:22:49.7902665 PM","main.exe","24160","CreateFile","D:\Work\FingerDraw\FingerDraw\windows-server\Application\lib\gstreamer-1.0\gstudp.dll","SUCCESS","Desired Access: Read EA, Read Attributes, Synchronize, Disposition: Open, Options: Synchronous IO Non-Alert, Non-Directory File, Attributes: N, ShareMode: Read, Write, Delete, AllocationSize: n/a, OpenResult: Opened"
"12:22:49.7903046 PM","main.exe","24160","QueryInformationVolume","D:\Work\FingerDraw\FingerDraw\windows-server\Application\lib\gstreamer-1.0\gstudp.dll","SUCCESS","VolumeCreationTime: 11/21/2025 10:20:54 PM, VolumeSerialNumber: 6E8E-5C3C, SupportsObjects: True, VolumeLabel: "
"12:22:49.7903144 PM","main.exe","24160","QueryAllInformationFile","D:\Work\FingerDraw\FingerDraw\windows-server\Application\lib\gstreamer-1.0\gstudp.dll","BUFFER OVERFLOW","CreationTime: 4/3/2026 9:27:15 PM, LastAccessTime: 4/4/2026 12:19:07 PM, LastWriteTime: 2/26/2026 9:06:34 PM, ChangeTime: 4/1/2026 11:31:23 PM, FileAttributes: A, AllocationSize: 90,112, EndOfFile: 87,552"
"12:22:49.7903251 PM","main.exe","24160","QueryStandardInformationFile","D:\Work\FingerDraw\FingerDraw\windows-server\Application\lib\gstreamer-1.0\gstudp.dll","SUCCESS","AllocationSize: 90,112, EndOfFile: 87,552, NumberOfLinks: 1, DeletePending: False, Directory: False"
"12:22:49.7903349 PM","main.exe","24160","CloseFile","D:\Work\FingerDraw\FingerDraw\windows-server\Application\lib\gstreamer-1.0\gstudp.dll","SUCCESS",""
"12:22:49.7904709 PM","main.exe","24160","QueryOpen","D:\Work\FingerDraw\FingerDraw\windows-server\Application\lib\gstreamer-1.0\gstudp.dll","SUCCESS","CreationTime: 4/3/2026 9:27:15 PM, LastAccessTime: 4/4/2026 12:19:07 PM, LastWriteTime: 2/26/2026 9:06:34 PM, ChangeTime: 4/1/2026 11:31:23 PM, AllocationSize: 90,112, EndOfFile: 87,552, FileAttributes: A"
"12:22:49.7905560 PM","main.exe","24160","QueryOpen","D:\Work\FingerDraw\FingerDraw\windows-server\Application\lib\gstreamer-1.0\gstudp.dll","SUCCESS","CreationTime: 4/3/2026 9:27:15 PM, LastAccessTime: 4/4/2026 12:19:07 PM, LastWriteTime: 2/26/2026 9:06:34 PM, ChangeTime: 4/1/2026 11:31:23 PM, AllocationSize: 90,112, EndOfFile: 87,552, FileAttributes: A"
"12:22:49.7906809 PM","main.exe","24160","CreateFile","D:\Work\FingerDraw\FingerDraw\windows-server\Application\lib\gstreamer-1.0\gstudp.dll","SUCCESS","Desired Access: Read Data/List Directory, Execute/Traverse, Synchronize, Disposition: Open, Options: Synchronous IO Non-Alert, Non-Directory File, Attributes: n/a, ShareMode: Read, Delete, AllocationSize: n/a, OpenResult: Opened"
"12:22:49.7907422 PM","main.exe","24160","CreateFileMapping","D:\Work\FingerDraw\FingerDraw\windows-server\Application\lib\gstreamer-1.0\gstudp.dll","FILE LOCKED WITH ONLY READERS","SyncType: SyncTypeCreateSection, PageProtection: PAGE_EXECUTE|PAGE_NOCACHE"
"12:22:49.7908178 PM","main.exe","24160","CreateFileMapping","D:\Work\FingerDraw\FingerDraw\windows-server\Application\lib\gstreamer-1.0\gstudp.dll","SUCCESS","SyncType: SyncTypeOther"
"12:22:49.7909335 PM","main.exe","24160","Load Image","D:\Work\FingerDraw\FingerDraw\windows-server\Application\lib\gstreamer-1.0\gstudp.dll","SUCCESS","Image Base: 0x7fff94ee0000, Image Size: 0x19000"
"12:22:49.7910117 PM","main.exe","24160","CloseFile","D:\Work\FingerDraw\FingerDraw\windows-server\Application\lib\gstreamer-1.0\gstudp.dll","SUCCESS",""
"12:22:49.7912567 PM","main.exe","24160","QueryOpen","D:\Work\FingerDraw\FingerDraw\windows-server\Application\gio-2.0-0.dll","SUCCESS","CreationTime: 4/4/2026 12:00:14 PM, LastAccessTime: 4/4/2026 12:19:07 PM, LastWriteTime: 2/26/2026 8:51:36 PM, ChangeTime: 4/1/2026 11:31:27 PM, AllocationSize: 1,912,832, EndOfFile: 1,909,248, FileAttributes: A"
"12:22:49.7912618 PM","main.exe","24160","QueryOpen","D:\Work\FingerDraw\FingerDraw\windows-server\Application\gstnet-1.0-0.dll","SUCCESS","CreationTime: 4/3/2026 9:27:15 PM, LastAccessTime: 4/4/2026 12:19:07 PM, LastWriteTime: 2/26/2026 8:53:40 PM, ChangeTime: 4/1/2026 11:31:18 PM, AllocationSize: 114,688, EndOfFile: 111,616, FileAttributes: A"
"12:22:49.7915805 PM","main.exe","24160","CreateFile","D:\Work\FingerDraw\FingerDraw\windows-server\Application\gio-2.0-0.dll","SUCCESS","Desired Access: Read Data/List Directory, Execute/Traverse, Synchronize, Disposition: Open, Options: Synchronous IO Non-Alert, Non-Directory File, Attributes: n/a, ShareMode: Read, Delete, AllocationSize: n/a, OpenResult: Opened"
"12:22:49.7915820 PM","main.exe","24160","CreateFile","D:\Work\FingerDraw\FingerDraw\windows-server\Application\gstnet-1.0-0.dll","SUCCESS","Desired Access: Read Data/List Directory, Execute/Traverse, Synchronize, Disposition: Open, Options: Synchronous IO Non-Alert, Non-Directory File, Attributes: n/a, ShareMode: Read, Delete, AllocationSize: n/a, OpenResult: Opened"
"12:22:49.7916443 PM","main.exe","24160","CreateFileMapping","D:\Work\FingerDraw\FingerDraw\windows-server\Application\gio-2.0-0.dll","FILE LOCKED WITH ONLY READERS","SyncType: SyncTypeCreateSection, PageProtection: PAGE_EXECUTE|PAGE_NOCACHE"
"12:22:49.7916578 PM","main.exe","24160","CreateFileMapping","D:\Work\FingerDraw\FingerDraw\windows-server\Application\gstnet-1.0-0.dll","FILE LOCKED WITH ONLY READERS","SyncType: SyncTypeCreateSection, PageProtection: PAGE_EXECUTE|PAGE_NOCACHE"
"12:22:49.7917102 PM","main.exe","24160","CreateFileMapping","D:\Work\FingerDraw\FingerDraw\windows-server\Application\gstnet-1.0-0.dll","SUCCESS","SyncType: SyncTypeOther"
"12:22:49.7917733 PM","main.exe","24160","Load Image","D:\Work\FingerDraw\FingerDraw\windows-server\Application\gstnet-1.0-0.dll","SUCCESS","Image Base: 0x7fff895d0000, Image Size: 0x23000"
"12:22:49.7917867 PM","main.exe","24160","CreateFileMapping","D:\Work\FingerDraw\FingerDraw\windows-server\Application\gio-2.0-0.dll","SUCCESS","SyncType: SyncTypeOther"
"12:22:49.7918477 PM","main.exe","24160","CloseFile","D:\Work\FingerDraw\FingerDraw\windows-server\Application\gstnet-1.0-0.dll","SUCCESS",""
"12:22:49.7918781 PM","main.exe","24160","Load Image","D:\Work\FingerDraw\FingerDraw\windows-server\Application\gio-2.0-0.dll","SUCCESS","Image Base: 0x7fff32c40000, Image Size: 0x1d8000"
"12:22:49.7919813 PM","main.exe","24160","CloseFile","D:\Work\FingerDraw\FingerDraw\windows-server\Application\gio-2.0-0.dll","SUCCESS",""
"12:22:49.7921546 PM","main.exe","24160","QueryOpen","D:\Work\FingerDraw\FingerDraw\windows-server\Application\gio-2.0-0.dll","SUCCESS","CreationTime: 4/4/2026 12:00:14 PM, LastAccessTime: 4/4/2026 12:22:49 PM, LastWriteTime: 2/26/2026 8:51:36 PM, ChangeTime: 4/1/2026 11:31:27 PM, AllocationSize: 1,912,832, EndOfFile: 1,909,248, FileAttributes: A"
"12:22:49.7924466 PM","main.exe","24160","QueryOpen","D:\Work\FingerDraw\FingerDraw\windows-server\Application\DNSAPI.dll","NAME NOT FOUND",""
"12:22:49.7924496 PM","main.exe","24160","QueryOpen","D:\Work\FingerDraw\FingerDraw\windows-server\Application\IPHLPAPI.DLL","NAME NOT FOUND",""
"12:22:49.7928116 PM","main.exe","24160","CreateFile","C:\Windows\System32\IPHLPAPI.DLL","SUCCESS","Desired Access: Read Attributes, Disposition: Open, Options: Open Reparse Point, Attributes: n/a, ShareMode: Read, Write, Delete, AllocationSize: n/a, OpenResult: Opened"
"12:22:49.7928560 PM","main.exe","24160","QueryBasicInformationFile","C:\Windows\System32\IPHLPAPI.DLL","SUCCESS","CreationTime: 3/11/2026 1:06:47 PM, LastAccessTime: 4/4/2026 12:21:39 PM, LastWriteTime: 3/11/2026 1:06:47 PM, ChangeTime: 3/12/2026 12:16:18 AM, FileAttributes: A"
"12:22:49.7928726 PM","main.exe","24160","CloseFile","C:\Windows\System32\IPHLPAPI.DLL","SUCCESS",""
"12:22:49.7928956 PM","main.exe","24160","CreateFile","C:\Windows\System32\dnsapi.dll","SUCCESS","Desired Access: Read Attributes, Disposition: Open, Options: Open Reparse Point, Attributes: n/a, ShareMode: Read, Write, Delete, AllocationSize: n/a, OpenResult: Opened"
"12:22:49.7929313 PM","main.exe","24160","QueryBasicInformationFile","C:\Windows\System32\dnsapi.dll","SUCCESS","CreationTime: 3/11/2026 1:06:41 PM, LastAccessTime: 4/4/2026 12:21:21 PM, LastWriteTime: 3/11/2026 1:06:41 PM, ChangeTime: 3/12/2026 12:16:20 AM, FileAttributes: A"
"12:22:49.7929419 PM","main.exe","24160","CloseFile","C:\Windows\System32\dnsapi.dll","SUCCESS",""
"12:22:49.7930264 PM","main.exe","24160","CreateFile","C:\Windows\System32\IPHLPAPI.DLL","SUCCESS","Desired Access: Read Data/List Directory, Execute/Traverse, Synchronize, Disposition: Open, Options: Synchronous IO Non-Alert, Non-Directory File, Attributes: n/a, ShareMode: Read, Delete, AllocationSize: n/a, OpenResult: Opened"
"12:22:49.7930740 PM","main.exe","24160","CreateFileMapping","C:\Windows\System32\IPHLPAPI.DLL","FILE LOCKED WITH ONLY READERS","SyncType: SyncTypeCreateSection, PageProtection: PAGE_EXECUTE|PAGE_NOCACHE"
"12:22:49.7930801 PM","main.exe","24160","CreateFile","C:\Windows\System32\dnsapi.dll","SUCCESS","Desired Access: Read Data/List Directory, Execute/Traverse, Synchronize, Disposition: Open, Options: Synchronous IO Non-Alert, Non-Directory File, Attributes: n/a, ShareMode: Read, Delete, AllocationSize: n/a, OpenResult: Opened"
"12:22:49.7930931 PM","main.exe","24160","CreateFileMapping","C:\Windows\System32\IPHLPAPI.DLL","SUCCESS","SyncType: SyncTypeOther"
"12:22:49.7931210 PM","main.exe","24160","CreateFileMapping","C:\Windows\System32\dnsapi.dll","FILE LOCKED WITH ONLY READERS","SyncType: SyncTypeCreateSection, PageProtection: PAGE_EXECUTE|PAGE_NOCACHE"
"12:22:49.7931395 PM","main.exe","24160","CreateFileMapping","C:\Windows\System32\dnsapi.dll","SUCCESS","SyncType: SyncTypeOther"
"12:22:49.7931896 PM","main.exe","24160","Load Image","C:\Windows\System32\IPHLPAPI.DLL","SUCCESS","Image Base: 0x7fffa37a0000, Image Size: 0x33000"
"12:22:49.7932391 PM","main.exe","24160","Load Image","C:\Windows\System32\dnsapi.dll","SUCCESS","Image Base: 0x7fffa37e0000, Image Size: 0x12a000"
"12:22:49.7932741 PM","main.exe","24160","CloseFile","C:\Windows\System32\IPHLPAPI.DLL","SUCCESS",""
"12:22:49.7933486 PM","main.exe","24160","CloseFile","C:\Windows\System32\dnsapi.dll","SUCCESS",""
"12:22:49.7937943 PM","main.exe","24160","Load Image","C:\Windows\System32\nsi.dll","SUCCESS","Image Base: 0x7fffa68a0000, Image Size: 0xa000"
"12:22:49.8058975 PM","main.exe","24160","CreateFile","C:\Windows\System32\DriverStore\FileRepository\u0197640.inf_amd64_38091087f7899005\B025647\amdxx64.dll","SUCCESS","Desired Access: Read Attributes, Disposition: Open, Options: Open Reparse Point, Attributes: n/a, ShareMode: Read, Write, Delete, AllocationSize: n/a, OpenResult: Opened"
"12:22:49.8059303 PM","main.exe","24160","QueryBasicInformationFile","C:\Windows\System32\DriverStore\FileRepository\u0197640.inf_amd64_38091087f7899005\B025647\amdxx64.dll","SUCCESS","CreationTime: 1/25/2026 10:09:34 AM, LastAccessTime: 4/4/2026 12:22:49 PM, LastWriteTime: 1/19/2026 11:54:00 PM, ChangeTime: 2/5/2026 3:53:08 PM, FileAttributes: A"
"12:22:49.8059625 PM","main.exe","24160","CloseFile","C:\Windows\System32\DriverStore\FileRepository\u0197640.inf_amd64_38091087f7899005\B025647\amdxx64.dll","SUCCESS",""
"12:22:49.8060830 PM","main.exe","24160","CreateFile","C:\Windows\System32\DriverStore\FileRepository\u0197640.inf_amd64_38091087f7899005\B025647\amdxx64.dll","SUCCESS","Desired Access: Read Data/List Directory, Execute/Traverse, Synchronize, Disposition: Open, Options: Synchronous IO Non-Alert, Non-Directory File, Attributes: n/a, ShareMode: Read, Delete, AllocationSize: n/a, OpenResult: Opened"
"12:22:49.8061339 PM","main.exe","24160","CreateFileMapping","C:\Windows\System32\DriverStore\FileRepository\u0197640.inf_amd64_38091087f7899005\B025647\amdxx64.dll","FILE LOCKED WITH ONLY READERS","SyncType: SyncTypeCreateSection, PageProtection: PAGE_EXECUTE|PAGE_NOCACHE"
"12:22:49.8061989 PM","main.exe","24160","CreateFileMapping","C:\Windows\System32\DriverStore\FileRepository\u0197640.inf_amd64_38091087f7899005\B025647\amdxx64.dll","SUCCESS","SyncType: SyncTypeOther"
"12:22:49.8063473 PM","main.exe","24160","Load Image","C:\Windows\System32\DriverStore\FileRepository\u0197640.inf_amd64_38091087f7899005\B025647\amdxx64.dll","SUCCESS","Image Base: 0x7fff7f430000, Image Size: 0x2e9a000"
"12:22:49.8064674 PM","main.exe","24160","CreateFile","C:\Program Files\Common Files\System\wab32res.dll","SUCCESS","Desired Access: Read Attributes, Disposition: Open, Options: Open Reparse Point, Attributes: n/a, ShareMode: Read, Write, Delete, AllocationSize: n/a, OpenResult: Opened"
"12:22:49.8065886 PM","main.exe","24160","QueryBasicInformationFile","C:\Program Files\Common Files\System\wab32res.dll","SUCCESS","CreationTime: 1/6/2025 3:39:12 PM, LastAccessTime: 4/2/2026 12:58:43 AM, LastWriteTime: 1/6/2025 3:36:52 PM, ChangeTime: 3/11/2026 4:53:45 PM, FileAttributes: A"
"12:22:49.8066173 PM","main.exe","24160","CloseFile","C:\Program Files\Common Files\System\wab32res.dll","SUCCESS",""
"12:22:49.8066615 PM","main.exe","24160","CreateFile","C:\Windows\System32\DriverStore\FileRepository\u0197640.inf_amd64_38091087f7899005\B025647\amdxx64.dll","SUCCESS","Desired Access: Generic Read, Disposition: Open, Options: Synchronous IO Non-Alert, Non-Directory File, Attributes: n/a, ShareMode: Read, Delete, AllocationSize: n/a, OpenResult: Opened"
"12:22:49.8071543 PM","main.exe","24160","CloseFile","C:\Windows\System32\DriverStore\FileRepository\u0197640.inf_amd64_38091087f7899005\B025647\amdxx64.dll","SUCCESS",""
"12:22:49.8072377 PM","main.exe","24160","CreateFile","C:\Program Files\Common Files\System\wab32res.dll","SUCCESS","Desired Access: Read Attributes, Disposition: Open, Options: Open Reparse Point, Attributes: n/a, ShareMode: Read, Write, Delete, AllocationSize: n/a, OpenResult: Opened"
"12:22:49.8072969 PM","main.exe","24160","QueryBasicInformationFile","C:\Program Files\Common Files\System\wab32res.dll","SUCCESS","CreationTime: 1/6/2025 3:39:12 PM, LastAccessTime: 4/2/2026 12:58:43 AM, LastWriteTime: 1/6/2025 3:36:52 PM, ChangeTime: 3/11/2026 4:53:45 PM, FileAttributes: A"
"12:22:49.8073109 PM","main.exe","24160","CloseFile","C:\Program Files\Common Files\System\wab32res.dll","SUCCESS",""
"12:22:49.8074791 PM","main.exe","24160","CloseFile","C:\Windows\System32\DriverStore\FileRepository\u0197640.inf_amd64_38091087f7899005\B025647\amdxx64.dll","SUCCESS",""
"12:22:49.8080754 PM","main.exe","24160","CreateFile","C:\Program Files\Common Files\System\wab32res.dll","SUCCESS","Desired Access: Read Attributes, Disposition: Open, Options: Open Reparse Point, Attributes: n/a, ShareMode: Read, Write, Delete, AllocationSize: n/a, OpenResult: Opened"
"12:22:49.8081203 PM","main.exe","24160","QueryBasicInformationFile","C:\Program Files\Common Files\System\wab32res.dll","SUCCESS","CreationTime: 1/6/2025 3:39:12 PM, LastAccessTime: 4/2/2026 12:58:43 AM, LastWriteTime: 1/6/2025 3:36:52 PM, ChangeTime: 3/11/2026 4:53:45 PM, FileAttributes: A"
"12:22:49.8081301 PM","main.exe","24160","CloseFile","C:\Program Files\Common Files\System\wab32res.dll","SUCCESS",""
"12:22:49.8089367 PM","main.exe","24160","CreateFile","C:\Program Files\Common Files\System\wab32res.dll","SUCCESS","Desired Access: Read Attributes, Disposition: Open, Options: Open Reparse Point, Attributes: n/a, ShareMode: Read, Write, Delete, AllocationSize: n/a, OpenResult: Opened"
"12:22:49.8089761 PM","main.exe","24160","QueryBasicInformationFile","C:\Program Files\Common Files\System\wab32res.dll","SUCCESS","CreationTime: 1/6/2025 3:39:12 PM, LastAccessTime: 4/2/2026 12:58:43 AM, LastWriteTime: 1/6/2025 3:36:52 PM, ChangeTime: 3/11/2026 4:53:45 PM, FileAttributes: A"
"12:22:49.8089848 PM","main.exe","24160","CloseFile","C:\Program Files\Common Files\System\wab32res.dll","SUCCESS",""
"12:22:49.8399638 PM","main.exe","24160","CreateFile","C:\Windows\System32\wmploc.DLL","SUCCESS","Desired Access: Read Attributes, Disposition: Open, Options: Open Reparse Point, Attributes: n/a, ShareMode: Read, Write, Delete, AllocationSize: n/a, OpenResult: Opened"
"12:22:49.8400213 PM","main.exe","24160","QueryBasicInformationFile","C:\Windows\System32\wmploc.DLL","SUCCESS","CreationTime: 1/6/2025 3:39:16 PM, LastAccessTime: 4/3/2026 2:55:47 AM, LastWriteTime: 1/6/2025 3:36:14 PM, ChangeTime: 3/21/2026 12:40:31 PM, FileAttributes: A"
"12:22:49.8400337 PM","main.exe","24160","CloseFile","C:\Windows\System32\wmploc.DLL","SUCCESS",""
"12:22:49.8405259 PM","main.exe","24160","CreateFile","C:\Windows\System32\wmploc.DLL","SUCCESS","Desired Access: Read Attributes, Disposition: Open, Options: Open Reparse Point, Attributes: n/a, ShareMode: Read, Write, Delete, AllocationSize: n/a, OpenResult: Opened"
"12:22:49.8405639 PM","main.exe","24160","QueryBasicInformationFile","C:\Windows\System32\wmploc.DLL","SUCCESS","CreationTime: 1/6/2025 3:39:16 PM, LastAccessTime: 4/3/2026 2:55:47 AM, LastWriteTime: 1/6/2025 3:36:14 PM, ChangeTime: 3/21/2026 12:40:31 PM, FileAttributes: A"
"12:22:49.8405741 PM","main.exe","24160","CloseFile","C:\Windows\System32\wmploc.DLL","SUCCESS",""
"12:22:49.8835126 PM","main.exe","24160","CreateFile","C:\Windows\System32\atidxx64.dll","SUCCESS","Desired Access: Read Attributes, Disposition: Open, Options: Open Reparse Point, Attributes: n/a, ShareMode: Read, Write, Delete, AllocationSize: n/a, OpenResult: Opened"
"12:22:49.8835488 PM","main.exe","24160","QueryBasicInformationFile","C:\Windows\System32\atidxx64.dll","SUCCESS","CreationTime: 1/25/2026 10:09:34 AM, LastAccessTime: 4/4/2026 12:22:49 PM, LastWriteTime: 1/19/2026 11:54:02 PM, ChangeTime: 2/5/2026 3:53:08 PM, FileAttributes: A"
"12:22:49.8835680 PM","main.exe","24160","CloseFile","C:\Windows\System32\atidxx64.dll","SUCCESS",""
"12:22:49.8838622 PM","main.exe","24160","CreateFile","C:\Windows\System32\atidxx64.dll","SUCCESS","Desired Access: Read Data/List Directory, Execute/Traverse, Synchronize, Disposition: Open, Options: Synchronous IO Non-Alert, Non-Directory File, Attributes: n/a, ShareMode: Read, Delete, AllocationSize: n/a, OpenResult: Opened"
"12:22:49.8839214 PM","main.exe","24160","CreateFileMapping","C:\Windows\System32\atidxx64.dll","FILE LOCKED WITH ONLY READERS","SyncType: SyncTypeCreateSection, PageProtection: PAGE_EXECUTE|PAGE_NOCACHE"
"12:22:49.8839625 PM","main.exe","24160","CreateFileMapping","C:\Windows\System32\atidxx64.dll","SUCCESS","SyncType: SyncTypeOther"
"12:22:49.8840576 PM","main.exe","24160","Load Image","C:\Windows\System32\atidxx64.dll","SUCCESS","Image Base: 0x7fff83890000, Image Size: 0x23000"
"12:22:49.8847067 PM","main.exe","24160","CreateFile","C:\Windows\System32\atidxx64.dll","SUCCESS","Desired Access: Generic Read, Disposition: Open, Options: Synchronous IO Non-Alert, Non-Directory File, Attributes: n/a, ShareMode: Read, Delete, AllocationSize: n/a, OpenResult: Opened"
"12:22:49.8853147 PM","main.exe","24160","CloseFile","C:\Windows\System32\atidxx64.dll","SUCCESS",""
"12:22:49.8854789 PM","main.exe","24160","CloseFile","C:\Windows\System32\atidxx64.dll","SUCCESS",""
"12:22:49.8856884 PM","main.exe","24160","CreateFile","C:\Windows\System32\atidxx64.dll","SUCCESS","Desired Access: Generic Read, Disposition: Open, Options: Synchronous IO Non-Alert, Non-Directory File, Attributes: N, ShareMode: Read, AllocationSize: n/a, OpenResult: Opened"
"12:22:49.8857449 PM","main.exe","24160","QuerySecurityFile","C:\Windows\System32\atidxx64.dll","SUCCESS","Information: Owner, Group, DACL, SACL, Label, Attribute, Process Trust Label, 0x100"
"12:22:49.8893829 PM","main.exe","24160","QueryBasicInformationFile","C:\Windows\System32\atidxx64.dll","SUCCESS","CreationTime: 1/25/2026 10:09:34 AM, LastAccessTime: 4/4/2026 12:22:49 PM, LastWriteTime: 1/19/2026 11:54:02 PM, ChangeTime: 2/5/2026 3:53:08 PM, FileAttributes: A"
"12:22:49.8894189 PM","main.exe","24160","QueryBasicInformationFile","C:\Windows\System32\atidxx64.dll","SUCCESS","CreationTime: 1/25/2026 10:09:34 AM, LastAccessTime: 4/4/2026 12:22:49 PM, LastWriteTime: 1/19/2026 11:54:02 PM, ChangeTime: 2/5/2026 3:53:08 PM, FileAttributes: A"
"12:22:49.8894319 PM","main.exe","24160","QueryNameInformationFile","C:\Windows\System32\atidxx64.dll","SUCCESS","Name: \Windows\System32\atidxx64.dll"
"12:22:49.8894906 PM","main.exe","24160","CloseFile","C:\Windows\System32\atidxx64.dll","SUCCESS",""
"12:22:49.8898427 PM","main.exe","24160","CreateFile","C:\Windows\System32\DriverStore\FileRepository\u0197640.inf_amd64_38091087f7899005\B025647\amdenc64.dll","SUCCESS","Desired Access: Read Attributes, Disposition: Open, Options: Open Reparse Point, Attributes: n/a, ShareMode: Read, Write, Delete, AllocationSize: n/a, OpenResult: Opened"
"12:22:49.8898692 PM","main.exe","24160","QueryBasicInformationFile","C:\Windows\System32\DriverStore\FileRepository\u0197640.inf_amd64_38091087f7899005\B025647\amdenc64.dll","SUCCESS","CreationTime: 1/25/2026 10:09:33 AM, LastAccessTime: 4/4/2026 12:22:49 PM, LastWriteTime: 1/19/2026 11:53:38 PM, ChangeTime: 1/26/2026 7:17:07 PM, FileAttributes: A"
"12:22:49.8898804 PM","main.exe","24160","CloseFile","C:\Windows\System32\DriverStore\FileRepository\u0197640.inf_amd64_38091087f7899005\B025647\amdenc64.dll","SUCCESS",""
"12:22:49.8899580 PM","main.exe","24160","CreateFile","C:\Windows\System32\DriverStore\FileRepository\u0197640.inf_amd64_38091087f7899005\B025647\amdenc64.dll","SUCCESS","Desired Access: Read Data/List Directory, Execute/Traverse, Synchronize, Disposition: Open, Options: Synchronous IO Non-Alert, Non-Directory File, Attributes: n/a, ShareMode: Read, Delete, AllocationSize: n/a, OpenResult: Opened"
"12:22:49.8899906 PM","main.exe","24160","CreateFileMapping","C:\Windows\System32\DriverStore\FileRepository\u0197640.inf_amd64_38091087f7899005\B025647\amdenc64.dll","FILE LOCKED WITH ONLY READERS","SyncType: SyncTypeCreateSection, PageProtection: PAGE_EXECUTE|PAGE_NOCACHE"
"12:22:49.8900121 PM","main.exe","24160","CreateFileMapping","C:\Windows\System32\DriverStore\FileRepository\u0197640.inf_amd64_38091087f7899005\B025647\amdenc64.dll","SUCCESS","SyncType: SyncTypeOther"
"12:22:49.8900710 PM","main.exe","24160","CloseFile","C:\Windows\System32\DriverStore\FileRepository\u0197640.inf_amd64_38091087f7899005\B025647\amdenc64.dll","SUCCESS",""
"12:22:49.8902866 PM","main.exe","24160","CreateFile","C:\Windows\System32\DriverStore\FileRepository\u0197640.inf_amd64_38091087f7899005\B025647\amdenc64.dll","SUCCESS","Desired Access: Read Attributes, Disposition: Open, Options: Open Reparse Point, Attributes: n/a, ShareMode: Read, Write, Delete, AllocationSize: n/a, OpenResult: Opened"
"12:22:49.8903157 PM","main.exe","24160","QueryBasicInformationFile","C:\Windows\System32\DriverStore\FileRepository\u0197640.inf_amd64_38091087f7899005\B025647\amdenc64.dll","SUCCESS","CreationTime: 1/25/2026 10:09:33 AM, LastAccessTime: 4/4/2026 12:22:49 PM, LastWriteTime: 1/19/2026 11:53:38 PM, ChangeTime: 1/26/2026 7:17:07 PM, FileAttributes: A"
"12:22:49.8903263 PM","main.exe","24160","CloseFile","C:\Windows\System32\DriverStore\FileRepository\u0197640.inf_amd64_38091087f7899005\B025647\amdenc64.dll","SUCCESS",""
"12:22:49.8904589 PM","main.exe","24160","CreateFile","C:\Windows\System32\DriverStore\FileRepository\u0197640.inf_amd64_38091087f7899005\B025647\amdenc64.dll","SUCCESS","Desired Access: Read Data/List Directory, Execute/Traverse, Synchronize, Disposition: Open, Options: Synchronous IO Non-Alert, Non-Directory File, Attributes: n/a, ShareMode: Read, Delete, AllocationSize: n/a, OpenResult: Opened"
"12:22:49.8905190 PM","main.exe","24160","CreateFileMapping","C:\Windows\System32\DriverStore\FileRepository\u0197640.inf_amd64_38091087f7899005\B025647\amdenc64.dll","FILE LOCKED WITH ONLY READERS","SyncType: SyncTypeCreateSection, PageProtection: PAGE_EXECUTE|PAGE_NOCACHE"
"12:22:49.8905440 PM","main.exe","24160","CreateFileMapping","C:\Windows\System32\DriverStore\FileRepository\u0197640.inf_amd64_38091087f7899005\B025647\amdenc64.dll","SUCCESS","SyncType: SyncTypeOther"
"12:22:49.8906303 PM","main.exe","24160","Load Image","C:\Windows\System32\DriverStore\FileRepository\u0197640.inf_amd64_38091087f7899005\B025647\amdenc64.dll","SUCCESS","Image Base: 0x77260000, Image Size: 0x151000"
"12:22:49.8910519 PM","main.exe","24160","CreateFile","C:\Windows\System32\DriverStore\FileRepository\u0197640.inf_amd64_38091087f7899005\B025647\amdenc64.dll","SUCCESS","Desired Access: Generic Read, Disposition: Open, Options: Synchronous IO Non-Alert, Non-Directory File, Attributes: n/a, ShareMode: Read, Delete, AllocationSize: n/a, OpenResult: Opened"
"12:22:49.8914927 PM","main.exe","24160","CloseFile","C:\Windows\System32\DriverStore\FileRepository\u0197640.inf_amd64_38091087f7899005\B025647\amdenc64.dll","SUCCESS",""
"12:22:49.8916138 PM","main.exe","24160","CloseFile","C:\Windows\System32\DriverStore\FileRepository\u0197640.inf_amd64_38091087f7899005\B025647\amdenc64.dll","SUCCESS",""
"12:22:49.9227198 PM","main.exe","24160","QueryDirectory","C:\Windows\System32\DriverStore\FileRepository\u0197640.inf_amd64_38091087f7899005\B025647\amdxx64.dll","SUCCESS","FileInformationClass: FileBothDirectoryInformation, Filter: amdxx64.dll, 2: amdxx64.dll"
"12:22:49.9230809 PM","main.exe","24160","CreateFile","C:\Windows\System32\DriverStore\FileRepository\u0197640.inf_amd64_38091087f7899005\B025647\amdihk64.dll","SUCCESS","Desired Access: Read Attributes, Disposition: Open, Options: Open Reparse Point, Attributes: n/a, ShareMode: Read, Write, Delete, AllocationSize: n/a, OpenResult: Opened"
"12:22:49.9231122 PM","main.exe","24160","QueryBasicInformationFile","C:\Windows\System32\DriverStore\FileRepository\u0197640.inf_amd64_38091087f7899005\B025647\amdihk64.dll","SUCCESS","CreationTime: 1/25/2026 10:09:33 AM, LastAccessTime: 4/4/2026 12:22:49 PM, LastWriteTime: 1/19/2026 11:53:42 PM, ChangeTime: 1/26/2026 7:17:07 PM, FileAttributes: A"
"12:22:49.9231426 PM","main.exe","24160","CloseFile","C:\Windows\System32\DriverStore\FileRepository\u0197640.inf_amd64_38091087f7899005\B025647\amdihk64.dll","SUCCESS",""
"12:22:49.9232667 PM","main.exe","24160","CreateFile","C:\Windows\System32\DriverStore\FileRepository\u0197640.inf_amd64_38091087f7899005\B025647\amdihk64.dll","SUCCESS","Desired Access: Read Data/List Directory, Execute/Traverse, Synchronize, Disposition: Open, Options: Synchronous IO Non-Alert, Non-Directory File, Attributes: n/a, ShareMode: Read, Delete, AllocationSize: n/a, OpenResult: Opened"
"12:22:49.9233067 PM","main.exe","24160","CreateFileMapping","C:\Windows\System32\DriverStore\FileRepository\u0197640.inf_amd64_38091087f7899005\B025647\amdihk64.dll","FILE LOCKED WITH ONLY READERS","SyncType: SyncTypeCreateSection, PageProtection: PAGE_EXECUTE|PAGE_NOCACHE"
"12:22:49.9233319 PM","main.exe","24160","CreateFileMapping","C:\Windows\System32\DriverStore\FileRepository\u0197640.inf_amd64_38091087f7899005\B025647\amdihk64.dll","SUCCESS","SyncType: SyncTypeOther"
"12:22:49.9234394 PM","main.exe","24160","Load Image","C:\Windows\System32\DriverStore\FileRepository\u0197640.inf_amd64_38091087f7899005\B025647\amdihk64.dll","SUCCESS","Image Base: 0x7fff7f290000, Image Size: 0x3e000"
"12:22:49.9238497 PM","main.exe","24160","CreateFile","C:\Windows\System32\DriverStore\FileRepository\u0197640.inf_amd64_38091087f7899005\B025647\amdihk64.dll","SUCCESS","Desired Access: Generic Read, Disposition: Open, Options: Synchronous IO Non-Alert, Non-Directory File, Attributes: n/a, ShareMode: Read, Delete, AllocationSize: n/a, OpenResult: Opened"
"12:22:49.9243245 PM","main.exe","24160","CloseFile","C:\Windows\System32\DriverStore\FileRepository\u0197640.inf_amd64_38091087f7899005\B025647\amdihk64.dll","SUCCESS",""
"12:22:49.9244971 PM","main.exe","24160","CloseFile","C:\Windows\System32\DriverStore\FileRepository\u0197640.inf_amd64_38091087f7899005\B025647\amdihk64.dll","SUCCESS",""
"12:22:50.0161689 PM","main.exe","24160","CreateFile","C:\Windows\System32\DriverStore\FileRepository\u0197640.inf_amd64_38091087f7899005\B025647\amdxx64.dll","SUCCESS","Desired Access: Generic Read, Disposition: Open, Options: Synchronous IO Non-Alert, Non-Directory File, Attributes: N, ShareMode: Read, AllocationSize: n/a, OpenResult: Opened"
"12:22:50.0162178 PM","main.exe","24160","QueryBasicInformationFile","C:\Windows\System32\DriverStore\FileRepository\u0197640.inf_amd64_38091087f7899005\B025647\amdxx64.dll","SUCCESS","CreationTime: 1/25/2026 10:09:34 AM, LastAccessTime: 4/4/2026 12:22:49 PM, LastWriteTime: 1/19/2026 11:54:00 PM, ChangeTime: 2/5/2026 3:53:08 PM, FileAttributes: A"
"12:22:50.0162428 PM","main.exe","24160","CloseFile","C:\Windows\System32\DriverStore\FileRepository\u0197640.inf_amd64_38091087f7899005\B025647\amdxx64.dll","SUCCESS",""
"12:22:50.0166053 PM","main.exe","24160","CreateFile","C:\Windows\System32\DriverStore\FileRepository\u0197640.inf_amd64_38091087f7899005\B025647\amdxx64.dll","SUCCESS","Desired Access: Read Attributes, Disposition: Open, Options: Open Reparse Point, Attributes: n/a, ShareMode: Read, Write, Delete, AllocationSize: n/a, OpenResult: Opened"
"12:22:50.0166512 PM","main.exe","24160","QueryBasicInformationFile","C:\Windows\System32\DriverStore\FileRepository\u0197640.inf_amd64_38091087f7899005\B025647\amdxx64.dll","SUCCESS","CreationTime: 1/25/2026 10:09:34 AM, LastAccessTime: 4/4/2026 12:22:49 PM, LastWriteTime: 1/19/2026 11:54:00 PM, ChangeTime: 2/5/2026 3:53:08 PM, FileAttributes: A"
"12:22:50.0166751 PM","main.exe","24160","CloseFile","C:\Windows\System32\DriverStore\FileRepository\u0197640.inf_amd64_38091087f7899005\B025647\amdxx64.dll","SUCCESS",""
"12:22:50.0168877 PM","main.exe","24160","CreateFile","C:\Windows\System32\DriverStore\FileRepository\u0197640.inf_amd64_38091087f7899005\B025647\amdxx64.dll","SUCCESS","Desired Access: Read Attributes, Disposition: Open, Options: Open Reparse Point, Attributes: n/a, ShareMode: Read, Write, Delete, AllocationSize: n/a, OpenResult: Opened"
"12:22:50.0169109 PM","main.exe","24160","QueryBasicInformationFile","C:\Windows\System32\DriverStore\FileRepository\u0197640.inf_amd64_38091087f7899005\B025647\amdxx64.dll","SUCCESS","CreationTime: 1/25/2026 10:09:34 AM, LastAccessTime: 4/4/2026 12:22:49 PM, LastWriteTime: 1/19/2026 11:54:00 PM, ChangeTime: 2/5/2026 3:53:08 PM, FileAttributes: A"
"12:22:50.0169213 PM","main.exe","24160","CloseFile","C:\Windows\System32\DriverStore\FileRepository\u0197640.inf_amd64_38091087f7899005\B025647\amdxx64.dll","SUCCESS",""
"12:22:50.1839478 PM","main.exe","24160","CreateFile","C:\Program Files\Common Files\System\wab32res.dll","SUCCESS","Desired Access: Read Attributes, Disposition: Open, Options: Open Reparse Point, Attributes: n/a, ShareMode: Read, Write, Delete, AllocationSize: n/a, OpenResult: Opened"
"12:22:50.1840040 PM","main.exe","24160","QueryBasicInformationFile","C:\Program Files\Common Files\System\wab32res.dll","SUCCESS","CreationTime: 1/6/2025 3:39:12 PM, LastAccessTime: 4/2/2026 12:58:43 AM, LastWriteTime: 1/6/2025 3:36:52 PM, ChangeTime: 3/11/2026 4:53:45 PM, FileAttributes: A"
"12:22:50.1840145 PM","main.exe","24160","CloseFile","C:\Program Files\Common Files\System\wab32res.dll","SUCCESS",""
"12:22:50.1843642 PM","main.exe","24160","CreateFile","C:\Program Files\Common Files\System\wab32res.dll","SUCCESS","Desired Access: Read Attributes, Disposition: Open, Options: Open Reparse Point, Attributes: n/a, ShareMode: Read, Write, Delete, AllocationSize: n/a, OpenResult: Opened"
"12:22:50.1843998 PM","main.exe","24160","QueryBasicInformationFile","C:\Program Files\Common Files\System\wab32res.dll","SUCCESS","CreationTime: 1/6/2025 3:39:12 PM, LastAccessTime: 4/2/2026 12:58:43 AM, LastWriteTime: 1/6/2025 3:36:52 PM, ChangeTime: 3/11/2026 4:53:45 PM, FileAttributes: A"
"12:22:50.1844075 PM","main.exe","24160","CloseFile","C:\Program Files\Common Files\System\wab32res.dll","SUCCESS",""
"12:22:50.1849710 PM","main.exe","24160","CreateFile","C:\Program Files\Common Files\System\wab32res.dll","SUCCESS","Desired Access: Read Attributes, Disposition: Open, Options: Open Reparse Point, Attributes: n/a, ShareMode: Read, Write, Delete, AllocationSize: n/a, OpenResult: Opened"
"12:22:50.1850226 PM","main.exe","24160","QueryBasicInformationFile","C:\Program Files\Common Files\System\wab32res.dll","SUCCESS","CreationTime: 1/6/2025 3:39:12 PM, LastAccessTime: 4/2/2026 12:58:43 AM, LastWriteTime: 1/6/2025 3:36:52 PM, ChangeTime: 3/11/2026 4:53:45 PM, FileAttributes: A"
"12:22:50.1850336 PM","main.exe","24160","CloseFile","C:\Program Files\Common Files\System\wab32res.dll","SUCCESS",""
"12:22:50.1854257 PM","main.exe","24160","CreateFile","C:\Program Files\Common Files\System\wab32res.dll","SUCCESS","Desired Access: Read Attributes, Disposition: Open, Options: Open Reparse Point, Attributes: n/a, ShareMode: Read, Write, Delete, AllocationSize: n/a, OpenResult: Opened"
"12:22:50.1854697 PM","main.exe","24160","QueryBasicInformationFile","C:\Program Files\Common Files\System\wab32res.dll","SUCCESS","CreationTime: 1/6/2025 3:39:12 PM, LastAccessTime: 4/2/2026 12:58:43 AM, LastWriteTime: 1/6/2025 3:36:52 PM, ChangeTime: 3/11/2026 4:53:45 PM, FileAttributes: A"
"12:22:50.1854799 PM","main.exe","24160","CloseFile","C:\Program Files\Common Files\System\wab32res.dll","SUCCESS",""
"12:22:50.1906415 PM","main.exe","24160","CreateFile","C:\Windows\System32\wmploc.DLL","SUCCESS","Desired Access: Read Attributes, Disposition: Open, Options: Open Reparse Point, Attributes: n/a, ShareMode: Read, Write, Delete, AllocationSize: n/a, OpenResult: Opened"
"12:22:50.1906740 PM","main.exe","24160","QueryBasicInformationFile","C:\Windows\System32\wmploc.DLL","SUCCESS","CreationTime: 1/6/2025 3:39:16 PM, LastAccessTime: 4/3/2026 2:55:47 AM, LastWriteTime: 1/6/2025 3:36:14 PM, ChangeTime: 3/21/2026 12:40:31 PM, FileAttributes: A"
"12:22:50.1906828 PM","main.exe","24160","CloseFile","C:\Windows\System32\wmploc.DLL","SUCCESS",""
"12:22:50.1909413 PM","main.exe","24160","CreateFile","C:\Windows\System32\wmploc.DLL","SUCCESS","Desired Access: Read Attributes, Disposition: Open, Options: Open Reparse Point, Attributes: n/a, ShareMode: Read, Write, Delete, AllocationSize: n/a, OpenResult: Opened"
"12:22:50.1909639 PM","main.exe","24160","QueryBasicInformationFile","C:\Windows\System32\wmploc.DLL","SUCCESS","CreationTime: 1/6/2025 3:39:16 PM, LastAccessTime: 4/3/2026 2:55:47 AM, LastWriteTime: 1/6/2025 3:36:14 PM, ChangeTime: 3/21/2026 12:40:31 PM, FileAttributes: A"
"12:22:50.1909714 PM","main.exe","24160","CloseFile","C:\Windows\System32\wmploc.DLL","SUCCESS",""
"12:22:50.5174017 PM","main.exe","24160","CreateFile","C:\Windows\System32\ieframe.dll","SUCCESS","Desired Access: Read Attributes, Disposition: Open, Options: Open Reparse Point, Attributes: n/a, ShareMode: Read, Write, Delete, AllocationSize: n/a, OpenResult: Opened"
"12:22:50.5174595 PM","main.exe","24160","QueryBasicInformationFile","C:\Windows\System32\ieframe.dll","SUCCESS","CreationTime: 3/11/2026 1:06:42 PM, LastAccessTime: 4/4/2026 12:21:32 PM, LastWriteTime: 3/11/2026 1:06:42 PM, ChangeTime: 3/12/2026 12:16:17 AM, FileAttributes: A"
"12:22:50.5174737 PM","main.exe","24160","CloseFile","C:\Windows\System32\ieframe.dll","SUCCESS",""
"12:22:50.5178517 PM","main.exe","24160","CreateFile","C:\Windows\System32\ieframe.dll","SUCCESS","Desired Access: Read Attributes, Disposition: Open, Options: Open Reparse Point, Attributes: n/a, ShareMode: Read, Write, Delete, AllocationSize: n/a, OpenResult: Opened"
"12:22:50.5178791 PM","main.exe","24160","QueryBasicInformationFile","C:\Windows\System32\ieframe.dll","SUCCESS","CreationTime: 3/11/2026 1:06:42 PM, LastAccessTime: 4/4/2026 12:21:32 PM, LastWriteTime: 3/11/2026 1:06:42 PM, ChangeTime: 3/12/2026 12:16:17 AM, FileAttributes: A"
"12:22:50.5178876 PM","main.exe","24160","CloseFile","C:\Windows\System32\ieframe.dll","SUCCESS",""
"12:22:50.5212500 PM","main.exe","24160","CreateFile","C:\Windows\System32\ieframe.dll","SUCCESS","Desired Access: Read Attributes, Disposition: Open, Options: Open Reparse Point, Attributes: n/a, ShareMode: Read, Write, Delete, AllocationSize: n/a, OpenResult: Opened"
"12:22:50.5212822 PM","main.exe","24160","QueryBasicInformationFile","C:\Windows\System32\ieframe.dll","SUCCESS","CreationTime: 3/11/2026 1:06:42 PM, LastAccessTime: 4/4/2026 12:21:32 PM, LastWriteTime: 3/11/2026 1:06:42 PM, ChangeTime: 3/12/2026 12:16:17 AM, FileAttributes: A"
"12:22:50.5212919 PM","main.exe","24160","CloseFile","C:\Windows\System32\ieframe.dll","SUCCESS",""
"12:22:50.5216139 PM","main.exe","24160","CreateFile","C:\Windows\System32\ieframe.dll","SUCCESS","Desired Access: Read Attributes, Disposition: Open, Options: Open Reparse Point, Attributes: n/a, ShareMode: Read, Write, Delete, AllocationSize: n/a, OpenResult: Opened"
"12:22:50.5216370 PM","main.exe","24160","QueryBasicInformationFile","C:\Windows\System32\ieframe.dll","SUCCESS","CreationTime: 3/11/2026 1:06:42 PM, LastAccessTime: 4/4/2026 12:21:32 PM, LastWriteTime: 3/11/2026 1:06:42 PM, ChangeTime: 3/12/2026 12:16:17 AM, FileAttributes: A"
"12:22:50.5216446 PM","main.exe","24160","CloseFile","C:\Windows\System32\ieframe.dll","SUCCESS",""
"12:22:50.5234234 PM","main.exe","24160","CreateFile","C:\Windows\System32\mscms.dll","SUCCESS","Desired Access: Read Attributes, Disposition: Open, Options: Open Reparse Point, Attributes: n/a, ShareMode: Read, Write, Delete, AllocationSize: n/a, OpenResult: Opened"
"12:22:50.5234522 PM","main.exe","24160","QueryBasicInformationFile","C:\Windows\System32\mscms.dll","SUCCESS","CreationTime: 3/11/2026 1:06:41 PM, LastAccessTime: 4/4/2026 12:21:49 PM, LastWriteTime: 3/11/2026 1:06:41 PM, ChangeTime: 3/12/2026 12:16:23 AM, FileAttributes: A"
"12:22:50.5234615 PM","main.exe","24160","CloseFile","C:\Windows\System32\mscms.dll","SUCCESS",""
"12:22:50.5237644 PM","main.exe","24160","CreateFile","C:\Windows\System32\mscms.dll","SUCCESS","Desired Access: Read Attributes, Disposition: Open, Options: Open Reparse Point, Attributes: n/a, ShareMode: Read, Write, Delete, AllocationSize: n/a, OpenResult: Opened"
"12:22:50.5237876 PM","main.exe","24160","QueryBasicInformationFile","C:\Windows\System32\mscms.dll","SUCCESS","CreationTime: 3/11/2026 1:06:41 PM, LastAccessTime: 4/4/2026 12:21:49 PM, LastWriteTime: 3/11/2026 1:06:41 PM, ChangeTime: 3/12/2026 12:16:23 AM, FileAttributes: A"
"12:22:50.5237957 PM","main.exe","24160","CloseFile","C:\Windows\System32\mscms.dll","SUCCESS",""
"12:22:50.5445099 PM","main.exe","24160","CreateFile","C:\Windows\System32\wshext.dll","SUCCESS","Desired Access: Read Attributes, Disposition: Open, Options: Open Reparse Point, Attributes: n/a, ShareMode: Read, Write, Delete, AllocationSize: n/a, OpenResult: Opened"
"12:22:50.5445606 PM","main.exe","24160","QueryBasicInformationFile","C:\Windows\System32\wshext.dll","SUCCESS","CreationTime: 11/5/2025 11:25:10 PM, LastAccessTime: 4/4/2026 12:00:09 PM, LastWriteTime: 11/5/2025 11:25:10 PM, ChangeTime: 3/11/2026 4:53:44 PM, FileAttributes: A"
"12:22:50.5445727 PM","main.exe","24160","CloseFile","C:\Windows\System32\wshext.dll","SUCCESS",""
"12:22:50.5449806 PM","main.exe","24160","CreateFile","C:\Windows\System32\wshext.dll","SUCCESS","Desired Access: Read Attributes, Disposition: Open, Options: Open Reparse Point, Attributes: n/a, ShareMode: Read, Write, Delete, AllocationSize: n/a, OpenResult: Opened"
"12:22:50.5450119 PM","main.exe","24160","QueryBasicInformationFile","C:\Windows\System32\wshext.dll","SUCCESS","CreationTime: 11/5/2025 11:25:10 PM, LastAccessTime: 4/4/2026 12:00:09 PM, LastWriteTime: 11/5/2025 11:25:10 PM, ChangeTime: 3/11/2026 4:53:44 PM, FileAttributes: A"
"12:22:50.5450219 PM","main.exe","24160","CloseFile","C:\Windows\System32\wshext.dll","SUCCESS",""
"12:22:50.6123021 PM","main.exe","24160","CreateFile","C:\Windows\System32\ieframe.dll","SUCCESS","Desired Access: Read Attributes, Disposition: Open, Options: Open Reparse Point, Attributes: n/a, ShareMode: Read, Write, Delete, AllocationSize: n/a, OpenResult: Opened"
"12:22:50.6123488 PM","main.exe","24160","QueryBasicInformationFile","C:\Windows\System32\ieframe.dll","SUCCESS","CreationTime: 3/11/2026 1:06:42 PM, LastAccessTime: 4/4/2026 12:21:32 PM, LastWriteTime: 3/11/2026 1:06:42 PM, ChangeTime: 3/12/2026 12:16:17 AM, FileAttributes: A"
"12:22:50.6123622 PM","main.exe","24160","CloseFile","C:\Windows\System32\ieframe.dll","SUCCESS",""
"12:22:50.6127441 PM","main.exe","24160","CreateFile","C:\Windows\System32\ieframe.dll","SUCCESS","Desired Access: Read Attributes, Disposition: Open, Options: Open Reparse Point, Attributes: n/a, ShareMode: Read, Write, Delete, AllocationSize: n/a, OpenResult: Opened"
"12:22:50.6127707 PM","main.exe","24160","QueryBasicInformationFile","C:\Windows\System32\ieframe.dll","SUCCESS","CreationTime: 3/11/2026 1:06:42 PM, LastAccessTime: 4/4/2026 12:21:32 PM, LastWriteTime: 3/11/2026 1:06:42 PM, ChangeTime: 3/12/2026 12:16:17 AM, FileAttributes: A"
"12:22:50.6127794 PM","main.exe","24160","CloseFile","C:\Windows\System32\ieframe.dll","SUCCESS",""
"12:22:50.6133738 PM","main.exe","24160","CreateFile","C:\Windows\System32\ieframe.dll","SUCCESS","Desired Access: Read Attributes, Disposition: Open, Options: Open Reparse Point, Attributes: n/a, ShareMode: Read, Write, Delete, AllocationSize: n/a, OpenResult: Opened"
"12:22:50.6134033 PM","main.exe","24160","QueryBasicInformationFile","C:\Windows\System32\ieframe.dll","SUCCESS","CreationTime: 3/11/2026 1:06:42 PM, LastAccessTime: 4/4/2026 12:21:32 PM, LastWriteTime: 3/11/2026 1:06:42 PM, ChangeTime: 3/12/2026 12:16:17 AM, FileAttributes: A"
"12:22:50.6134132 PM","main.exe","24160","CloseFile","C:\Windows\System32\ieframe.dll","SUCCESS",""
"12:22:50.6137447 PM","main.exe","24160","CreateFile","C:\Windows\System32\ieframe.dll","SUCCESS","Desired Access: Read Attributes, Disposition: Open, Options: Open Reparse Point, Attributes: n/a, ShareMode: Read, Write, Delete, AllocationSize: n/a, OpenResult: Opened"
"12:22:50.6137690 PM","main.exe","24160","QueryBasicInformationFile","C:\Windows\System32\ieframe.dll","SUCCESS","CreationTime: 3/11/2026 1:06:42 PM, LastAccessTime: 4/4/2026 12:21:32 PM, LastWriteTime: 3/11/2026 1:06:42 PM, ChangeTime: 3/12/2026 12:16:17 AM, FileAttributes: A"
"12:22:50.6137767 PM","main.exe","24160","CloseFile","C:\Windows\System32\ieframe.dll","SUCCESS",""
"12:22:50.6165948 PM","main.exe","24160","CreateFile","C:\Windows\System32\ieframe.dll","SUCCESS","Desired Access: Read Attributes, Disposition: Open, Options: Open Reparse Point, Attributes: n/a, ShareMode: Read, Write, Delete, AllocationSize: n/a, OpenResult: Opened"
"12:22:50.6166301 PM","main.exe","24160","QueryBasicInformationFile","C:\Windows\System32\ieframe.dll","SUCCESS","CreationTime: 3/11/2026 1:06:42 PM, LastAccessTime: 4/4/2026 12:21:32 PM, LastWriteTime: 3/11/2026 1:06:42 PM, ChangeTime: 3/12/2026 12:16:17 AM, FileAttributes: A"
"12:22:50.6166396 PM","main.exe","24160","CloseFile","C:\Windows\System32\ieframe.dll","SUCCESS",""
"12:22:50.6169840 PM","main.exe","24160","CreateFile","C:\Windows\System32\ieframe.dll","SUCCESS","Desired Access: Read Attributes, Disposition: Open, Options: Open Reparse Point, Attributes: n/a, ShareMode: Read, Write, Delete, AllocationSize: n/a, OpenResult: Opened"
"12:22:50.6170102 PM","main.exe","24160","QueryBasicInformationFile","C:\Windows\System32\ieframe.dll","SUCCESS","CreationTime: 3/11/2026 1:06:42 PM, LastAccessTime: 4/4/2026 12:21:32 PM, LastWriteTime: 3/11/2026 1:06:42 PM, ChangeTime: 3/12/2026 12:16:17 AM, FileAttributes: A"
"12:22:50.6170185 PM","main.exe","24160","CloseFile","C:\Windows\System32\ieframe.dll","SUCCESS",""
"12:22:50.6175961 PM","main.exe","24160","CreateFile","C:\Windows\System32\ieframe.dll","SUCCESS","Desired Access: Read Attributes, Disposition: Open, Options: Open Reparse Point, Attributes: n/a, ShareMode: Read, Write, Delete, AllocationSize: n/a, OpenResult: Opened"
"12:22:50.6176357 PM","main.exe","24160","QueryBasicInformationFile","C:\Windows\System32\ieframe.dll","SUCCESS","CreationTime: 3/11/2026 1:06:42 PM, LastAccessTime: 4/4/2026 12:21:32 PM, LastWriteTime: 3/11/2026 1:06:42 PM, ChangeTime: 3/12/2026 12:16:17 AM, FileAttributes: A"
"12:22:50.6176475 PM","main.exe","24160","CloseFile","C:\Windows\System32\ieframe.dll","SUCCESS",""
"12:22:50.6183210 PM","main.exe","24160","CreateFile","C:\Windows\System32\ieframe.dll","SUCCESS","Desired Access: Read Attributes, Disposition: Open, Options: Open Reparse Point, Attributes: n/a, ShareMode: Read, Write, Delete, AllocationSize: n/a, OpenResult: Opened"
"12:22:50.6183610 PM","main.exe","24160","QueryBasicInformationFile","C:\Windows\System32\ieframe.dll","SUCCESS","CreationTime: 3/11/2026 1:06:42 PM, LastAccessTime: 4/4/2026 12:21:32 PM, LastWriteTime: 3/11/2026 1:06:42 PM, ChangeTime: 3/12/2026 12:16:17 AM, FileAttributes: A"
"12:22:50.6183752 PM","main.exe","24160","CloseFile","C:\Windows\System32\ieframe.dll","SUCCESS",""
"12:22:50.7176965 PM","main.exe","24160","CreateFile","C:\Windows\System32\mmcbase.dll","SUCCESS","Desired Access: Read Attributes, Disposition: Open, Options: Open Reparse Point, Attributes: n/a, ShareMode: Read, Write, Delete, AllocationSize: n/a, OpenResult: Opened"
"12:22:50.7177593 PM","main.exe","24160","QueryBasicInformationFile","C:\Windows\System32\mmcbase.dll","SUCCESS","CreationTime: 11/5/2025 11:25:05 PM, LastAccessTime: 4/2/2026 7:07:28 PM, LastWriteTime: 11/5/2025 11:25:05 PM, ChangeTime: 3/21/2026 12:38:03 PM, FileAttributes: A"
"12:22:50.7177698 PM","main.exe","24160","CloseFile","C:\Windows\System32\mmcbase.dll","SUCCESS",""
"12:22:50.7181214 PM","main.exe","24160","CreateFile","C:\Windows\System32\mmcbase.dll","SUCCESS","Desired Access: Read Attributes, Disposition: Open, Options: Open Reparse Point, Attributes: n/a, ShareMode: Read, Write, Delete, AllocationSize: n/a, OpenResult: Opened"
"12:22:50.7181578 PM","main.exe","24160","QueryBasicInformationFile","C:\Windows\System32\mmcbase.dll","SUCCESS","CreationTime: 11/5/2025 11:25:05 PM, LastAccessTime: 4/2/2026 7:07:28 PM, LastWriteTime: 11/5/2025 11:25:05 PM, ChangeTime: 3/21/2026 12:38:03 PM, FileAttributes: A"
"12:22:50.7181657 PM","main.exe","24160","CloseFile","C:\Windows\System32\mmcbase.dll","SUCCESS",""
"12:22:50.7216033 PM","main.exe","24160","CreateFile","C:\Windows\System32\msimsg.dll","SUCCESS","Desired Access: Read Attributes, Disposition: Open, Options: Open Reparse Point, Attributes: n/a, ShareMode: Read, Write, Delete, AllocationSize: n/a, OpenResult: Opened"
"12:22:50.7216381 PM","main.exe","24160","QueryBasicInformationFile","C:\Windows\System32\msimsg.dll","SUCCESS","CreationTime: 3/11/2026 1:06:42 PM, LastAccessTime: 4/2/2026 5:06:57 PM, LastWriteTime: 3/11/2026 1:06:42 PM, ChangeTime: 3/12/2026 12:16:19 AM, FileAttributes: A"
"12:22:50.7216475 PM","main.exe","24160","CloseFile","C:\Windows\System32\msimsg.dll","SUCCESS",""
"12:22:50.7219848 PM","main.exe","24160","CreateFile","C:\Windows\System32\msimsg.dll","SUCCESS","Desired Access: Read Attributes, Disposition: Open, Options: Open Reparse Point, Attributes: n/a, ShareMode: Read, Write, Delete, AllocationSize: n/a, OpenResult: Opened"
"12:22:50.7220094 PM","main.exe","24160","QueryBasicInformationFile","C:\Windows\System32\msimsg.dll","SUCCESS","CreationTime: 3/11/2026 1:06:42 PM, LastAccessTime: 4/2/2026 5:06:57 PM, LastWriteTime: 3/11/2026 1:06:42 PM, ChangeTime: 3/12/2026 12:16:19 AM, FileAttributes: A"
"12:22:50.7220172 PM","main.exe","24160","CloseFile","C:\Windows\System32\msimsg.dll","SUCCESS",""
"12:22:50.7225344 PM","main.exe","24160","CreateFile","C:\Windows\System32\msimsg.dll","SUCCESS","Desired Access: Read Attributes, Disposition: Open, Options: Open Reparse Point, Attributes: n/a, ShareMode: Read, Write, Delete, AllocationSize: n/a, OpenResult: Opened"
"12:22:50.7225654 PM","main.exe","24160","QueryBasicInformationFile","C:\Windows\System32\msimsg.dll","SUCCESS","CreationTime: 3/11/2026 1:06:42 PM, LastAccessTime: 4/2/2026 5:06:57 PM, LastWriteTime: 3/11/2026 1:06:42 PM, ChangeTime: 3/12/2026 12:16:19 AM, FileAttributes: A"
"12:22:50.7225735 PM","main.exe","24160","CloseFile","C:\Windows\System32\msimsg.dll","SUCCESS",""
"12:22:50.7231931 PM","main.exe","24160","CreateFile","C:\Windows\System32\msimsg.dll","SUCCESS","Desired Access: Read Attributes, Disposition: Open, Options: Open Reparse Point, Attributes: n/a, ShareMode: Read, Write, Delete, AllocationSize: n/a, OpenResult: Opened"
"12:22:50.7232230 PM","main.exe","24160","QueryBasicInformationFile","C:\Windows\System32\msimsg.dll","SUCCESS","CreationTime: 3/11/2026 1:06:42 PM, LastAccessTime: 4/2/2026 5:06:57 PM, LastWriteTime: 3/11/2026 1:06:42 PM, ChangeTime: 3/12/2026 12:16:19 AM, FileAttributes: A"
"12:22:50.7232312 PM","main.exe","24160","CloseFile","C:\Windows\System32\msimsg.dll","SUCCESS",""
"12:22:50.7239687 PM","main.exe","24160","CreateFile","C:\Windows\System32\msimsg.dll","SUCCESS","Desired Access: Read Attributes, Disposition: Open, Options: Open Reparse Point, Attributes: n/a, ShareMode: Read, Write, Delete, AllocationSize: n/a, OpenResult: Opened"
"12:22:50.7240035 PM","main.exe","24160","QueryBasicInformationFile","C:\Windows\System32\msimsg.dll","SUCCESS","CreationTime: 3/11/2026 1:06:42 PM, LastAccessTime: 4/2/2026 5:06:57 PM, LastWriteTime: 3/11/2026 1:06:42 PM, ChangeTime: 3/12/2026 12:16:19 AM, FileAttributes: A"
"12:22:50.7240142 PM","main.exe","24160","CloseFile","C:\Windows\System32\msimsg.dll","SUCCESS",""
"12:22:50.7243881 PM","main.exe","24160","CreateFile","C:\Windows\System32\msimsg.dll","SUCCESS","Desired Access: Read Attributes, Disposition: Open, Options: Open Reparse Point, Attributes: n/a, ShareMode: Read, Write, Delete, AllocationSize: n/a, OpenResult: Opened"
"12:22:50.7244134 PM","main.exe","24160","QueryBasicInformationFile","C:\Windows\System32\msimsg.dll","SUCCESS","CreationTime: 3/11/2026 1:06:42 PM, LastAccessTime: 4/2/2026 5:06:57 PM, LastWriteTime: 3/11/2026 1:06:42 PM, ChangeTime: 3/12/2026 12:16:19 AM, FileAttributes: A"
"12:22:50.7244220 PM","main.exe","24160","CloseFile","C:\Windows\System32\msimsg.dll","SUCCESS",""
"12:22:50.8664357 PM","main.exe","24160","CreateFile","C:\Windows\System32\ieframe.dll","SUCCESS","Desired Access: Read Attributes, Disposition: Open, Options: Open Reparse Point, Attributes: n/a, ShareMode: Read, Write, Delete, AllocationSize: n/a, OpenResult: Opened"
"12:22:50.8664810 PM","main.exe","24160","QueryBasicInformationFile","C:\Windows\System32\ieframe.dll","SUCCESS","CreationTime: 3/11/2026 1:06:42 PM, LastAccessTime: 4/4/2026 12:21:32 PM, LastWriteTime: 3/11/2026 1:06:42 PM, ChangeTime: 3/12/2026 12:16:17 AM, FileAttributes: A"
"12:22:50.8664963 PM","main.exe","24160","CloseFile","C:\Windows\System32\ieframe.dll","SUCCESS",""
"12:22:50.8668827 PM","main.exe","24160","CreateFile","C:\Windows\System32\ieframe.dll","SUCCESS","Desired Access: Read Attributes, Disposition: Open, Options: Open Reparse Point, Attributes: n/a, ShareMode: Read, Write, Delete, AllocationSize: n/a, OpenResult: Opened"
"12:22:50.8669114 PM","main.exe","24160","QueryBasicInformationFile","C:\Windows\System32\ieframe.dll","SUCCESS","CreationTime: 3/11/2026 1:06:42 PM, LastAccessTime: 4/4/2026 12:21:32 PM, LastWriteTime: 3/11/2026 1:06:42 PM, ChangeTime: 3/12/2026 12:16:17 AM, FileAttributes: A"
"12:22:50.8669207 PM","main.exe","24160","CloseFile","C:\Windows\System32\ieframe.dll","SUCCESS",""
"12:22:50.8674260 PM","main.exe","24160","CreateFile","C:\Windows\System32\ieframe.dll","SUCCESS","Desired Access: Read Attributes, Disposition: Open, Options: Open Reparse Point, Attributes: n/a, ShareMode: Read, Write, Delete, AllocationSize: n/a, OpenResult: Opened"
"12:22:50.8674525 PM","main.exe","24160","QueryBasicInformationFile","C:\Windows\System32\ieframe.dll","SUCCESS","CreationTime: 3/11/2026 1:06:42 PM, LastAccessTime: 4/4/2026 12:21:32 PM, LastWriteTime: 3/11/2026 1:06:42 PM, ChangeTime: 3/12/2026 12:16:17 AM, FileAttributes: A"
"12:22:50.8674610 PM","main.exe","24160","CloseFile","C:\Windows\System32\ieframe.dll","SUCCESS",""
"12:22:50.8678099 PM","main.exe","24160","CreateFile","C:\Windows\System32\ieframe.dll","SUCCESS","Desired Access: Read Attributes, Disposition: Open, Options: Open Reparse Point, Attributes: n/a, ShareMode: Read, Write, Delete, AllocationSize: n/a, OpenResult: Opened"
"12:22:50.8678353 PM","main.exe","24160","QueryBasicInformationFile","C:\Windows\System32\ieframe.dll","SUCCESS","CreationTime: 3/11/2026 1:06:42 PM, LastAccessTime: 4/4/2026 12:21:32 PM, LastWriteTime: 3/11/2026 1:06:42 PM, ChangeTime: 3/12/2026 12:16:17 AM, FileAttributes: A"
"12:22:50.8678429 PM","main.exe","24160","CloseFile","C:\Windows\System32\ieframe.dll","SUCCESS",""
"12:22:50.8762552 PM","main.exe","24160","CreateFile","C:\Program Files\Windows Photo Viewer\PhotoViewer.dll","SUCCESS","Desired Access: Read Attributes, Disposition: Open, Options: Open Reparse Point, Attributes: n/a, ShareMode: Read, Write, Delete, AllocationSize: n/a, OpenResult: Opened"
"12:22:50.8763016 PM","main.exe","24160","QueryBasicInformationFile","C:\Program Files\Windows Photo Viewer\PhotoViewer.dll","SUCCESS","CreationTime: 11/5/2025 11:25:09 PM, LastAccessTime: 4/2/2026 12:58:43 AM, LastWriteTime: 11/5/2025 11:25:09 PM, ChangeTime: 3/11/2026 4:53:46 PM, FileAttributes: A"
"12:22:50.8763115 PM","main.exe","24160","CloseFile","C:\Program Files\Windows Photo Viewer\PhotoViewer.dll","SUCCESS",""
"12:22:50.8766743 PM","main.exe","24160","CreateFile","C:\Program Files\Windows Photo Viewer\PhotoViewer.dll","SUCCESS","Desired Access: Read Attributes, Disposition: Open, Options: Open Reparse Point, Attributes: n/a, ShareMode: Read, Write, Delete, AllocationSize: n/a, OpenResult: Opened"
"12:22:50.8767067 PM","main.exe","24160","QueryBasicInformationFile","C:\Program Files\Windows Photo Viewer\PhotoViewer.dll","SUCCESS","CreationTime: 11/5/2025 11:25:09 PM, LastAccessTime: 4/2/2026 12:58:43 AM, LastWriteTime: 11/5/2025 11:25:09 PM, ChangeTime: 3/11/2026 4:53:46 PM, FileAttributes: A"
"12:22:50.8767149 PM","main.exe","24160","CloseFile","C:\Program Files\Windows Photo Viewer\PhotoViewer.dll","SUCCESS",""
"12:22:50.8792528 PM","main.exe","24160","CreateFile","C:\Program Files\Windows Photo Viewer\PhotoViewer.dll","SUCCESS","Desired Access: Read Attributes, Disposition: Open, Options: Open Reparse Point, Attributes: n/a, ShareMode: Read, Write, Delete, AllocationSize: n/a, OpenResult: Opened"
"12:22:50.8793055 PM","main.exe","24160","QueryBasicInformationFile","C:\Program Files\Windows Photo Viewer\PhotoViewer.dll","SUCCESS","CreationTime: 11/5/2025 11:25:09 PM, LastAccessTime: 4/2/2026 12:58:43 AM, LastWriteTime: 11/5/2025 11:25:09 PM, ChangeTime: 3/11/2026 4:53:46 PM, FileAttributes: A"
"12:22:50.8793176 PM","main.exe","24160","CloseFile","C:\Program Files\Windows Photo Viewer\PhotoViewer.dll","SUCCESS",""
"12:22:50.8798544 PM","main.exe","24160","CreateFile","C:\Program Files\Windows Photo Viewer\PhotoViewer.dll","SUCCESS","Desired Access: Read Attributes, Disposition: Open, Options: Open Reparse Point, Attributes: n/a, ShareMode: Read, Write, Delete, AllocationSize: n/a, OpenResult: Opened"
"12:22:50.8798900 PM","main.exe","24160","QueryBasicInformationFile","C:\Program Files\Windows Photo Viewer\PhotoViewer.dll","SUCCESS","CreationTime: 11/5/2025 11:25:09 PM, LastAccessTime: 4/2/2026 12:58:43 AM, LastWriteTime: 11/5/2025 11:25:09 PM, ChangeTime: 3/11/2026 4:53:46 PM, FileAttributes: A"
"12:22:50.8798994 PM","main.exe","24160","CloseFile","C:\Program Files\Windows Photo Viewer\PhotoViewer.dll","SUCCESS",""
"12:22:50.9112276 PM","main.exe","24160","CreateFile","C:\Windows\System32\wshext.dll","SUCCESS","Desired Access: Read Attributes, Disposition: Open, Options: Open Reparse Point, Attributes: n/a, ShareMode: Read, Write, Delete, AllocationSize: n/a, OpenResult: Opened"
"12:22:50.9112687 PM","main.exe","24160","QueryBasicInformationFile","C:\Windows\System32\wshext.dll","SUCCESS","CreationTime: 11/5/2025 11:25:10 PM, LastAccessTime: 4/4/2026 12:00:09 PM, LastWriteTime: 11/5/2025 11:25:10 PM, ChangeTime: 3/11/2026 4:53:44 PM, FileAttributes: A"
"12:22:50.9112804 PM","main.exe","24160","CloseFile","C:\Windows\System32\wshext.dll","SUCCESS",""
"12:22:50.9116225 PM","main.exe","24160","CreateFile","C:\Windows\System32\wshext.dll","SUCCESS","Desired Access: Read Attributes, Disposition: Open, Options: Open Reparse Point, Attributes: n/a, ShareMode: Read, Write, Delete, AllocationSize: n/a, OpenResult: Opened"
"12:22:50.9116466 PM","main.exe","24160","QueryBasicInformationFile","C:\Windows\System32\wshext.dll","SUCCESS","CreationTime: 11/5/2025 11:25:10 PM, LastAccessTime: 4/4/2026 12:00:09 PM, LastWriteTime: 11/5/2025 11:25:10 PM, ChangeTime: 3/11/2026 4:53:44 PM, FileAttributes: A"
"12:22:50.9116550 PM","main.exe","24160","CloseFile","C:\Windows\System32\wshext.dll","SUCCESS",""
"12:22:50.9695099 PM","main.exe","24160","CreateFile","C:\Windows\System32\ieframe.dll","SUCCESS","Desired Access: Read Attributes, Disposition: Open, Options: Open Reparse Point, Attributes: n/a, ShareMode: Read, Write, Delete, AllocationSize: n/a, OpenResult: Opened"
"12:22:50.9695429 PM","main.exe","24160","QueryBasicInformationFile","C:\Windows\System32\ieframe.dll","SUCCESS","CreationTime: 3/11/2026 1:06:42 PM, LastAccessTime: 4/4/2026 12:21:32 PM, LastWriteTime: 3/11/2026 1:06:42 PM, ChangeTime: 3/12/2026 12:16:17 AM, FileAttributes: A"
"12:22:50.9695576 PM","main.exe","24160","CloseFile","C:\Windows\System32\ieframe.dll","SUCCESS",""
"12:22:50.9698954 PM","main.exe","24160","CreateFile","C:\Windows\System32\ieframe.dll","SUCCESS","Desired Access: Read Attributes, Disposition: Open, Options: Open Reparse Point, Attributes: n/a, ShareMode: Read, Write, Delete, AllocationSize: n/a, OpenResult: Opened"
"12:22:50.9699202 PM","main.exe","24160","QueryBasicInformationFile","C:\Windows\System32\ieframe.dll","SUCCESS","CreationTime: 3/11/2026 1:06:42 PM, LastAccessTime: 4/4/2026 12:21:32 PM, LastWriteTime: 3/11/2026 1:06:42 PM, ChangeTime: 3/12/2026 12:16:17 AM, FileAttributes: A"
"12:22:50.9699281 PM","main.exe","24160","CloseFile","C:\Windows\System32\ieframe.dll","SUCCESS",""
"12:22:50.9704752 PM","main.exe","24160","CreateFile","C:\Windows\System32\ieframe.dll","SUCCESS","Desired Access: Read Attributes, Disposition: Open, Options: Open Reparse Point, Attributes: n/a, ShareMode: Read, Write, Delete, AllocationSize: n/a, OpenResult: Opened"
"12:22:50.9705555 PM","main.exe","24160","QueryBasicInformationFile","C:\Windows\System32\ieframe.dll","SUCCESS","CreationTime: 3/11/2026 1:06:42 PM, LastAccessTime: 4/4/2026 12:21:32 PM, LastWriteTime: 3/11/2026 1:06:42 PM, ChangeTime: 3/12/2026 12:16:17 AM, FileAttributes: A"
"12:22:50.9705645 PM","main.exe","24160","CloseFile","C:\Windows\System32\ieframe.dll","SUCCESS",""
"12:22:50.9710719 PM","main.exe","24160","CreateFile","C:\Windows\System32\ieframe.dll","SUCCESS","Desired Access: Read Attributes, Disposition: Open, Options: Open Reparse Point, Attributes: n/a, ShareMode: Read, Write, Delete, AllocationSize: n/a, OpenResult: Opened"
"12:22:50.9710978 PM","main.exe","24160","QueryBasicInformationFile","C:\Windows\System32\ieframe.dll","SUCCESS","CreationTime: 3/11/2026 1:06:42 PM, LastAccessTime: 4/4/2026 12:21:32 PM, LastWriteTime: 3/11/2026 1:06:42 PM, ChangeTime: 3/12/2026 12:16:17 AM, FileAttributes: A"
"12:22:50.9711060 PM","main.exe","24160","CloseFile","C:\Windows\System32\ieframe.dll","SUCCESS",""
"12:22:50.9750791 PM","main.exe","24160","CreateFile","C:\Windows\System32\ieframe.dll","SUCCESS","Desired Access: Read Attributes, Disposition: Open, Options: Open Reparse Point, Attributes: n/a, ShareMode: Read, Write, Delete, AllocationSize: n/a, OpenResult: Opened"
"12:22:50.9751179 PM","main.exe","24160","QueryBasicInformationFile","C:\Windows\System32\ieframe.dll","SUCCESS","CreationTime: 3/11/2026 1:06:42 PM, LastAccessTime: 4/4/2026 12:21:32 PM, LastWriteTime: 3/11/2026 1:06:42 PM, ChangeTime: 3/12/2026 12:16:17 AM, FileAttributes: A"
"12:22:50.9751292 PM","main.exe","24160","CloseFile","C:\Windows\System32\ieframe.dll","SUCCESS",""
"12:22:50.9755995 PM","main.exe","24160","CreateFile","C:\Windows\System32\ieframe.dll","SUCCESS","Desired Access: Read Attributes, Disposition: Open, Options: Open Reparse Point, Attributes: n/a, ShareMode: Read, Write, Delete, AllocationSize: n/a, OpenResult: Opened"
"12:22:50.9756345 PM","main.exe","24160","QueryBasicInformationFile","C:\Windows\System32\ieframe.dll","SUCCESS","CreationTime: 3/11/2026 1:06:42 PM, LastAccessTime: 4/4/2026 12:21:32 PM, LastWriteTime: 3/11/2026 1:06:42 PM, ChangeTime: 3/12/2026 12:16:17 AM, FileAttributes: A"
"12:22:50.9756437 PM","main.exe","24160","CloseFile","C:\Windows\System32\ieframe.dll","SUCCESS",""
"12:22:50.9761451 PM","main.exe","24160","CreateFile","C:\Windows\System32\ieframe.dll","SUCCESS","Desired Access: Read Attributes, Disposition: Open, Options: Open Reparse Point, Attributes: n/a, ShareMode: Read, Write, Delete, AllocationSize: n/a, OpenResult: Opened"
"12:22:50.9761700 PM","main.exe","24160","QueryBasicInformationFile","C:\Windows\System32\ieframe.dll","SUCCESS","CreationTime: 3/11/2026 1:06:42 PM, LastAccessTime: 4/4/2026 12:21:32 PM, LastWriteTime: 3/11/2026 1:06:42 PM, ChangeTime: 3/12/2026 12:16:17 AM, FileAttributes: A"
"12:22:50.9761783 PM","main.exe","24160","CloseFile","C:\Windows\System32\ieframe.dll","SUCCESS",""
"12:22:50.9764742 PM","main.exe","24160","CreateFile","C:\Windows\System32\ieframe.dll","SUCCESS","Desired Access: Read Attributes, Disposition: Open, Options: Open Reparse Point, Attributes: n/a, ShareMode: Read, Write, Delete, AllocationSize: n/a, OpenResult: Opened"
"12:22:50.9764967 PM","main.exe","24160","QueryBasicInformationFile","C:\Windows\System32\ieframe.dll","SUCCESS","CreationTime: 3/11/2026 1:06:42 PM, LastAccessTime: 4/4/2026 12:21:32 PM, LastWriteTime: 3/11/2026 1:06:42 PM, ChangeTime: 3/12/2026 12:16:17 AM, FileAttributes: A"
"12:22:50.9765040 PM","main.exe","24160","CloseFile","C:\Windows\System32\ieframe.dll","SUCCESS",""
"12:22:51.0186523 PM","main.exe","24160","RegOpenKey","HKCU\Software\Classes\Applications\cdfview.dll","NAME NOT FOUND","Desired Access: Read"
"12:22:51.0186663 PM","main.exe","24160","RegOpenKey","HKCR\Applications\cdfview.dll","SUCCESS","Desired Access: Read"
"12:22:51.0186866 PM","main.exe","24160","RegQueryKey","HKCR\Applications\cdfview.dll","SUCCESS","Query: Name"
"12:22:51.0186972 PM","main.exe","24160","RegQueryKey","HKCR\Applications\cdfview.dll","SUCCESS","Query: HandleTags, HandleTags: 0x0"
"12:22:51.0187217 PM","main.exe","24160","RegQueryKey","HKCR\Applications\cdfview.dll","SUCCESS","Query: HandleTags, HandleTags: 0x0"
"12:22:51.0187462 PM","main.exe","24160","RegCloseKey","HKCR\Applications\cdfview.dll","SUCCESS",""
"12:22:51.0207223 PM","main.exe","24160","RegOpenKey","HKCU\Software\Classes\Applications\cryptext.dll","NAME NOT FOUND","Desired Access: Read"
"12:22:51.0207361 PM","main.exe","24160","RegOpenKey","HKCR\Applications\cryptext.dll","SUCCESS","Desired Access: Read"
"12:22:51.0207575 PM","main.exe","24160","RegQueryKey","HKCR\Applications\cryptext.dll","SUCCESS","Query: Name"
"12:22:51.0207695 PM","main.exe","24160","RegQueryKey","HKCR\Applications\cryptext.dll","SUCCESS","Query: HandleTags, HandleTags: 0x0"
"12:22:51.0207954 PM","main.exe","24160","RegQueryKey","HKCR\Applications\cryptext.dll","SUCCESS","Query: HandleTags, HandleTags: 0x0"
"12:22:51.0208220 PM","main.exe","24160","RegCloseKey","HKCR\Applications\cryptext.dll","SUCCESS",""
"12:22:51.0213676 PM","main.exe","24160","RegOpenKey","HKCU\Software\Classes\Applications\dsquery.dll","NAME NOT FOUND","Desired Access: Read"
"12:22:51.0213858 PM","main.exe","24160","RegOpenKey","HKCR\Applications\dsquery.dll","SUCCESS","Desired Access: Read"
"12:22:51.0214068 PM","main.exe","24160","RegQueryKey","HKCR\Applications\dsquery.dll","SUCCESS","Query: Name"
"12:22:51.0214196 PM","main.exe","24160","RegQueryKey","HKCR\Applications\dsquery.dll","SUCCESS","Query: HandleTags, HandleTags: 0x0"
"12:22:51.0214462 PM","main.exe","24160","RegQueryKey","HKCR\Applications\dsquery.dll","SUCCESS","Query: HandleTags, HandleTags: 0x0"
"12:22:51.0214726 PM","main.exe","24160","RegCloseKey","HKCR\Applications\dsquery.dll","SUCCESS",""
"12:22:51.0281739 PM","main.exe","24160","RegOpenKey","HKCU\Software\Classes\Applications\msconf.dll","NAME NOT FOUND","Desired Access: Read"
"12:22:51.0281853 PM","main.exe","24160","RegOpenKey","HKCR\Applications\msconf.dll","SUCCESS","Desired Access: Read"
"12:22:51.0281997 PM","main.exe","24160","RegQueryKey","HKCR\Applications\msconf.dll","SUCCESS","Query: Name"
"12:22:51.0282091 PM","main.exe","24160","RegQueryKey","HKCR\Applications\msconf.dll","SUCCESS","Query: HandleTags, HandleTags: 0x0"
"12:22:51.0282301 PM","main.exe","24160","RegQueryKey","HKCR\Applications\msconf.dll","SUCCESS","Query: HandleTags, HandleTags: 0x0"
"12:22:51.0282508 PM","main.exe","24160","RegCloseKey","HKCR\Applications\msconf.dll","SUCCESS",""
"12:22:51.0289646 PM","main.exe","24160","RegOpenKey","HKCU\Software\Classes\Applications\msrating.dll","NAME NOT FOUND","Desired Access: Read"
"12:22:51.0289758 PM","main.exe","24160","RegOpenKey","HKCR\Applications\msrating.dll","SUCCESS","Desired Access: Read"
"12:22:51.0289906 PM","main.exe","24160","RegQueryKey","HKCR\Applications\msrating.dll","SUCCESS","Query: Name"
"12:22:51.0290000 PM","main.exe","24160","RegQueryKey","HKCR\Applications\msrating.dll","SUCCESS","Query: HandleTags, HandleTags: 0x0"
"12:22:51.0290214 PM","main.exe","24160","RegQueryKey","HKCR\Applications\msrating.dll","SUCCESS","Query: HandleTags, HandleTags: 0x0"
"12:22:51.0290436 PM","main.exe","24160","RegCloseKey","HKCR\Applications\msrating.dll","SUCCESS",""
"12:22:51.0290943 PM","main.exe","24160","RegOpenKey","HKCU\Software\Classes\Applications\netshell.dll","NAME NOT FOUND","Desired Access: Read"
"12:22:51.0291059 PM","main.exe","24160","RegOpenKey","HKCR\Applications\netshell.dll","SUCCESS","Desired Access: Read"
"12:22:51.0291211 PM","main.exe","24160","RegQueryKey","HKCR\Applications\netshell.dll","SUCCESS","Query: Name"
"12:22:51.0291307 PM","main.exe","24160","RegQueryKey","HKCR\Applications\netshell.dll","SUCCESS","Query: HandleTags, HandleTags: 0x0"
"12:22:51.0291521 PM","main.exe","24160","RegQueryKey","HKCR\Applications\netshell.dll","SUCCESS","Query: HandleTags, HandleTags: 0x0"
"12:22:51.0291732 PM","main.exe","24160","RegCloseKey","HKCR\Applications\netshell.dll","SUCCESS",""
"12:22:51.0307663 PM","main.exe","24160","RegOpenKey","HKCU\Software\Classes\Applications\oledb32.dll","NAME NOT FOUND","Desired Access: Read"
"12:22:51.0307784 PM","main.exe","24160","RegOpenKey","HKCR\Applications\oledb32.dll","SUCCESS","Desired Access: Read"
"12:22:51.0307960 PM","main.exe","24160","RegQueryKey","HKCR\Applications\oledb32.dll","SUCCESS","Query: Name"
"12:22:51.0308069 PM","main.exe","24160","RegQueryKey","HKCR\Applications\oledb32.dll","SUCCESS","Query: HandleTags, HandleTags: 0x0"
"12:22:51.0308300 PM","main.exe","24160","RegQueryKey","HKCR\Applications\oledb32.dll","SUCCESS","Query: HandleTags, HandleTags: 0x0"
"12:22:51.0308552 PM","main.exe","24160","RegCloseKey","HKCR\Applications\oledb32.dll","SUCCESS",""
"12:22:51.0321598 PM","main.exe","24160","RegOpenKey","HKCU\Software\Classes\Applications\photoviewer.dll","NAME NOT FOUND","Desired Access: Read"
"12:22:51.0321724 PM","main.exe","24160","RegOpenKey","HKCR\Applications\photoviewer.dll","SUCCESS","Desired Access: Read"
"12:22:51.0321910 PM","main.exe","24160","RegQueryKey","HKCR\Applications\photoviewer.dll","SUCCESS","Query: Name"
"12:22:51.0322012 PM","main.exe","24160","RegQueryKey","HKCR\Applications\photoviewer.dll","SUCCESS","Query: HandleTags, HandleTags: 0x0"
"12:22:51.0322615 PM","main.exe","24160","RegQueryKey","HKCR\Applications\photoviewer.dll","SUCCESS","Query: HandleTags, HandleTags: 0x0"
"12:22:51.0330379 PM","main.exe","24160","RegQueryKey","HKCR\Applications\photoviewer.dll","SUCCESS","Query: Name"
"12:22:51.0330530 PM","main.exe","24160","RegQueryKey","HKCR\Applications\photoviewer.dll","SUCCESS","Query: HandleTags, HandleTags: 0x0"
"12:22:51.0330643 PM","main.exe","24160","RegOpenKey","HKCU\Software\Classes\Applications\photoviewer.dll","NAME NOT FOUND","Desired Access: Maximum Allowed"
"12:22:51.0330827 PM","main.exe","24160","RegQueryKey","HKCR\Applications\photoviewer.dll","SUCCESS","Query: Name"
"12:22:51.0330921 PM","main.exe","24160","RegQueryKey","HKCR\Applications\photoviewer.dll","SUCCESS","Query: HandleTags, HandleTags: 0x0"
"12:22:51.0331032 PM","main.exe","24160","RegOpenKey","HKCU\Software\Classes\Applications\photoviewer.dll","NAME NOT FOUND","Desired Access: Maximum Allowed"
"12:22:51.0331221 PM","main.exe","24160","RegQueryKey","HKCR\Applications\photoviewer.dll","SUCCESS","Query: Name"
"12:22:51.0331320 PM","main.exe","24160","RegQueryKey","HKCR\Applications\photoviewer.dll","SUCCESS","Query: HandleTags, HandleTags: 0x0"
"12:22:51.0331844 PM","main.exe","24160","RegQueryKey","HKCR\Applications\photoviewer.dll","SUCCESS","Query: HandleTags, HandleTags: 0x0"
"12:22:51.0332042 PM","main.exe","24160","RegQueryKey","HKCR\Applications\photoviewer.dll","SUCCESS","Query: Name"
"12:22:51.0332204 PM","main.exe","24160","RegQueryKey","HKCR\Applications\photoviewer.dll","SUCCESS","Query: HandleTags, HandleTags: 0x0"
"12:22:51.0332412 PM","main.exe","24160","RegQueryKey","HKCR\Applications\photoviewer.dll","SUCCESS","Query: HandleTags, HandleTags: 0x0"
"12:22:51.0332628 PM","main.exe","24160","RegCloseKey","HKCR\Applications\photoviewer.dll","SUCCESS",""
"12:22:51.0371940 PM","main.exe","24160","RegOpenKey","HKCU\Software\Classes\Applications\shdocvw.dll","NAME NOT FOUND","Desired Access: Read"
"12:22:51.0372065 PM","main.exe","24160","RegOpenKey","HKCR\Applications\shdocvw.dll","SUCCESS","Desired Access: Read"
"12:22:51.0372223 PM","main.exe","24160","RegQueryKey","HKCR\Applications\shdocvw.dll","SUCCESS","Query: Name"
"12:22:51.0372334 PM","main.exe","24160","RegQueryKey","HKCR\Applications\shdocvw.dll","SUCCESS","Query: HandleTags, HandleTags: 0x0"
"12:22:51.0372574 PM","main.exe","24160","RegQueryKey","HKCR\Applications\shdocvw.dll","SUCCESS","Query: HandleTags, HandleTags: 0x0"
"12:22:51.0372802 PM","main.exe","24160","RegCloseKey","HKCR\Applications\shdocvw.dll","SUCCESS",""
"12:22:51.0373371 PM","main.exe","24160","RegOpenKey","HKCU\Software\Classes\Applications\shell32.dll","NAME NOT FOUND","Desired Access: Read"
"12:22:51.0373505 PM","main.exe","24160","RegOpenKey","HKCR\Applications\shell32.dll","SUCCESS","Desired Access: Read"
"12:22:51.0373667 PM","main.exe","24160","RegQueryKey","HKCR\Applications\shell32.dll","SUCCESS","Query: Name"
"12:22:51.0373776 PM","main.exe","24160","RegQueryKey","HKCR\Applications\shell32.dll","SUCCESS","Query: HandleTags, HandleTags: 0x0"
"12:22:51.0374013 PM","main.exe","24160","RegQueryKey","HKCR\Applications\shell32.dll","SUCCESS","Query: HandleTags, HandleTags: 0x0"
"12:22:51.0374252 PM","main.exe","24160","RegCloseKey","HKCR\Applications\shell32.dll","SUCCESS",""
"12:22:51.0374800 PM","main.exe","24160","RegOpenKey","HKCU\Software\Classes\Applications\shscrap.dll","NAME NOT FOUND","Desired Access: Read"
"12:22:51.0374930 PM","main.exe","24160","RegOpenKey","HKCR\Applications\shscrap.dll","SUCCESS","Desired Access: Read"
"12:22:51.0375093 PM","main.exe","24160","RegQueryKey","HKCR\Applications\shscrap.dll","SUCCESS","Query: Name"
"12:22:51.0375201 PM","main.exe","24160","RegQueryKey","HKCR\Applications\shscrap.dll","SUCCESS","Query: HandleTags, HandleTags: 0x0"
"12:22:51.0375447 PM","main.exe","24160","RegQueryKey","HKCR\Applications\shscrap.dll","SUCCESS","Query: HandleTags, HandleTags: 0x0"
"12:22:51.0375695 PM","main.exe","24160","RegCloseKey","HKCR\Applications\shscrap.dll","SUCCESS",""
"12:22:51.0384297 PM","main.exe","24160","RegOpenKey","HKCU\Software\Classes\Applications\url.dll","NAME NOT FOUND","Desired Access: Read"
"12:22:51.0384424 PM","main.exe","24160","RegOpenKey","HKCR\Applications\url.dll","SUCCESS","Desired Access: Read"
"12:22:51.0384611 PM","main.exe","24160","RegQueryKey","HKCR\Applications\url.dll","SUCCESS","Query: Name"
"12:22:51.0384722 PM","main.exe","24160","RegQueryKey","HKCR\Applications\url.dll","SUCCESS","Query: HandleTags, HandleTags: 0x0"
"12:22:51.0384951 PM","main.exe","24160","RegQueryKey","HKCR\Applications\url.dll","SUCCESS","Query: HandleTags, HandleTags: 0x0"
"12:22:51.0385184 PM","main.exe","24160","RegCloseKey","HKCR\Applications\url.dll","SUCCESS",""
"12:22:51.0431295 PM","main.exe","24160","CreateFile","C:\Program Files\Microsoft Office\root\vfs\ProgramFilesCommonX64\Microsoft Shared\Office16\oregres.dll","SUCCESS","Desired Access: Read Attributes, Disposition: Open, Options: Open Reparse Point, Attributes: n/a, ShareMode: Read, Write, Delete, AllocationSize: n/a, OpenResult: Opened"
"12:22:51.0431772 PM","main.exe","24160","QueryBasicInformationFile","C:\Program Files\Microsoft Office\root\vfs\ProgramFilesCommonX64\Microsoft Shared\Office16\oregres.dll","SUCCESS","CreationTime: 11/27/2025 7:05:15 PM, LastAccessTime: 4/3/2026 9:41:27 PM, LastWriteTime: 11/27/2025 7:05:15 PM, ChangeTime: 3/29/2026 1:26:46 PM, FileAttributes: A"
"12:22:51.0431923 PM","main.exe","24160","CloseFile","C:\Program Files\Microsoft Office\root\vfs\ProgramFilesCommonX64\Microsoft Shared\Office16\oregres.dll","SUCCESS",""
"12:22:51.0437045 PM","main.exe","24160","CreateFile","C:\Program Files\Microsoft Office\root\vfs\ProgramFilesCommonX64\Microsoft Shared\Office16\oregres.dll","SUCCESS","Desired Access: Read Attributes, Disposition: Open, Options: Open Reparse Point, Attributes: n/a, ShareMode: Read, Write, Delete, AllocationSize: n/a, OpenResult: Opened"
"12:22:51.0437399 PM","main.exe","24160","QueryBasicInformationFile","C:\Program Files\Microsoft Office\root\vfs\ProgramFilesCommonX64\Microsoft Shared\Office16\oregres.dll","SUCCESS","CreationTime: 11/27/2025 7:05:15 PM, LastAccessTime: 4/3/2026 9:41:27 PM, LastWriteTime: 11/27/2025 7:05:15 PM, ChangeTime: 3/29/2026 1:26:46 PM, FileAttributes: A"
"12:22:51.0437525 PM","main.exe","24160","CloseFile","C:\Program Files\Microsoft Office\root\vfs\ProgramFilesCommonX64\Microsoft Shared\Office16\oregres.dll","SUCCESS",""
"12:22:51.0733892 PM","main.exe","24160","CreateFile","C:\Windows\System32\ieframe.dll","SUCCESS","Desired Access: Read Attributes, Disposition: Open, Options: Open Reparse Point, Attributes: n/a, ShareMode: Read, Write, Delete, AllocationSize: n/a, OpenResult: Opened"
"12:22:51.0734296 PM","main.exe","24160","QueryBasicInformationFile","C:\Windows\System32\ieframe.dll","SUCCESS","CreationTime: 3/11/2026 1:06:42 PM, LastAccessTime: 4/4/2026 12:21:32 PM, LastWriteTime: 3/11/2026 1:06:42 PM, ChangeTime: 3/12/2026 12:16:17 AM, FileAttributes: A"
"12:22:51.0734400 PM","main.exe","24160","CloseFile","C:\Windows\System32\ieframe.dll","SUCCESS",""
"12:22:51.0740317 PM","main.exe","24160","CreateFile","C:\Windows\System32\ieframe.dll","SUCCESS","Desired Access: Read Attributes, Disposition: Open, Options: Open Reparse Point, Attributes: n/a, ShareMode: Read, Write, Delete, AllocationSize: n/a, OpenResult: Opened"
"12:22:51.0740608 PM","main.exe","24160","QueryBasicInformationFile","C:\Windows\System32\ieframe.dll","SUCCESS","CreationTime: 3/11/2026 1:06:42 PM, LastAccessTime: 4/4/2026 12:21:32 PM, LastWriteTime: 3/11/2026 1:06:42 PM, ChangeTime: 3/12/2026 12:16:17 AM, FileAttributes: A"
"12:22:51.0740742 PM","main.exe","24160","CloseFile","C:\Windows\System32\ieframe.dll","SUCCESS",""
"12:22:51.0763546 PM","main.exe","24160","CreateFile","C:\Windows\System32\ieframe.dll","SUCCESS","Desired Access: Read Attributes, Disposition: Open, Options: Open Reparse Point, Attributes: n/a, ShareMode: Read, Write, Delete, AllocationSize: n/a, OpenResult: Opened"
"12:22:51.0763873 PM","main.exe","24160","QueryBasicInformationFile","C:\Windows\System32\ieframe.dll","SUCCESS","CreationTime: 3/11/2026 1:06:42 PM, LastAccessTime: 4/4/2026 12:21:32 PM, LastWriteTime: 3/11/2026 1:06:42 PM, ChangeTime: 3/12/2026 12:16:17 AM, FileAttributes: A"
"12:22:51.0763972 PM","main.exe","24160","CloseFile","C:\Windows\System32\ieframe.dll","SUCCESS",""
"12:22:51.0767228 PM","main.exe","24160","CreateFile","C:\Windows\System32\ieframe.dll","SUCCESS","Desired Access: Read Attributes, Disposition: Open, Options: Open Reparse Point, Attributes: n/a, ShareMode: Read, Write, Delete, AllocationSize: n/a, OpenResult: Opened"
"12:22:51.0767466 PM","main.exe","24160","QueryBasicInformationFile","C:\Windows\System32\ieframe.dll","SUCCESS","CreationTime: 3/11/2026 1:06:42 PM, LastAccessTime: 4/4/2026 12:21:32 PM, LastWriteTime: 3/11/2026 1:06:42 PM, ChangeTime: 3/12/2026 12:16:17 AM, FileAttributes: A"
"12:22:51.0767546 PM","main.exe","24160","CloseFile","C:\Windows\System32\ieframe.dll","SUCCESS",""
"12:22:51.0789616 PM","main.exe","24160","CreateFile","C:\Windows\System32\ieframe.dll","SUCCESS","Desired Access: Read Attributes, Disposition: Open, Options: Open Reparse Point, Attributes: n/a, ShareMode: Read, Write, Delete, AllocationSize: n/a, OpenResult: Opened"
"12:22:51.0789897 PM","main.exe","24160","QueryBasicInformationFile","C:\Windows\System32\ieframe.dll","SUCCESS","CreationTime: 3/11/2026 1:06:42 PM, LastAccessTime: 4/4/2026 12:21:32 PM, LastWriteTime: 3/11/2026 1:06:42 PM, ChangeTime: 3/12/2026 12:16:17 AM, FileAttributes: A"
"12:22:51.0790034 PM","main.exe","24160","CloseFile","C:\Windows\System32\ieframe.dll","SUCCESS",""
"12:22:51.0794630 PM","main.exe","24160","CreateFile","C:\Windows\System32\ieframe.dll","SUCCESS","Desired Access: Read Attributes, Disposition: Open, Options: Open Reparse Point, Attributes: n/a, ShareMode: Read, Write, Delete, AllocationSize: n/a, OpenResult: Opened"
"12:22:51.0795201 PM","main.exe","24160","QueryBasicInformationFile","C:\Windows\System32\ieframe.dll","SUCCESS","CreationTime: 3/11/2026 1:06:42 PM, LastAccessTime: 4/4/2026 12:21:32 PM, LastWriteTime: 3/11/2026 1:06:42 PM, ChangeTime: 3/12/2026 12:16:17 AM, FileAttributes: A"
"12:22:51.0795348 PM","main.exe","24160","CloseFile","C:\Windows\System32\ieframe.dll","SUCCESS",""
"12:22:51.0802597 PM","main.exe","24160","CreateFile","C:\Windows\System32\ieframe.dll","SUCCESS","Desired Access: Read Attributes, Disposition: Open, Options: Open Reparse Point, Attributes: n/a, ShareMode: Read, Write, Delete, AllocationSize: n/a, OpenResult: Opened"
"12:22:51.0802924 PM","main.exe","24160","QueryBasicInformationFile","C:\Windows\System32\ieframe.dll","SUCCESS","CreationTime: 3/11/2026 1:06:42 PM, LastAccessTime: 4/4/2026 12:21:32 PM, LastWriteTime: 3/11/2026 1:06:42 PM, ChangeTime: 3/12/2026 12:16:17 AM, FileAttributes: A"
"12:22:51.0803011 PM","main.exe","24160","CloseFile","C:\Windows\System32\ieframe.dll","SUCCESS",""
"12:22:51.0806411 PM","main.exe","24160","CreateFile","C:\Windows\System32\ieframe.dll","SUCCESS","Desired Access: Read Attributes, Disposition: Open, Options: Open Reparse Point, Attributes: n/a, ShareMode: Read, Write, Delete, AllocationSize: n/a, OpenResult: Opened"
"12:22:51.0806687 PM","main.exe","24160","QueryBasicInformationFile","C:\Windows\System32\ieframe.dll","SUCCESS","CreationTime: 3/11/2026 1:06:42 PM, LastAccessTime: 4/4/2026 12:21:32 PM, LastWriteTime: 3/11/2026 1:06:42 PM, ChangeTime: 3/12/2026 12:16:17 AM, FileAttributes: A"
"12:22:51.0806770 PM","main.exe","24160","CloseFile","C:\Windows\System32\ieframe.dll","SUCCESS",""
"12:22:51.0818492 PM","main.exe","24160","CreateFile","C:\Windows\System32\ieframe.dll","SUCCESS","Desired Access: Read Attributes, Disposition: Open, Options: Open Reparse Point, Attributes: n/a, ShareMode: Read, Write, Delete, AllocationSize: n/a, OpenResult: Opened"
"12:22:51.0818747 PM","main.exe","24160","QueryBasicInformationFile","C:\Windows\System32\ieframe.dll","SUCCESS","CreationTime: 3/11/2026 1:06:42 PM, LastAccessTime: 4/4/2026 12:21:32 PM, LastWriteTime: 3/11/2026 1:06:42 PM, ChangeTime: 3/12/2026 12:16:17 AM, FileAttributes: A"
"12:22:51.0819110 PM","main.exe","24160","CloseFile","C:\Windows\System32\ieframe.dll","SUCCESS",""
"12:22:51.0825438 PM","main.exe","24160","CreateFile","C:\Windows\System32\ieframe.dll","SUCCESS","Desired Access: Read Attributes, Disposition: Open, Options: Open Reparse Point, Attributes: n/a, ShareMode: Read, Write, Delete, AllocationSize: n/a, OpenResult: Opened"
"12:22:51.0825841 PM","main.exe","24160","QueryBasicInformationFile","C:\Windows\System32\ieframe.dll","SUCCESS","CreationTime: 3/11/2026 1:06:42 PM, LastAccessTime: 4/4/2026 12:21:32 PM, LastWriteTime: 3/11/2026 1:06:42 PM, ChangeTime: 3/12/2026 12:16:17 AM, FileAttributes: A"
"12:22:51.0825979 PM","main.exe","24160","CloseFile","C:\Windows\System32\ieframe.dll","SUCCESS",""
"12:22:51.0833624 PM","main.exe","24160","CreateFile","C:\Windows\System32\ieframe.dll","SUCCESS","Desired Access: Read Attributes, Disposition: Open, Options: Open Reparse Point, Attributes: n/a, ShareMode: Read, Write, Delete, AllocationSize: n/a, OpenResult: Opened"
"12:22:51.0833931 PM","main.exe","24160","QueryBasicInformationFile","C:\Windows\System32\ieframe.dll","SUCCESS","CreationTime: 3/11/2026 1:06:42 PM, LastAccessTime: 4/4/2026 12:21:32 PM, LastWriteTime: 3/11/2026 1:06:42 PM, ChangeTime: 3/12/2026 12:16:17 AM, FileAttributes: A"
"12:22:51.0834046 PM","main.exe","24160","CloseFile","C:\Windows\System32\ieframe.dll","SUCCESS",""
"12:22:51.0838484 PM","main.exe","24160","CreateFile","C:\Windows\System32\ieframe.dll","SUCCESS","Desired Access: Read Attributes, Disposition: Open, Options: Open Reparse Point, Attributes: n/a, ShareMode: Read, Write, Delete, AllocationSize: n/a, OpenResult: Opened"
"12:22:51.0838828 PM","main.exe","24160","QueryBasicInformationFile","C:\Windows\System32\ieframe.dll","SUCCESS","CreationTime: 3/11/2026 1:06:42 PM, LastAccessTime: 4/4/2026 12:21:32 PM, LastWriteTime: 3/11/2026 1:06:42 PM, ChangeTime: 3/12/2026 12:16:17 AM, FileAttributes: A"
"12:22:51.0838960 PM","main.exe","24160","CloseFile","C:\Windows\System32\ieframe.dll","SUCCESS",""
"12:22:51.0969890 PM","main.exe","24160","QueryOpen","D:\Work\FingerDraw\FingerDraw\windows-server\Application\wmploc.dll","NAME NOT FOUND",""
"12:22:51.0974540 PM","main.exe","24160","CreateFile","C:\Windows\System32\wmploc.DLL","SUCCESS","Desired Access: Read Attributes, Disposition: Open, Options: Open Reparse Point, Attributes: n/a, ShareMode: Read, Write, Delete, AllocationSize: n/a, OpenResult: Opened"
"12:22:51.0974881 PM","main.exe","24160","QueryBasicInformationFile","C:\Windows\System32\wmploc.DLL","SUCCESS","CreationTime: 1/6/2025 3:39:16 PM, LastAccessTime: 4/3/2026 2:55:47 AM, LastWriteTime: 1/6/2025 3:36:14 PM, ChangeTime: 3/21/2026 12:40:31 PM, FileAttributes: A"
"12:22:51.0974986 PM","main.exe","24160","CloseFile","C:\Windows\System32\wmploc.DLL","SUCCESS",""
"12:22:51.0978874 PM","main.exe","24160","QueryOpen","D:\Work\FingerDraw\FingerDraw\windows-server\Application\wmploc.dll","NAME NOT FOUND",""
"12:22:51.0981395 PM","main.exe","24160","CreateFile","C:\Windows\System32\wmploc.DLL","SUCCESS","Desired Access: Read Attributes, Disposition: Open, Options: Open Reparse Point, Attributes: n/a, ShareMode: Read, Write, Delete, AllocationSize: n/a, OpenResult: Opened"
"12:22:51.0981660 PM","main.exe","24160","QueryBasicInformationFile","C:\Windows\System32\wmploc.DLL","SUCCESS","CreationTime: 1/6/2025 3:39:16 PM, LastAccessTime: 4/3/2026 2:55:47 AM, LastWriteTime: 1/6/2025 3:36:14 PM, ChangeTime: 3/21/2026 12:40:31 PM, FileAttributes: A"
"12:22:51.0981744 PM","main.exe","24160","CloseFile","C:\Windows\System32\wmploc.DLL","SUCCESS",""
"12:22:51.2067160 PM","main.exe","24160","RegOpenKey","HKCU\Software\Classes\Applications\zipfldr.dll","NAME NOT FOUND","Desired Access: Read"
"12:22:51.2067284 PM","main.exe","24160","RegOpenKey","HKCR\Applications\zipfldr.dll","SUCCESS","Desired Access: Read"
"12:22:51.2067475 PM","main.exe","24160","RegQueryKey","HKCR\Applications\zipfldr.dll","SUCCESS","Query: Name"
"12:22:51.2067580 PM","main.exe","24160","RegQueryKey","HKCR\Applications\zipfldr.dll","SUCCESS","Query: HandleTags, HandleTags: 0x0"
"12:22:51.2067823 PM","main.exe","24160","RegQueryKey","HKCR\Applications\zipfldr.dll","SUCCESS","Query: HandleTags, HandleTags: 0x0"
"12:22:51.2068116 PM","main.exe","24160","RegCloseKey","HKCR\Applications\zipfldr.dll","SUCCESS",""
"12:22:51.5062393 PM","main.exe","24160","CreateFile","C:\Windows\System32\mscms.dll","SUCCESS","Desired Access: Read Attributes, Disposition: Open, Options: Open Reparse Point, Attributes: n/a, ShareMode: Read, Write, Delete, AllocationSize: n/a, OpenResult: Opened"
"12:22:51.5062980 PM","main.exe","24160","QueryBasicInformationFile","C:\Windows\System32\mscms.dll","SUCCESS","CreationTime: 3/11/2026 1:06:41 PM, LastAccessTime: 4/4/2026 12:21:49 PM, LastWriteTime: 3/11/2026 1:06:41 PM, ChangeTime: 3/12/2026 12:16:23 AM, FileAttributes: A"
"12:22:51.5063171 PM","main.exe","24160","CloseFile","C:\Windows\System32\mscms.dll","SUCCESS",""
"12:22:51.5067939 PM","main.exe","24160","CreateFile","C:\Windows\System32\mscms.dll","SUCCESS","Desired Access: Read Attributes, Disposition: Open, Options: Open Reparse Point, Attributes: n/a, ShareMode: Read, Write, Delete, AllocationSize: n/a, OpenResult: Opened"
"12:22:51.5068422 PM","main.exe","24160","QueryBasicInformationFile","C:\Windows\System32\mscms.dll","SUCCESS","CreationTime: 3/11/2026 1:06:41 PM, LastAccessTime: 4/4/2026 12:21:49 PM, LastWriteTime: 3/11/2026 1:06:41 PM, ChangeTime: 3/12/2026 12:16:23 AM, FileAttributes: A"
"12:22:51.5068537 PM","main.exe","24160","CloseFile","C:\Windows\System32\mscms.dll","SUCCESS",""
"12:22:51.5177773 PM","main.exe","24160","CreateFile","C:\Windows\System32\mscms.dll","SUCCESS","Desired Access: Read Attributes, Disposition: Open, Options: Open Reparse Point, Attributes: n/a, ShareMode: Read, Write, Delete, AllocationSize: n/a, OpenResult: Opened"
"12:22:51.5178161 PM","main.exe","24160","QueryBasicInformationFile","C:\Windows\System32\mscms.dll","SUCCESS","CreationTime: 3/11/2026 1:06:41 PM, LastAccessTime: 4/4/2026 12:21:49 PM, LastWriteTime: 3/11/2026 1:06:41 PM, ChangeTime: 3/12/2026 12:16:23 AM, FileAttributes: A"
"12:22:51.5178267 PM","main.exe","24160","CloseFile","C:\Windows\System32\mscms.dll","SUCCESS",""
"12:22:51.5182674 PM","main.exe","24160","CreateFile","C:\Windows\System32\mscms.dll","SUCCESS","Desired Access: Read Attributes, Disposition: Open, Options: Open Reparse Point, Attributes: n/a, ShareMode: Read, Write, Delete, AllocationSize: n/a, OpenResult: Opened"
"12:22:51.5182986 PM","main.exe","24160","QueryBasicInformationFile","C:\Windows\System32\mscms.dll","SUCCESS","CreationTime: 3/11/2026 1:06:41 PM, LastAccessTime: 4/4/2026 12:21:49 PM, LastWriteTime: 3/11/2026 1:06:41 PM, ChangeTime: 3/12/2026 12:16:23 AM, FileAttributes: A"
"12:22:51.5183156 PM","main.exe","24160","CloseFile","C:\Windows\System32\mscms.dll","SUCCESS",""
"12:22:51.5210687 PM","main.exe","24160","QueryOpen","D:\Work\FingerDraw\FingerDraw\windows-server\Application\cryptext.dll","NAME NOT FOUND",""
"12:22:51.5214774 PM","main.exe","24160","CreateFile","C:\Windows\System32\cryptext.dll","SUCCESS","Desired Access: Read Attributes, Disposition: Open, Options: Open Reparse Point, Attributes: n/a, ShareMode: Read, Write, Delete, AllocationSize: n/a, OpenResult: Opened"
"12:22:51.5215180 PM","main.exe","24160","QueryBasicInformationFile","C:\Windows\System32\cryptext.dll","SUCCESS","CreationTime: 11/5/2025 11:24:56 PM, LastAccessTime: 4/4/2026 11:35:29 AM, LastWriteTime: 11/5/2025 11:24:56 PM, ChangeTime: 3/11/2026 4:53:44 PM, FileAttributes: A"
"12:22:51.5215297 PM","main.exe","24160","CloseFile","C:\Windows\System32\cryptext.dll","SUCCESS",""
"12:22:51.5219228 PM","main.exe","24160","QueryOpen","D:\Work\FingerDraw\FingerDraw\windows-server\Application\cryptext.dll","NAME NOT FOUND",""
"12:22:51.5221929 PM","main.exe","24160","CreateFile","C:\Windows\System32\cryptext.dll","SUCCESS","Desired Access: Read Attributes, Disposition: Open, Options: Open Reparse Point, Attributes: n/a, ShareMode: Read, Write, Delete, AllocationSize: n/a, OpenResult: Opened"
"12:22:51.5222248 PM","main.exe","24160","QueryBasicInformationFile","C:\Windows\System32\cryptext.dll","SUCCESS","CreationTime: 11/5/2025 11:24:56 PM, LastAccessTime: 4/4/2026 11:35:29 AM, LastWriteTime: 11/5/2025 11:24:56 PM, ChangeTime: 3/11/2026 4:53:44 PM, FileAttributes: A"
"12:22:51.5222342 PM","main.exe","24160","CloseFile","C:\Windows\System32\cryptext.dll","SUCCESS",""
"12:22:51.5563888 PM","main.exe","24160","QueryOpen","D:\Work\FingerDraw\FingerDraw\windows-server\Application\shell32.dll","NAME NOT FOUND",""
"12:22:51.5566925 PM","main.exe","24160","CreateFile","C:\Windows\System32\shell32.dll","SUCCESS","Desired Access: Read Attributes, Disposition: Open, Options: Open Reparse Point, Attributes: n/a, ShareMode: Read, Write, Delete, AllocationSize: n/a, OpenResult: Opened"
"12:22:51.5567339 PM","main.exe","24160","QueryBasicInformationFile","C:\Windows\System32\shell32.dll","SUCCESS","CreationTime: 3/11/2026 1:06:46 PM, LastAccessTime: 4/4/2026 12:21:11 PM, LastWriteTime: 3/11/2026 1:06:47 PM, ChangeTime: 3/12/2026 12:16:19 AM, FileAttributes: A"
"12:22:51.5567453 PM","main.exe","24160","CloseFile","C:\Windows\System32\shell32.dll","SUCCESS",""
"12:22:51.5570460 PM","main.exe","24160","QueryOpen","D:\Work\FingerDraw\FingerDraw\windows-server\Application\shell32.dll","NAME NOT FOUND",""
"12:22:51.5576082 PM","main.exe","24160","CreateFile","C:\Windows\System32\shell32.dll","SUCCESS","Desired Access: Read Attributes, Disposition: Open, Options: Open Reparse Point, Attributes: n/a, ShareMode: Read, Write, Delete, AllocationSize: n/a, OpenResult: Opened"
"12:22:51.5576429 PM","main.exe","24160","QueryBasicInformationFile","C:\Windows\System32\shell32.dll","SUCCESS","CreationTime: 3/11/2026 1:06:46 PM, LastAccessTime: 4/4/2026 12:21:11 PM, LastWriteTime: 3/11/2026 1:06:47 PM, ChangeTime: 3/12/2026 12:16:19 AM, FileAttributes: A"
"12:22:51.5576524 PM","main.exe","24160","CloseFile","C:\Windows\System32\shell32.dll","SUCCESS",""
"12:22:51.5667350 PM","main.exe","24160","QueryOpen","D:\Work\FingerDraw\FingerDraw\windows-server\Application\cryptext.dll","NAME NOT FOUND",""
"12:22:51.5672169 PM","main.exe","24160","CreateFile","C:\Windows\System32\cryptext.dll","SUCCESS","Desired Access: Read Attributes, Disposition: Open, Options: Open Reparse Point, Attributes: n/a, ShareMode: Read, Write, Delete, AllocationSize: n/a, OpenResult: Opened"
"12:22:51.5672886 PM","main.exe","24160","QueryBasicInformationFile","C:\Windows\System32\cryptext.dll","SUCCESS","CreationTime: 11/5/2025 11:24:56 PM, LastAccessTime: 4/4/2026 11:35:29 AM, LastWriteTime: 11/5/2025 11:24:56 PM, ChangeTime: 3/11/2026 4:53:44 PM, FileAttributes: A"
"12:22:51.5673072 PM","main.exe","24160","CloseFile","C:\Windows\System32\cryptext.dll","SUCCESS",""
"12:22:51.5677269 PM","main.exe","24160","QueryOpen","D:\Work\FingerDraw\FingerDraw\windows-server\Application\cryptext.dll","NAME NOT FOUND",""
"12:22:51.5680423 PM","main.exe","24160","CreateFile","C:\Windows\System32\cryptext.dll","SUCCESS","Desired Access: Read Attributes, Disposition: Open, Options: Open Reparse Point, Attributes: n/a, ShareMode: Read, Write, Delete, AllocationSize: n/a, OpenResult: Opened"
"12:22:51.5680906 PM","main.exe","24160","QueryBasicInformationFile","C:\Windows\System32\cryptext.dll","SUCCESS","CreationTime: 11/5/2025 11:24:56 PM, LastAccessTime: 4/4/2026 11:35:29 AM, LastWriteTime: 11/5/2025 11:24:56 PM, ChangeTime: 3/11/2026 4:53:44 PM, FileAttributes: A"
"12:22:51.5681047 PM","main.exe","24160","CloseFile","C:\Windows\System32\cryptext.dll","SUCCESS",""
"12:22:51.5701521 PM","main.exe","24160","QueryOpen","D:\Work\FingerDraw\FingerDraw\windows-server\Application\cryptext.dll","NAME NOT FOUND",""
"12:22:51.5704659 PM","main.exe","24160","CreateFile","C:\Windows\System32\cryptext.dll","SUCCESS","Desired Access: Read Attributes, Disposition: Open, Options: Open Reparse Point, Attributes: n/a, ShareMode: Read, Write, Delete, AllocationSize: n/a, OpenResult: Opened"
"12:22:51.5705083 PM","main.exe","24160","QueryBasicInformationFile","C:\Windows\System32\cryptext.dll","SUCCESS","CreationTime: 11/5/2025 11:24:56 PM, LastAccessTime: 4/4/2026 11:35:29 AM, LastWriteTime: 11/5/2025 11:24:56 PM, ChangeTime: 3/11/2026 4:53:44 PM, FileAttributes: A"
"12:22:51.5705196 PM","main.exe","24160","CloseFile","C:\Windows\System32\cryptext.dll","SUCCESS",""
"12:22:51.5708092 PM","main.exe","24160","QueryOpen","D:\Work\FingerDraw\FingerDraw\windows-server\Application\cryptext.dll","NAME NOT FOUND",""
"12:22:51.5710621 PM","main.exe","24160","CreateFile","C:\Windows\System32\cryptext.dll","SUCCESS","Desired Access: Read Attributes, Disposition: Open, Options: Open Reparse Point, Attributes: n/a, ShareMode: Read, Write, Delete, AllocationSize: n/a, OpenResult: Opened"
"12:22:51.5710882 PM","main.exe","24160","QueryBasicInformationFile","C:\Windows\System32\cryptext.dll","SUCCESS","CreationTime: 11/5/2025 11:24:56 PM, LastAccessTime: 4/4/2026 11:35:29 AM, LastWriteTime: 11/5/2025 11:24:56 PM, ChangeTime: 3/11/2026 4:53:44 PM, FileAttributes: A"
"12:22:51.5710970 PM","main.exe","24160","CloseFile","C:\Windows\System32\cryptext.dll","SUCCESS",""
"12:22:51.6200278 PM","main.exe","24160","QueryOpen","D:\Work\FingerDraw\FingerDraw\windows-server\Application\cryptext.dll","NAME NOT FOUND",""
"12:22:51.6204650 PM","main.exe","24160","CreateFile","C:\Windows\System32\cryptext.dll","SUCCESS","Desired Access: Read Attributes, Disposition: Open, Options: Open Reparse Point, Attributes: n/a, ShareMode: Read, Write, Delete, AllocationSize: n/a, OpenResult: Opened"
"12:22:51.6205061 PM","main.exe","24160","QueryBasicInformationFile","C:\Windows\System32\cryptext.dll","SUCCESS","CreationTime: 11/5/2025 11:24:56 PM, LastAccessTime: 4/4/2026 11:35:29 AM, LastWriteTime: 11/5/2025 11:24:56 PM, ChangeTime: 3/11/2026 4:53:44 PM, FileAttributes: A"
"12:22:51.6205174 PM","main.exe","24160","CloseFile","C:\Windows\System32\cryptext.dll","SUCCESS",""
"12:22:51.6208061 PM","main.exe","24160","QueryOpen","D:\Work\FingerDraw\FingerDraw\windows-server\Application\cryptext.dll","NAME NOT FOUND",""
"12:22:51.6210569 PM","main.exe","24160","CreateFile","C:\Windows\System32\cryptext.dll","SUCCESS","Desired Access: Read Attributes, Disposition: Open, Options: Open Reparse Point, Attributes: n/a, ShareMode: Read, Write, Delete, AllocationSize: n/a, OpenResult: Opened"
"12:22:51.6210839 PM","main.exe","24160","QueryBasicInformationFile","C:\Windows\System32\cryptext.dll","SUCCESS","CreationTime: 11/5/2025 11:24:56 PM, LastAccessTime: 4/4/2026 11:35:29 AM, LastWriteTime: 11/5/2025 11:24:56 PM, ChangeTime: 3/11/2026 4:53:44 PM, FileAttributes: A"
"12:22:51.6210922 PM","main.exe","24160","CloseFile","C:\Windows\System32\cryptext.dll","SUCCESS",""
"12:22:51.6387043 PM","main.exe","24160","RegOpenKey","HKCU\Software\Classes\.dll","NAME NOT FOUND","Desired Access: Read"
"12:22:51.6387132 PM","main.exe","24160","RegOpenKey","HKCR\.dll","SUCCESS","Desired Access: Read"
"12:22:51.6387274 PM","main.exe","24160","RegQueryKey","HKCR\.dll","SUCCESS","Query: Name"
"12:22:51.6387348 PM","main.exe","24160","RegQueryKey","HKCR\.dll","SUCCESS","Query: HandleTags, HandleTags: 0x0"
"12:22:51.6387514 PM","main.exe","24160","RegQueryKey","HKCR\.dll","SUCCESS","Query: HandleTags, HandleTags: 0x0"
"12:22:51.6387664 PM","main.exe","24160","RegQueryKey","HKCR\.dll","SUCCESS","Query: Name"
"12:22:51.6387739 PM","main.exe","24160","RegQueryKey","HKCR\.dll","SUCCESS","Query: HandleTags, HandleTags: 0x0"
"12:22:51.6387824 PM","main.exe","24160","RegOpenKey","HKCU\Software\Classes\.dll","NAME NOT FOUND","Desired Access: Maximum Allowed"
"12:22:51.6387973 PM","main.exe","24160","RegQueryKey","HKCR\.dll","SUCCESS","Query: Name"
"12:22:51.6388044 PM","main.exe","24160","RegQueryKey","HKCR\.dll","SUCCESS","Query: HandleTags, HandleTags: 0x0"
"12:22:51.6388129 PM","main.exe","24160","RegOpenKey","HKCU\Software\Classes\.dll","NAME NOT FOUND","Desired Access: Maximum Allowed"
"12:22:51.6388700 PM","main.exe","24160","RegCloseKey","HKCR\.dll","SUCCESS",""
"12:22:51.6389490 PM","main.exe","24160","RegOpenKey","HKCU\Software\Classes\.dll","NAME NOT FOUND","Desired Access: Read"
"12:22:51.6389578 PM","main.exe","24160","RegOpenKey","HKCR\.dll","SUCCESS","Desired Access: Read"
"12:22:51.6389660 PM","main.exe","24160","RegQueryKey","HKCR\.dll","SUCCESS","Query: Name"
"12:22:51.6389736 PM","main.exe","24160","RegQueryKey","HKCR\.dll","SUCCESS","Query: HandleTags, HandleTags: 0x0"
"12:22:51.6389898 PM","main.exe","24160","RegQueryKey","HKCR\.dll","SUCCESS","Query: HandleTags, HandleTags: 0x0"
"12:22:51.6390057 PM","main.exe","24160","RegCloseKey","HKCR\.dll","SUCCESS",""
"12:22:51.7772116 PM","main.exe","24160","CreateFile","C:\Windows\System32\mscms.dll","SUCCESS","Desired Access: Read Attributes, Disposition: Open, Options: Open Reparse Point, Attributes: n/a, ShareMode: Read, Write, Delete, AllocationSize: n/a, OpenResult: Opened"
"12:22:51.7772603 PM","main.exe","24160","QueryBasicInformationFile","C:\Windows\System32\mscms.dll","SUCCESS","CreationTime: 3/11/2026 1:06:41 PM, LastAccessTime: 4/4/2026 12:21:49 PM, LastWriteTime: 3/11/2026 1:06:41 PM, ChangeTime: 3/12/2026 12:16:23 AM, FileAttributes: A"
"12:22:51.7772717 PM","main.exe","24160","CloseFile","C:\Windows\System32\mscms.dll","SUCCESS",""
"12:22:51.7777295 PM","main.exe","24160","CreateFile","C:\Windows\System32\mscms.dll","SUCCESS","Desired Access: Read Attributes, Disposition: Open, Options: Open Reparse Point, Attributes: n/a, ShareMode: Read, Write, Delete, AllocationSize: n/a, OpenResult: Opened"
"12:22:51.7777556 PM","main.exe","24160","QueryBasicInformationFile","C:\Windows\System32\mscms.dll","SUCCESS","CreationTime: 3/11/2026 1:06:41 PM, LastAccessTime: 4/4/2026 12:21:49 PM, LastWriteTime: 3/11/2026 1:06:41 PM, ChangeTime: 3/12/2026 12:16:23 AM, FileAttributes: A"
"12:22:51.7777640 PM","main.exe","24160","CloseFile","C:\Windows\System32\mscms.dll","SUCCESS",""
"12:22:51.8379586 PM","main.exe","24160","CreateFile","C:\Windows\System32\ieframe.dll","SUCCESS","Desired Access: Read Attributes, Disposition: Open, Options: Open Reparse Point, Attributes: n/a, ShareMode: Read, Write, Delete, AllocationSize: n/a, OpenResult: Opened"
"12:22:51.8379998 PM","main.exe","24160","QueryBasicInformationFile","C:\Windows\System32\ieframe.dll","SUCCESS","CreationTime: 3/11/2026 1:06:42 PM, LastAccessTime: 4/4/2026 12:21:32 PM, LastWriteTime: 3/11/2026 1:06:42 PM, ChangeTime: 3/12/2026 12:16:17 AM, FileAttributes: A"
"12:22:51.8380112 PM","main.exe","24160","CloseFile","C:\Windows\System32\ieframe.dll","SUCCESS",""
"12:22:51.8383454 PM","main.exe","24160","CreateFile","C:\Windows\System32\ieframe.dll","SUCCESS","Desired Access: Read Attributes, Disposition: Open, Options: Open Reparse Point, Attributes: n/a, ShareMode: Read, Write, Delete, AllocationSize: n/a, OpenResult: Opened"
"12:22:51.8383698 PM","main.exe","24160","QueryBasicInformationFile","C:\Windows\System32\ieframe.dll","SUCCESS","CreationTime: 3/11/2026 1:06:42 PM, LastAccessTime: 4/4/2026 12:21:32 PM, LastWriteTime: 3/11/2026 1:06:42 PM, ChangeTime: 3/12/2026 12:16:17 AM, FileAttributes: A"
"12:22:51.8383776 PM","main.exe","24160","CloseFile","C:\Windows\System32\ieframe.dll","SUCCESS",""
"12:22:51.8414982 PM","main.exe","24160","CreateFile","C:\Windows\System32\ieframe.dll","SUCCESS","Desired Access: Read Attributes, Disposition: Open, Options: Open Reparse Point, Attributes: n/a, ShareMode: Read, Write, Delete, AllocationSize: n/a, OpenResult: Opened"
"12:22:51.8415267 PM","main.exe","24160","QueryBasicInformationFile","C:\Windows\System32\ieframe.dll","SUCCESS","CreationTime: 3/11/2026 1:06:42 PM, LastAccessTime: 4/4/2026 12:21:32 PM, LastWriteTime: 3/11/2026 1:06:42 PM, ChangeTime: 3/12/2026 12:16:17 AM, FileAttributes: A"
"12:22:51.8415370 PM","main.exe","24160","CloseFile","C:\Windows\System32\ieframe.dll","SUCCESS",""
"12:22:51.8419147 PM","main.exe","24160","CreateFile","C:\Windows\System32\ieframe.dll","SUCCESS","Desired Access: Read Attributes, Disposition: Open, Options: Open Reparse Point, Attributes: n/a, ShareMode: Read, Write, Delete, AllocationSize: n/a, OpenResult: Opened"
"12:22:51.8419381 PM","main.exe","24160","QueryBasicInformationFile","C:\Windows\System32\ieframe.dll","SUCCESS","CreationTime: 3/11/2026 1:06:42 PM, LastAccessTime: 4/4/2026 12:21:32 PM, LastWriteTime: 3/11/2026 1:06:42 PM, ChangeTime: 3/12/2026 12:16:17 AM, FileAttributes: A"
"12:22:51.8419459 PM","main.exe","24160","CloseFile","C:\Windows\System32\ieframe.dll","SUCCESS",""
"12:22:51.8424420 PM","main.exe","24160","CreateFile","C:\Windows\System32\ieframe.dll","SUCCESS","Desired Access: Read Attributes, Disposition: Open, Options: Open Reparse Point, Attributes: n/a, ShareMode: Read, Write, Delete, AllocationSize: n/a, OpenResult: Opened"
"12:22:51.8424664 PM","main.exe","24160","QueryBasicInformationFile","C:\Windows\System32\ieframe.dll","SUCCESS","CreationTime: 3/11/2026 1:06:42 PM, LastAccessTime: 4/4/2026 12:21:32 PM, LastWriteTime: 3/11/2026 1:06:42 PM, ChangeTime: 3/12/2026 12:16:17 AM, FileAttributes: A"
"12:22:51.8424746 PM","main.exe","24160","CloseFile","C:\Windows\System32\ieframe.dll","SUCCESS",""
"12:22:51.8427897 PM","main.exe","24160","CreateFile","C:\Windows\System32\ieframe.dll","SUCCESS","Desired Access: Read Attributes, Disposition: Open, Options: Open Reparse Point, Attributes: n/a, ShareMode: Read, Write, Delete, AllocationSize: n/a, OpenResult: Opened"
"12:22:51.8428128 PM","main.exe","24160","QueryBasicInformationFile","C:\Windows\System32\ieframe.dll","SUCCESS","CreationTime: 3/11/2026 1:06:42 PM, LastAccessTime: 4/4/2026 12:21:32 PM, LastWriteTime: 3/11/2026 1:06:42 PM, ChangeTime: 3/12/2026 12:16:17 AM, FileAttributes: A"
"12:22:51.8428209 PM","main.exe","24160","CloseFile","C:\Windows\System32\ieframe.dll","SUCCESS",""
"12:22:51.8493818 PM","main.exe","24160","CreateFile","C:\Windows\System32\ieframe.dll","SUCCESS","Desired Access: Read Attributes, Disposition: Open, Options: Open Reparse Point, Attributes: n/a, ShareMode: Read, Write, Delete, AllocationSize: n/a, OpenResult: Opened"
"12:22:51.8494413 PM","main.exe","24160","QueryBasicInformationFile","C:\Windows\System32\ieframe.dll","SUCCESS","CreationTime: 3/11/2026 1:06:42 PM, LastAccessTime: 4/4/2026 12:21:32 PM, LastWriteTime: 3/11/2026 1:06:42 PM, ChangeTime: 3/12/2026 12:16:17 AM, FileAttributes: A"
"12:22:51.8494517 PM","main.exe","24160","CloseFile","C:\Windows\System32\ieframe.dll","SUCCESS",""
"12:22:51.8497680 PM","main.exe","24160","CreateFile","C:\Windows\System32\ieframe.dll","SUCCESS","Desired Access: Read Attributes, Disposition: Open, Options: Open Reparse Point, Attributes: n/a, ShareMode: Read, Write, Delete, AllocationSize: n/a, OpenResult: Opened"
"12:22:51.8497920 PM","main.exe","24160","QueryBasicInformationFile","C:\Windows\System32\ieframe.dll","SUCCESS","CreationTime: 3/11/2026 1:06:42 PM, LastAccessTime: 4/4/2026 12:21:32 PM, LastWriteTime: 3/11/2026 1:06:42 PM, ChangeTime: 3/12/2026 12:16:17 AM, FileAttributes: A"
"12:22:51.8498000 PM","main.exe","24160","CloseFile","C:\Windows\System32\ieframe.dll","SUCCESS",""
"12:22:51.8531231 PM","main.exe","24160","CreateFile","C:\Windows\System32\ieframe.dll","SUCCESS","Desired Access: Read Attributes, Disposition: Open, Options: Open Reparse Point, Attributes: n/a, ShareMode: Read, Write, Delete, AllocationSize: n/a, OpenResult: Opened"
"12:22:51.8531529 PM","main.exe","24160","QueryBasicInformationFile","C:\Windows\System32\ieframe.dll","SUCCESS","CreationTime: 3/11/2026 1:06:42 PM, LastAccessTime: 4/4/2026 12:21:32 PM, LastWriteTime: 3/11/2026 1:06:42 PM, ChangeTime: 3/12/2026 12:16:17 AM, FileAttributes: A"
"12:22:51.8531623 PM","main.exe","24160","CloseFile","C:\Windows\System32\ieframe.dll","SUCCESS",""
"12:22:51.8534870 PM","main.exe","24160","CreateFile","C:\Windows\System32\ieframe.dll","SUCCESS","Desired Access: Read Attributes, Disposition: Open, Options: Open Reparse Point, Attributes: n/a, ShareMode: Read, Write, Delete, AllocationSize: n/a, OpenResult: Opened"
"12:22:51.8535110 PM","main.exe","24160","QueryBasicInformationFile","C:\Windows\System32\ieframe.dll","SUCCESS","CreationTime: 3/11/2026 1:06:42 PM, LastAccessTime: 4/4/2026 12:21:32 PM, LastWriteTime: 3/11/2026 1:06:42 PM, ChangeTime: 3/12/2026 12:16:17 AM, FileAttributes: A"
"12:22:51.8535194 PM","main.exe","24160","CloseFile","C:\Windows\System32\ieframe.dll","SUCCESS",""
"12:22:51.8540340 PM","main.exe","24160","CreateFile","C:\Windows\System32\ieframe.dll","SUCCESS","Desired Access: Read Attributes, Disposition: Open, Options: Open Reparse Point, Attributes: n/a, ShareMode: Read, Write, Delete, AllocationSize: n/a, OpenResult: Opened"
"12:22:51.8540580 PM","main.exe","24160","QueryBasicInformationFile","C:\Windows\System32\ieframe.dll","SUCCESS","CreationTime: 3/11/2026 1:06:42 PM, LastAccessTime: 4/4/2026 12:21:32 PM, LastWriteTime: 3/11/2026 1:06:42 PM, ChangeTime: 3/12/2026 12:16:17 AM, FileAttributes: A"
"12:22:51.8540660 PM","main.exe","24160","CloseFile","C:\Windows\System32\ieframe.dll","SUCCESS",""
"12:22:51.8544438 PM","main.exe","24160","CreateFile","C:\Windows\System32\ieframe.dll","SUCCESS","Desired Access: Read Attributes, Disposition: Open, Options: Open Reparse Point, Attributes: n/a, ShareMode: Read, Write, Delete, AllocationSize: n/a, OpenResult: Opened"
"12:22:51.8544684 PM","main.exe","24160","QueryBasicInformationFile","C:\Windows\System32\ieframe.dll","SUCCESS","CreationTime: 3/11/2026 1:06:42 PM, LastAccessTime: 4/4/2026 12:21:32 PM, LastWriteTime: 3/11/2026 1:06:42 PM, ChangeTime: 3/12/2026 12:16:17 AM, FileAttributes: A"
"12:22:51.8544767 PM","main.exe","24160","CloseFile","C:\Windows\System32\ieframe.dll","SUCCESS",""
"12:22:51.8769116 PM","main.exe","24160","CreateFile","C:\Windows\System32\mscms.dll","SUCCESS","Desired Access: Read Attributes, Disposition: Open, Options: Open Reparse Point, Attributes: n/a, ShareMode: Read, Write, Delete, AllocationSize: n/a, OpenResult: Opened"
"12:22:51.8769842 PM","main.exe","24160","QueryBasicInformationFile","C:\Windows\System32\mscms.dll","SUCCESS","CreationTime: 3/11/2026 1:06:41 PM, LastAccessTime: 4/4/2026 12:21:49 PM, LastWriteTime: 3/11/2026 1:06:41 PM, ChangeTime: 3/12/2026 12:16:23 AM, FileAttributes: A"
"12:22:51.8769990 PM","main.exe","24160","CloseFile","C:\Windows\System32\mscms.dll","SUCCESS",""
"12:22:51.8775903 PM","main.exe","24160","CreateFile","C:\Windows\System32\mscms.dll","SUCCESS","Desired Access: Read Attributes, Disposition: Open, Options: Open Reparse Point, Attributes: n/a, ShareMode: Read, Write, Delete, AllocationSize: n/a, OpenResult: Opened"
"12:22:51.8776470 PM","main.exe","24160","QueryBasicInformationFile","C:\Windows\System32\mscms.dll","SUCCESS","CreationTime: 3/11/2026 1:06:41 PM, LastAccessTime: 4/4/2026 12:21:49 PM, LastWriteTime: 3/11/2026 1:06:41 PM, ChangeTime: 3/12/2026 12:16:23 AM, FileAttributes: A"
"12:22:51.8776588 PM","main.exe","24160","CloseFile","C:\Windows\System32\mscms.dll","SUCCESS",""
"12:22:51.8798747 PM","main.exe","24160","CreateFile","C:\Windows\System32\mscms.dll","SUCCESS","Desired Access: Read Attributes, Disposition: Open, Options: Open Reparse Point, Attributes: n/a, ShareMode: Read, Write, Delete, AllocationSize: n/a, OpenResult: Opened"
"12:22:51.8799240 PM","main.exe","24160","QueryBasicInformationFile","C:\Windows\System32\mscms.dll","SUCCESS","CreationTime: 3/11/2026 1:06:41 PM, LastAccessTime: 4/4/2026 12:21:49 PM, LastWriteTime: 3/11/2026 1:06:41 PM, ChangeTime: 3/12/2026 12:16:23 AM, FileAttributes: A"
"12:22:51.8799358 PM","main.exe","24160","CloseFile","C:\Windows\System32\mscms.dll","SUCCESS",""
"12:22:51.8803746 PM","main.exe","24160","CreateFile","C:\Windows\System32\mscms.dll","SUCCESS","Desired Access: Read Attributes, Disposition: Open, Options: Open Reparse Point, Attributes: n/a, ShareMode: Read, Write, Delete, AllocationSize: n/a, OpenResult: Opened"
"12:22:51.8804012 PM","main.exe","24160","QueryBasicInformationFile","C:\Windows\System32\mscms.dll","SUCCESS","CreationTime: 3/11/2026 1:06:41 PM, LastAccessTime: 4/4/2026 12:21:49 PM, LastWriteTime: 3/11/2026 1:06:41 PM, ChangeTime: 3/12/2026 12:16:23 AM, FileAttributes: A"
"12:22:51.8804095 PM","main.exe","24160","CloseFile","C:\Windows\System32\mscms.dll","SUCCESS",""
"12:22:51.9596167 PM","main.exe","24160","CreateFile","C:\Windows\System32\wshext.dll","SUCCESS","Desired Access: Read Attributes, Disposition: Open, Options: Open Reparse Point, Attributes: n/a, ShareMode: Read, Write, Delete, AllocationSize: n/a, OpenResult: Opened"
"12:22:51.9596627 PM","main.exe","24160","QueryBasicInformationFile","C:\Windows\System32\wshext.dll","SUCCESS","CreationTime: 11/5/2025 11:25:10 PM, LastAccessTime: 4/4/2026 12:00:09 PM, LastWriteTime: 11/5/2025 11:25:10 PM, ChangeTime: 3/11/2026 4:53:44 PM, FileAttributes: A"
"12:22:51.9596730 PM","main.exe","24160","CloseFile","C:\Windows\System32\wshext.dll","SUCCESS",""
"12:22:51.9601295 PM","main.exe","24160","CreateFile","C:\Windows\System32\wshext.dll","SUCCESS","Desired Access: Read Attributes, Disposition: Open, Options: Open Reparse Point, Attributes: n/a, ShareMode: Read, Write, Delete, AllocationSize: n/a, OpenResult: Opened"
"12:22:51.9601555 PM","main.exe","24160","QueryBasicInformationFile","C:\Windows\System32\wshext.dll","SUCCESS","CreationTime: 11/5/2025 11:25:10 PM, LastAccessTime: 4/4/2026 12:00:09 PM, LastWriteTime: 11/5/2025 11:25:10 PM, ChangeTime: 3/11/2026 4:53:44 PM, FileAttributes: A"
"12:22:51.9601644 PM","main.exe","24160","CloseFile","C:\Windows\System32\wshext.dll","SUCCESS",""
"12:22:51.9660265 PM","main.exe","24160","CreateFile","C:\Windows\System32\wshext.dll","SUCCESS","Desired Access: Read Attributes, Disposition: Open, Options: Open Reparse Point, Attributes: n/a, ShareMode: Read, Write, Delete, AllocationSize: n/a, OpenResult: Opened"
"12:22:51.9660544 PM","main.exe","24160","QueryBasicInformationFile","C:\Windows\System32\wshext.dll","SUCCESS","CreationTime: 11/5/2025 11:25:10 PM, LastAccessTime: 4/4/2026 12:00:09 PM, LastWriteTime: 11/5/2025 11:25:10 PM, ChangeTime: 3/11/2026 4:53:44 PM, FileAttributes: A"
"12:22:51.9660636 PM","main.exe","24160","CloseFile","C:\Windows\System32\wshext.dll","SUCCESS",""
"12:22:51.9663749 PM","main.exe","24160","CreateFile","C:\Windows\System32\wshext.dll","SUCCESS","Desired Access: Read Attributes, Disposition: Open, Options: Open Reparse Point, Attributes: n/a, ShareMode: Read, Write, Delete, AllocationSize: n/a, OpenResult: Opened"
"12:22:51.9663976 PM","main.exe","24160","QueryBasicInformationFile","C:\Windows\System32\wshext.dll","SUCCESS","CreationTime: 11/5/2025 11:25:10 PM, LastAccessTime: 4/4/2026 12:00:09 PM, LastWriteTime: 11/5/2025 11:25:10 PM, ChangeTime: 3/11/2026 4:53:44 PM, FileAttributes: A"
"12:22:51.9664061 PM","main.exe","24160","CloseFile","C:\Windows\System32\wshext.dll","SUCCESS",""
"12:22:52.1250194 PM","main.exe","24160","CreateFile","C:\Windows\System32\ieframe.dll","SUCCESS","Desired Access: Read Attributes, Disposition: Open, Options: Open Reparse Point, Attributes: n/a, ShareMode: Read, Write, Delete, AllocationSize: n/a, OpenResult: Opened"
"12:22:52.1250984 PM","main.exe","24160","QueryBasicInformationFile","C:\Windows\System32\ieframe.dll","SUCCESS","CreationTime: 3/11/2026 1:06:42 PM, LastAccessTime: 4/4/2026 12:21:32 PM, LastWriteTime: 3/11/2026 1:06:42 PM, ChangeTime: 3/12/2026 12:16:17 AM, FileAttributes: A"
"12:22:52.1251150 PM","main.exe","24160","CloseFile","C:\Windows\System32\ieframe.dll","SUCCESS",""
"12:22:52.1257187 PM","main.exe","24160","CreateFile","C:\Windows\System32\ieframe.dll","SUCCESS","Desired Access: Read Attributes, Disposition: Open, Options: Open Reparse Point, Attributes: n/a, ShareMode: Read, Write, Delete, AllocationSize: n/a, OpenResult: Opened"
"12:22:52.1257613 PM","main.exe","24160","QueryBasicInformationFile","C:\Windows\System32\ieframe.dll","SUCCESS","CreationTime: 3/11/2026 1:06:42 PM, LastAccessTime: 4/4/2026 12:21:32 PM, LastWriteTime: 3/11/2026 1:06:42 PM, ChangeTime: 3/12/2026 12:16:17 AM, FileAttributes: A"
"12:22:52.1257731 PM","main.exe","24160","CloseFile","C:\Windows\System32\ieframe.dll","SUCCESS",""
"12:22:52.1264974 PM","main.exe","24160","CreateFile","C:\Windows\System32\ieframe.dll","SUCCESS","Desired Access: Read Attributes, Disposition: Open, Options: Open Reparse Point, Attributes: n/a, ShareMode: Read, Write, Delete, AllocationSize: n/a, OpenResult: Opened"
"12:22:52.1265445 PM","main.exe","24160","QueryBasicInformationFile","C:\Windows\System32\ieframe.dll","SUCCESS","CreationTime: 3/11/2026 1:06:42 PM, LastAccessTime: 4/4/2026 12:21:32 PM, LastWriteTime: 3/11/2026 1:06:42 PM, ChangeTime: 3/12/2026 12:16:17 AM, FileAttributes: A"
"12:22:52.1265592 PM","main.exe","24160","CloseFile","C:\Windows\System32\ieframe.dll","SUCCESS",""
"12:22:52.1270261 PM","main.exe","24160","CreateFile","C:\Windows\System32\ieframe.dll","SUCCESS","Desired Access: Read Attributes, Disposition: Open, Options: Open Reparse Point, Attributes: n/a, ShareMode: Read, Write, Delete, AllocationSize: n/a, OpenResult: Opened"
"12:22:52.1270764 PM","main.exe","24160","QueryBasicInformationFile","C:\Windows\System32\ieframe.dll","SUCCESS","CreationTime: 3/11/2026 1:06:42 PM, LastAccessTime: 4/4/2026 12:21:32 PM, LastWriteTime: 3/11/2026 1:06:42 PM, ChangeTime: 3/12/2026 12:16:17 AM, FileAttributes: A"
"12:22:52.1270860 PM","main.exe","24160","CloseFile","C:\Windows\System32\ieframe.dll","SUCCESS",""
"12:22:52.1287663 PM","main.exe","24160","CreateFile","C:\Windows\System32\ieframe.dll","SUCCESS","Desired Access: Read Attributes, Disposition: Open, Options: Open Reparse Point, Attributes: n/a, ShareMode: Read, Write, Delete, AllocationSize: n/a, OpenResult: Opened"
"12:22:52.1288012 PM","main.exe","24160","QueryBasicInformationFile","C:\Windows\System32\ieframe.dll","SUCCESS","CreationTime: 3/11/2026 1:06:42 PM, LastAccessTime: 4/4/2026 12:21:32 PM, LastWriteTime: 3/11/2026 1:06:42 PM, ChangeTime: 3/12/2026 12:16:17 AM, FileAttributes: A"
"12:22:52.1288113 PM","main.exe","24160","CloseFile","C:\Windows\System32\ieframe.dll","SUCCESS",""
"12:22:52.1291937 PM","main.exe","24160","CreateFile","C:\Windows\System32\ieframe.dll","SUCCESS","Desired Access: Read Attributes, Disposition: Open, Options: Open Reparse Point, Attributes: n/a, ShareMode: Read, Write, Delete, AllocationSize: n/a, OpenResult: Opened"
"12:22:52.1292183 PM","main.exe","24160","QueryBasicInformationFile","C:\Windows\System32\ieframe.dll","SUCCESS","CreationTime: 3/11/2026 1:06:42 PM, LastAccessTime: 4/4/2026 12:21:32 PM, LastWriteTime: 3/11/2026 1:06:42 PM, ChangeTime: 3/12/2026 12:16:17 AM, FileAttributes: A"
"12:22:52.1292271 PM","main.exe","24160","CloseFile","C:\Windows\System32\ieframe.dll","SUCCESS",""
"12:22:52.1297658 PM","main.exe","24160","CreateFile","C:\Windows\System32\ieframe.dll","SUCCESS","Desired Access: Read Attributes, Disposition: Open, Options: Open Reparse Point, Attributes: n/a, ShareMode: Read, Write, Delete, AllocationSize: n/a, OpenResult: Opened"
"12:22:52.1297913 PM","main.exe","24160","QueryBasicInformationFile","C:\Windows\System32\ieframe.dll","SUCCESS","CreationTime: 3/11/2026 1:06:42 PM, LastAccessTime: 4/4/2026 12:21:32 PM, LastWriteTime: 3/11/2026 1:06:42 PM, ChangeTime: 3/12/2026 12:16:17 AM, FileAttributes: A"
"12:22:52.1297994 PM","main.exe","24160","CloseFile","C:\Windows\System32\ieframe.dll","SUCCESS",""
"12:22:52.1301057 PM","main.exe","24160","CreateFile","C:\Windows\System32\ieframe.dll","SUCCESS","Desired Access: Read Attributes, Disposition: Open, Options: Open Reparse Point, Attributes: n/a, ShareMode: Read, Write, Delete, AllocationSize: n/a, OpenResult: Opened"
"12:22:52.1301294 PM","main.exe","24160","QueryBasicInformationFile","C:\Windows\System32\ieframe.dll","SUCCESS","CreationTime: 3/11/2026 1:06:42 PM, LastAccessTime: 4/4/2026 12:21:32 PM, LastWriteTime: 3/11/2026 1:06:42 PM, ChangeTime: 3/12/2026 12:16:17 AM, FileAttributes: A"
"12:22:52.1301369 PM","main.exe","24160","CloseFile","C:\Windows\System32\ieframe.dll","SUCCESS",""
"12:22:52.1323825 PM","main.exe","24160","CreateFile","C:\Windows\System32\ieframe.dll","SUCCESS","Desired Access: Read Attributes, Disposition: Open, Options: Open Reparse Point, Attributes: n/a, ShareMode: Read, Write, Delete, AllocationSize: n/a, OpenResult: Opened"
"12:22:52.1324082 PM","main.exe","24160","QueryBasicInformationFile","C:\Windows\System32\ieframe.dll","SUCCESS","CreationTime: 3/11/2026 1:06:42 PM, LastAccessTime: 4/4/2026 12:21:32 PM, LastWriteTime: 3/11/2026 1:06:42 PM, ChangeTime: 3/12/2026 12:16:17 AM, FileAttributes: A"
"12:22:52.1324166 PM","main.exe","24160","CloseFile","C:\Windows\System32\ieframe.dll","SUCCESS",""
"12:22:52.1327184 PM","main.exe","24160","CreateFile","C:\Windows\System32\ieframe.dll","SUCCESS","Desired Access: Read Attributes, Disposition: Open, Options: Open Reparse Point, Attributes: n/a, ShareMode: Read, Write, Delete, AllocationSize: n/a, OpenResult: Opened"
"12:22:52.1327479 PM","main.exe","24160","QueryBasicInformationFile","C:\Windows\System32\ieframe.dll","SUCCESS","CreationTime: 3/11/2026 1:06:42 PM, LastAccessTime: 4/4/2026 12:21:32 PM, LastWriteTime: 3/11/2026 1:06:42 PM, ChangeTime: 3/12/2026 12:16:17 AM, FileAttributes: A"
"12:22:52.1327554 PM","main.exe","24160","CloseFile","C:\Windows\System32\ieframe.dll","SUCCESS",""
"12:22:52.1332639 PM","main.exe","24160","CreateFile","C:\Windows\System32\ieframe.dll","SUCCESS","Desired Access: Read Attributes, Disposition: Open, Options: Open Reparse Point, Attributes: n/a, ShareMode: Read, Write, Delete, AllocationSize: n/a, OpenResult: Opened"
"12:22:52.1332881 PM","main.exe","24160","QueryBasicInformationFile","C:\Windows\System32\ieframe.dll","SUCCESS","CreationTime: 3/11/2026 1:06:42 PM, LastAccessTime: 4/4/2026 12:21:32 PM, LastWriteTime: 3/11/2026 1:06:42 PM, ChangeTime: 3/12/2026 12:16:17 AM, FileAttributes: A"
"12:22:52.1332957 PM","main.exe","24160","CloseFile","C:\Windows\System32\ieframe.dll","SUCCESS",""
"12:22:52.1335846 PM","main.exe","24160","CreateFile","C:\Windows\System32\ieframe.dll","SUCCESS","Desired Access: Read Attributes, Disposition: Open, Options: Open Reparse Point, Attributes: n/a, ShareMode: Read, Write, Delete, AllocationSize: n/a, OpenResult: Opened"
"12:22:52.1336063 PM","main.exe","24160","QueryBasicInformationFile","C:\Windows\System32\ieframe.dll","SUCCESS","CreationTime: 3/11/2026 1:06:42 PM, LastAccessTime: 4/4/2026 12:21:32 PM, LastWriteTime: 3/11/2026 1:06:42 PM, ChangeTime: 3/12/2026 12:16:17 AM, FileAttributes: A"
"12:22:52.1336134 PM","main.exe","24160","CloseFile","C:\Windows\System32\ieframe.dll","SUCCESS",""
"12:22:52.1350687 PM","main.exe","24160","CreateFile","C:\Windows\System32\ieframe.dll","SUCCESS","Desired Access: Read Attributes, Disposition: Open, Options: Open Reparse Point, Attributes: n/a, ShareMode: Read, Write, Delete, AllocationSize: n/a, OpenResult: Opened"
"12:22:52.1351103 PM","main.exe","24160","QueryBasicInformationFile","C:\Windows\System32\ieframe.dll","SUCCESS","CreationTime: 3/11/2026 1:06:42 PM, LastAccessTime: 4/4/2026 12:21:32 PM, LastWriteTime: 3/11/2026 1:06:42 PM, ChangeTime: 3/12/2026 12:16:17 AM, FileAttributes: A"
"12:22:52.1351234 PM","main.exe","24160","CloseFile","C:\Windows\System32\ieframe.dll","SUCCESS",""
"12:22:52.1355784 PM","main.exe","24160","CreateFile","C:\Windows\System32\ieframe.dll","SUCCESS","Desired Access: Read Attributes, Disposition: Open, Options: Open Reparse Point, Attributes: n/a, ShareMode: Read, Write, Delete, AllocationSize: n/a, OpenResult: Opened"
"12:22:52.1356125 PM","main.exe","24160","QueryBasicInformationFile","C:\Windows\System32\ieframe.dll","SUCCESS","CreationTime: 3/11/2026 1:06:42 PM, LastAccessTime: 4/4/2026 12:21:32 PM, LastWriteTime: 3/11/2026 1:06:42 PM, ChangeTime: 3/12/2026 12:16:17 AM, FileAttributes: A"
"12:22:52.1356236 PM","main.exe","24160","CloseFile","C:\Windows\System32\ieframe.dll","SUCCESS",""
"12:22:52.1362470 PM","main.exe","24160","CreateFile","C:\Windows\System32\ieframe.dll","SUCCESS","Desired Access: Read Attributes, Disposition: Open, Options: Open Reparse Point, Attributes: n/a, ShareMode: Read, Write, Delete, AllocationSize: n/a, OpenResult: Opened"
"12:22:52.1362700 PM","main.exe","24160","QueryBasicInformationFile","C:\Windows\System32\ieframe.dll","SUCCESS","CreationTime: 3/11/2026 1:06:42 PM, LastAccessTime: 4/4/2026 12:21:32 PM, LastWriteTime: 3/11/2026 1:06:42 PM, ChangeTime: 3/12/2026 12:16:17 AM, FileAttributes: A"
"12:22:52.1362774 PM","main.exe","24160","CloseFile","C:\Windows\System32\ieframe.dll","SUCCESS",""
"12:22:52.1367864 PM","main.exe","24160","CreateFile","C:\Windows\System32\ieframe.dll","SUCCESS","Desired Access: Read Attributes, Disposition: Open, Options: Open Reparse Point, Attributes: n/a, ShareMode: Read, Write, Delete, AllocationSize: n/a, OpenResult: Opened"
"12:22:52.1368263 PM","main.exe","24160","QueryBasicInformationFile","C:\Windows\System32\ieframe.dll","SUCCESS","CreationTime: 3/11/2026 1:06:42 PM, LastAccessTime: 4/4/2026 12:21:32 PM, LastWriteTime: 3/11/2026 1:06:42 PM, ChangeTime: 3/12/2026 12:16:17 AM, FileAttributes: A"
"12:22:52.1368394 PM","main.exe","24160","CloseFile","C:\Windows\System32\ieframe.dll","SUCCESS",""
"12:22:52.3020314 PM","main.exe","24160","CreateFile","C:\Windows\System32\mmcbase.dll","SUCCESS","Desired Access: Read Attributes, Disposition: Open, Options: Open Reparse Point, Attributes: n/a, ShareMode: Read, Write, Delete, AllocationSize: n/a, OpenResult: Opened"
"12:22:52.3020967 PM","main.exe","24160","QueryBasicInformationFile","C:\Windows\System32\mmcbase.dll","SUCCESS","CreationTime: 11/5/2025 11:25:05 PM, LastAccessTime: 4/2/2026 7:07:28 PM, LastWriteTime: 11/5/2025 11:25:05 PM, ChangeTime: 3/21/2026 12:38:03 PM, FileAttributes: A"
"12:22:52.3021054 PM","main.exe","24160","CloseFile","C:\Windows\System32\mmcbase.dll","SUCCESS",""
"12:22:52.3024547 PM","main.exe","24160","CreateFile","C:\Windows\System32\mmcbase.dll","SUCCESS","Desired Access: Read Attributes, Disposition: Open, Options: Open Reparse Point, Attributes: n/a, ShareMode: Read, Write, Delete, AllocationSize: n/a, OpenResult: Opened"
"12:22:52.3024900 PM","main.exe","24160","QueryBasicInformationFile","C:\Windows\System32\mmcbase.dll","SUCCESS","CreationTime: 11/5/2025 11:25:05 PM, LastAccessTime: 4/2/2026 7:07:28 PM, LastWriteTime: 11/5/2025 11:25:05 PM, ChangeTime: 3/21/2026 12:38:03 PM, FileAttributes: A"
"12:22:52.3024980 PM","main.exe","24160","CloseFile","C:\Windows\System32\mmcbase.dll","SUCCESS",""
"12:22:52.3085619 PM","main.exe","24160","CreateFile","C:\Windows\System32\msimsg.dll","SUCCESS","Desired Access: Read Attributes, Disposition: Open, Options: Open Reparse Point, Attributes: n/a, ShareMode: Read, Write, Delete, AllocationSize: n/a, OpenResult: Opened"
"12:22:52.3085925 PM","main.exe","24160","QueryBasicInformationFile","C:\Windows\System32\msimsg.dll","SUCCESS","CreationTime: 3/11/2026 1:06:42 PM, LastAccessTime: 4/2/2026 5:06:57 PM, LastWriteTime: 3/11/2026 1:06:42 PM, ChangeTime: 3/12/2026 12:16:19 AM, FileAttributes: A"
"12:22:52.3086019 PM","main.exe","24160","CloseFile","C:\Windows\System32\msimsg.dll","SUCCESS",""
"12:22:52.3090050 PM","main.exe","24160","CreateFile","C:\Windows\System32\msimsg.dll","SUCCESS","Desired Access: Read Attributes, Disposition: Open, Options: Open Reparse Point, Attributes: n/a, ShareMode: Read, Write, Delete, AllocationSize: n/a, OpenResult: Opened"
"12:22:52.3090501 PM","main.exe","24160","QueryBasicInformationFile","C:\Windows\System32\msimsg.dll","SUCCESS","CreationTime: 3/11/2026 1:06:42 PM, LastAccessTime: 4/2/2026 5:06:57 PM, LastWriteTime: 3/11/2026 1:06:42 PM, ChangeTime: 3/12/2026 12:16:19 AM, FileAttributes: A"
"12:22:52.3090626 PM","main.exe","24160","CloseFile","C:\Windows\System32\msimsg.dll","SUCCESS",""
"12:22:52.3098743 PM","main.exe","24160","CreateFile","C:\Windows\System32\msimsg.dll","SUCCESS","Desired Access: Read Attributes, Disposition: Open, Options: Open Reparse Point, Attributes: n/a, ShareMode: Read, Write, Delete, AllocationSize: n/a, OpenResult: Opened"
"12:22:52.3099234 PM","main.exe","24160","QueryBasicInformationFile","C:\Windows\System32\msimsg.dll","SUCCESS","CreationTime: 3/11/2026 1:06:42 PM, LastAccessTime: 4/2/2026 5:06:57 PM, LastWriteTime: 3/11/2026 1:06:42 PM, ChangeTime: 3/12/2026 12:16:19 AM, FileAttributes: A"
"12:22:52.3100968 PM","main.exe","24160","CloseFile","C:\Windows\System32\msimsg.dll","SUCCESS",""
"12:22:52.3111620 PM","main.exe","24160","CreateFile","C:\Windows\System32\msimsg.dll","SUCCESS","Desired Access: Read Attributes, Disposition: Open, Options: Open Reparse Point, Attributes: n/a, ShareMode: Read, Write, Delete, AllocationSize: n/a, OpenResult: Opened"
"12:22:52.3111968 PM","main.exe","24160","QueryBasicInformationFile","C:\Windows\System32\msimsg.dll","SUCCESS","CreationTime: 3/11/2026 1:06:42 PM, LastAccessTime: 4/2/2026 5:06:57 PM, LastWriteTime: 3/11/2026 1:06:42 PM, ChangeTime: 3/12/2026 12:16:19 AM, FileAttributes: A"
"12:22:52.3113946 PM","main.exe","24160","CloseFile","C:\Windows\System32\msimsg.dll","SUCCESS",""
"12:22:52.3125652 PM","main.exe","24160","CreateFile","C:\Windows\System32\msimsg.dll","SUCCESS","Desired Access: Read Attributes, Disposition: Open, Options: Open Reparse Point, Attributes: n/a, ShareMode: Read, Write, Delete, AllocationSize: n/a, OpenResult: Opened"
"12:22:52.3126032 PM","main.exe","24160","QueryBasicInformationFile","C:\Windows\System32\msimsg.dll","SUCCESS","CreationTime: 3/11/2026 1:06:42 PM, LastAccessTime: 4/2/2026 5:06:57 PM, LastWriteTime: 3/11/2026 1:06:42 PM, ChangeTime: 3/12/2026 12:16:19 AM, FileAttributes: A"
"12:22:52.3126163 PM","main.exe","24160","CloseFile","C:\Windows\System32\msimsg.dll","SUCCESS",""
"12:22:52.3174569 PM","main.exe","24160","CreateFile","C:\Windows\System32\msimsg.dll","SUCCESS","Desired Access: Read Attributes, Disposition: Open, Options: Open Reparse Point, Attributes: n/a, ShareMode: Read, Write, Delete, AllocationSize: n/a, OpenResult: Opened"
"12:22:52.3175303 PM","main.exe","24160","QueryBasicInformationFile","C:\Windows\System32\msimsg.dll","SUCCESS","CreationTime: 3/11/2026 1:06:42 PM, LastAccessTime: 4/2/2026 5:06:57 PM, LastWriteTime: 3/11/2026 1:06:42 PM, ChangeTime: 3/12/2026 12:16:19 AM, FileAttributes: A"
"12:22:52.3183768 PM","main.exe","24160","CloseFile","C:\Windows\System32\msimsg.dll","SUCCESS",""
"12:22:52.3300615 PM","main.exe","24160","CreateFile","C:\Windows\System32\msimsg.dll","SUCCESS","Desired Access: Read Attributes, Disposition: Open, Options: Open Reparse Point, Attributes: n/a, ShareMode: Read, Write, Delete, AllocationSize: n/a, OpenResult: Opened"
"12:22:52.3301232 PM","main.exe","24160","QueryBasicInformationFile","C:\Windows\System32\msimsg.dll","SUCCESS","CreationTime: 3/11/2026 1:06:42 PM, LastAccessTime: 4/2/2026 5:06:57 PM, LastWriteTime: 3/11/2026 1:06:42 PM, ChangeTime: 3/12/2026 12:16:19 AM, FileAttributes: A"
"12:22:52.3301347 PM","main.exe","24160","CloseFile","C:\Windows\System32\msimsg.dll","SUCCESS",""
"12:22:52.3306817 PM","main.exe","24160","CreateFile","C:\Windows\System32\msimsg.dll","SUCCESS","Desired Access: Read Attributes, Disposition: Open, Options: Open Reparse Point, Attributes: n/a, ShareMode: Read, Write, Delete, AllocationSize: n/a, OpenResult: Opened"
"12:22:52.3307081 PM","main.exe","24160","QueryBasicInformationFile","C:\Windows\System32\msimsg.dll","SUCCESS","CreationTime: 3/11/2026 1:06:42 PM, LastAccessTime: 4/2/2026 5:06:57 PM, LastWriteTime: 3/11/2026 1:06:42 PM, ChangeTime: 3/12/2026 12:16:19 AM, FileAttributes: A"
"12:22:52.3307165 PM","main.exe","24160","CloseFile","C:\Windows\System32\msimsg.dll","SUCCESS",""
"12:22:52.4441434 PM","main.exe","24160","QueryOpen","D:\Work\FingerDraw\FingerDraw\windows-server\Application\shell32.dll","NAME NOT FOUND",""
"12:22:52.4444950 PM","main.exe","24160","CreateFile","C:\Windows\System32\shell32.dll","SUCCESS","Desired Access: Read Attributes, Disposition: Open, Options: Open Reparse Point, Attributes: n/a, ShareMode: Read, Write, Delete, AllocationSize: n/a, OpenResult: Opened"
"12:22:52.4445831 PM","main.exe","24160","QueryBasicInformationFile","C:\Windows\System32\shell32.dll","SUCCESS","CreationTime: 3/11/2026 1:06:46 PM, LastAccessTime: 4/4/2026 12:21:11 PM, LastWriteTime: 3/11/2026 1:06:47 PM, ChangeTime: 3/12/2026 12:16:19 AM, FileAttributes: A"
"12:22:52.4446027 PM","main.exe","24160","CloseFile","C:\Windows\System32\shell32.dll","SUCCESS",""
"12:22:52.4449829 PM","main.exe","24160","QueryOpen","D:\Work\FingerDraw\FingerDraw\windows-server\Application\shell32.dll","NAME NOT FOUND",""
"12:22:52.4453310 PM","main.exe","24160","CreateFile","C:\Windows\System32\shell32.dll","SUCCESS","Desired Access: Read Attributes, Disposition: Open, Options: Open Reparse Point, Attributes: n/a, ShareMode: Read, Write, Delete, AllocationSize: n/a, OpenResult: Opened"
"12:22:52.4453579 PM","main.exe","24160","QueryBasicInformationFile","C:\Windows\System32\shell32.dll","SUCCESS","CreationTime: 3/11/2026 1:06:46 PM, LastAccessTime: 4/4/2026 12:21:11 PM, LastWriteTime: 3/11/2026 1:06:47 PM, ChangeTime: 3/12/2026 12:16:19 AM, FileAttributes: A"
"12:22:52.4453662 PM","main.exe","24160","CloseFile","C:\Windows\System32\shell32.dll","SUCCESS",""
"12:22:52.4491450 PM","main.exe","24160","QueryOpen","D:\Work\FingerDraw\FingerDraw\windows-server\Application\cryptext.dll","NAME NOT FOUND",""
"12:22:52.4495623 PM","main.exe","24160","CreateFile","C:\Windows\System32\cryptext.dll","SUCCESS","Desired Access: Read Attributes, Disposition: Open, Options: Open Reparse Point, Attributes: n/a, ShareMode: Read, Write, Delete, AllocationSize: n/a, OpenResult: Opened"
"12:22:52.4496078 PM","main.exe","24160","QueryBasicInformationFile","C:\Windows\System32\cryptext.dll","SUCCESS","CreationTime: 11/5/2025 11:24:56 PM, LastAccessTime: 4/4/2026 11:35:29 AM, LastWriteTime: 11/5/2025 11:24:56 PM, ChangeTime: 3/11/2026 4:53:44 PM, FileAttributes: A"
"12:22:52.4496234 PM","main.exe","24160","CloseFile","C:\Windows\System32\cryptext.dll","SUCCESS",""
"12:22:52.4500239 PM","main.exe","24160","QueryOpen","D:\Work\FingerDraw\FingerDraw\windows-server\Application\cryptext.dll","NAME NOT FOUND",""
"12:22:52.4503442 PM","main.exe","24160","CreateFile","C:\Windows\System32\cryptext.dll","SUCCESS","Desired Access: Read Attributes, Disposition: Open, Options: Open Reparse Point, Attributes: n/a, ShareMode: Read, Write, Delete, AllocationSize: n/a, OpenResult: Opened"
"12:22:52.4503737 PM","main.exe","24160","QueryBasicInformationFile","C:\Windows\System32\cryptext.dll","SUCCESS","CreationTime: 11/5/2025 11:24:56 PM, LastAccessTime: 4/4/2026 11:35:29 AM, LastWriteTime: 11/5/2025 11:24:56 PM, ChangeTime: 3/11/2026 4:53:44 PM, FileAttributes: A"
"12:22:52.4503825 PM","main.exe","24160","CloseFile","C:\Windows\System32\cryptext.dll","SUCCESS",""
"12:22:52.4522284 PM","main.exe","24160","QueryOpen","D:\Work\FingerDraw\FingerDraw\windows-server\Application\cryptext.dll","NAME NOT FOUND",""
"12:22:52.4526233 PM","main.exe","24160","CreateFile","C:\Windows\System32\cryptext.dll","SUCCESS","Desired Access: Read Attributes, Disposition: Open, Options: Open Reparse Point, Attributes: n/a, ShareMode: Read, Write, Delete, AllocationSize: n/a, OpenResult: Opened"
"12:22:52.4526554 PM","main.exe","24160","QueryBasicInformationFile","C:\Windows\System32\cryptext.dll","SUCCESS","CreationTime: 11/5/2025 11:24:56 PM, LastAccessTime: 4/4/2026 11:35:29 AM, LastWriteTime: 11/5/2025 11:24:56 PM, ChangeTime: 3/11/2026 4:53:44 PM, FileAttributes: A"
"12:22:52.4526650 PM","main.exe","24160","CloseFile","C:\Windows\System32\cryptext.dll","SUCCESS",""
"12:22:52.4530633 PM","main.exe","24160","QueryOpen","D:\Work\FingerDraw\FingerDraw\windows-server\Application\cryptext.dll","NAME NOT FOUND",""
"12:22:52.4533872 PM","main.exe","24160","CreateFile","C:\Windows\System32\cryptext.dll","SUCCESS","Desired Access: Read Attributes, Disposition: Open, Options: Open Reparse Point, Attributes: n/a, ShareMode: Read, Write, Delete, AllocationSize: n/a, OpenResult: Opened"
"12:22:52.4534165 PM","main.exe","24160","QueryBasicInformationFile","C:\Windows\System32\cryptext.dll","SUCCESS","CreationTime: 11/5/2025 11:24:56 PM, LastAccessTime: 4/4/2026 11:35:29 AM, LastWriteTime: 11/5/2025 11:24:56 PM, ChangeTime: 3/11/2026 4:53:44 PM, FileAttributes: A"
"12:22:52.4534249 PM","main.exe","24160","CloseFile","C:\Windows\System32\cryptext.dll","SUCCESS",""
"12:22:52.4566800 PM","main.exe","24160","QueryOpen","D:\Work\FingerDraw\FingerDraw\windows-server\Application\cryptext.dll","NAME NOT FOUND",""
"12:22:52.4569660 PM","main.exe","24160","CreateFile","C:\Windows\System32\cryptext.dll","SUCCESS","Desired Access: Read Attributes, Disposition: Open, Options: Open Reparse Point, Attributes: n/a, ShareMode: Read, Write, Delete, AllocationSize: n/a, OpenResult: Opened"
"12:22:52.4569959 PM","main.exe","24160","QueryBasicInformationFile","C:\Windows\System32\cryptext.dll","SUCCESS","CreationTime: 11/5/2025 11:24:56 PM, LastAccessTime: 4/4/2026 11:35:29 AM, LastWriteTime: 11/5/2025 11:24:56 PM, ChangeTime: 3/11/2026 4:53:44 PM, FileAttributes: A"
"12:22:52.4570058 PM","main.exe","24160","CloseFile","C:\Windows\System32\cryptext.dll","SUCCESS",""
"12:22:52.4572629 PM","main.exe","24160","QueryOpen","D:\Work\FingerDraw\FingerDraw\windows-server\Application\cryptext.dll","NAME NOT FOUND",""
"12:22:52.4574968 PM","main.exe","24160","CreateFile","C:\Windows\System32\cryptext.dll","SUCCESS","Desired Access: Read Attributes, Disposition: Open, Options: Open Reparse Point, Attributes: n/a, ShareMode: Read, Write, Delete, AllocationSize: n/a, OpenResult: Opened"
"12:22:52.4575214 PM","main.exe","24160","QueryBasicInformationFile","C:\Windows\System32\cryptext.dll","SUCCESS","CreationTime: 11/5/2025 11:24:56 PM, LastAccessTime: 4/4/2026 11:35:29 AM, LastWriteTime: 11/5/2025 11:24:56 PM, ChangeTime: 3/11/2026 4:53:44 PM, FileAttributes: A"
"12:22:52.4575289 PM","main.exe","24160","CloseFile","C:\Windows\System32\cryptext.dll","SUCCESS",""
"12:22:52.4621257 PM","main.exe","24160","CreateFile","C:\Windows\System32\ieframe.dll","SUCCESS","Desired Access: Read Attributes, Disposition: Open, Options: Open Reparse Point, Attributes: n/a, ShareMode: Read, Write, Delete, AllocationSize: n/a, OpenResult: Opened"
"12:22:52.4621589 PM","main.exe","24160","QueryBasicInformationFile","C:\Windows\System32\ieframe.dll","SUCCESS","CreationTime: 3/11/2026 1:06:42 PM, LastAccessTime: 4/4/2026 12:21:32 PM, LastWriteTime: 3/11/2026 1:06:42 PM, ChangeTime: 3/12/2026 12:16:17 AM, FileAttributes: A"
"12:22:52.4621693 PM","main.exe","24160","CloseFile","C:\Windows\System32\ieframe.dll","SUCCESS",""
"12:22:52.4625111 PM","main.exe","24160","CreateFile","C:\Windows\System32\ieframe.dll","SUCCESS","Desired Access: Read Attributes, Disposition: Open, Options: Open Reparse Point, Attributes: n/a, ShareMode: Read, Write, Delete, AllocationSize: n/a, OpenResult: Opened"
"12:22:52.4625490 PM","main.exe","24160","QueryBasicInformationFile","C:\Windows\System32\ieframe.dll","SUCCESS","CreationTime: 3/11/2026 1:06:42 PM, LastAccessTime: 4/4/2026 12:21:32 PM, LastWriteTime: 3/11/2026 1:06:42 PM, ChangeTime: 3/12/2026 12:16:17 AM, FileAttributes: A"
"12:22:52.4625566 PM","main.exe","24160","CloseFile","C:\Windows\System32\ieframe.dll","SUCCESS",""
"12:22:52.4637174 PM","main.exe","24160","CreateFile","C:\Windows\System32\ieframe.dll","SUCCESS","Desired Access: Read Attributes, Disposition: Open, Options: Open Reparse Point, Attributes: n/a, ShareMode: Read, Write, Delete, AllocationSize: n/a, OpenResult: Opened"
"12:22:52.4637435 PM","main.exe","24160","QueryBasicInformationFile","C:\Windows\System32\ieframe.dll","SUCCESS","CreationTime: 3/11/2026 1:06:42 PM, LastAccessTime: 4/4/2026 12:21:32 PM, LastWriteTime: 3/11/2026 1:06:42 PM, ChangeTime: 3/12/2026 12:16:17 AM, FileAttributes: A"
"12:22:52.4637520 PM","main.exe","24160","CloseFile","C:\Windows\System32\ieframe.dll","SUCCESS",""
"12:22:52.4640721 PM","main.exe","24160","CreateFile","C:\Windows\System32\ieframe.dll","SUCCESS","Desired Access: Read Attributes, Disposition: Open, Options: Open Reparse Point, Attributes: n/a, ShareMode: Read, Write, Delete, AllocationSize: n/a, OpenResult: Opened"
"12:22:52.4641029 PM","main.exe","24160","QueryBasicInformationFile","C:\Windows\System32\ieframe.dll","SUCCESS","CreationTime: 3/11/2026 1:06:42 PM, LastAccessTime: 4/4/2026 12:21:32 PM, LastWriteTime: 3/11/2026 1:06:42 PM, ChangeTime: 3/12/2026 12:16:17 AM, FileAttributes: A"
"12:22:52.4641106 PM","main.exe","24160","CloseFile","C:\Windows\System32\ieframe.dll","SUCCESS",""
"12:22:52.4760318 PM","main.exe","24160","QueryOpen","D:\Work\FingerDraw\FingerDraw\windows-server\Application\cryptext.dll","NAME NOT FOUND",""
"12:22:52.4763147 PM","main.exe","24160","CreateFile","C:\Windows\System32\cryptext.dll","SUCCESS","Desired Access: Read Attributes, Disposition: Open, Options: Open Reparse Point, Attributes: n/a, ShareMode: Read, Write, Delete, AllocationSize: n/a, OpenResult: Opened"
"12:22:52.4763539 PM","main.exe","24160","QueryBasicInformationFile","C:\Windows\System32\cryptext.dll","SUCCESS","CreationTime: 11/5/2025 11:24:56 PM, LastAccessTime: 4/4/2026 11:35:29 AM, LastWriteTime: 11/5/2025 11:24:56 PM, ChangeTime: 3/11/2026 4:53:44 PM, FileAttributes: A"
"12:22:52.4763650 PM","main.exe","24160","CloseFile","C:\Windows\System32\cryptext.dll","SUCCESS",""
"12:22:52.4766401 PM","main.exe","24160","QueryOpen","D:\Work\FingerDraw\FingerDraw\windows-server\Application\cryptext.dll","NAME NOT FOUND",""
"12:22:52.4768890 PM","main.exe","24160","CreateFile","C:\Windows\System32\cryptext.dll","SUCCESS","Desired Access: Read Attributes, Disposition: Open, Options: Open Reparse Point, Attributes: n/a, ShareMode: Read, Write, Delete, AllocationSize: n/a, OpenResult: Opened"
"12:22:52.4769143 PM","main.exe","24160","QueryBasicInformationFile","C:\Windows\System32\cryptext.dll","SUCCESS","CreationTime: 11/5/2025 11:24:56 PM, LastAccessTime: 4/4/2026 11:35:29 AM, LastWriteTime: 11/5/2025 11:24:56 PM, ChangeTime: 3/11/2026 4:53:44 PM, FileAttributes: A"
"12:22:52.4769225 PM","main.exe","24160","CloseFile","C:\Windows\System32\cryptext.dll","SUCCESS",""
"12:22:52.6749018 PM","main.exe","24160","QueryOpen","D:\Work\FingerDraw\FingerDraw\windows-server\Application\shell32.dll","NAME NOT FOUND",""
"12:22:52.6752564 PM","main.exe","24160","CreateFile","C:\Windows\System32\shell32.dll","SUCCESS","Desired Access: Read Attributes, Disposition: Open, Options: Open Reparse Point, Attributes: n/a, ShareMode: Read, Write, Delete, AllocationSize: n/a, OpenResult: Opened"
"12:22:52.6752981 PM","main.exe","24160","QueryBasicInformationFile","C:\Windows\System32\shell32.dll","SUCCESS","CreationTime: 3/11/2026 1:06:46 PM, LastAccessTime: 4/4/2026 12:21:11 PM, LastWriteTime: 3/11/2026 1:06:47 PM, ChangeTime: 3/12/2026 12:16:19 AM, FileAttributes: A"
"12:22:52.6753092 PM","main.exe","24160","CloseFile","C:\Windows\System32\shell32.dll","SUCCESS",""
"12:22:52.6755896 PM","main.exe","24160","QueryOpen","D:\Work\FingerDraw\FingerDraw\windows-server\Application\shell32.dll","NAME NOT FOUND",""
"12:22:52.6758299 PM","main.exe","24160","CreateFile","C:\Windows\System32\shell32.dll","SUCCESS","Desired Access: Read Attributes, Disposition: Open, Options: Open Reparse Point, Attributes: n/a, ShareMode: Read, Write, Delete, AllocationSize: n/a, OpenResult: Opened"
"12:22:52.6758547 PM","main.exe","24160","QueryBasicInformationFile","C:\Windows\System32\shell32.dll","SUCCESS","CreationTime: 3/11/2026 1:06:46 PM, LastAccessTime: 4/4/2026 12:21:11 PM, LastWriteTime: 3/11/2026 1:06:47 PM, ChangeTime: 3/12/2026 12:16:19 AM, FileAttributes: A"
"12:22:52.6758627 PM","main.exe","24160","CloseFile","C:\Windows\System32\shell32.dll","SUCCESS",""
"12:22:52.6763777 PM","main.exe","24160","QueryOpen","D:\Work\FingerDraw\FingerDraw\windows-server\Application\shell32.dll","NAME NOT FOUND",""
"12:22:52.6769327 PM","main.exe","24160","CreateFile","C:\Windows\System32\shell32.dll","SUCCESS","Desired Access: Read Attributes, Disposition: Open, Options: Open Reparse Point, Attributes: n/a, ShareMode: Read, Write, Delete, AllocationSize: n/a, OpenResult: Opened"
"12:22:52.6769742 PM","main.exe","24160","QueryBasicInformationFile","C:\Windows\System32\shell32.dll","SUCCESS","CreationTime: 3/11/2026 1:06:46 PM, LastAccessTime: 4/4/2026 12:21:11 PM, LastWriteTime: 3/11/2026 1:06:47 PM, ChangeTime: 3/12/2026 12:16:19 AM, FileAttributes: A"
"12:22:52.6769877 PM","main.exe","24160","CloseFile","C:\Windows\System32\shell32.dll","SUCCESS",""
"12:22:52.6773683 PM","main.exe","24160","QueryOpen","D:\Work\FingerDraw\FingerDraw\windows-server\Application\shell32.dll","NAME NOT FOUND",""
"12:22:52.6776429 PM","main.exe","24160","CreateFile","C:\Windows\System32\shell32.dll","SUCCESS","Desired Access: Read Attributes, Disposition: Open, Options: Open Reparse Point, Attributes: n/a, ShareMode: Read, Write, Delete, AllocationSize: n/a, OpenResult: Opened"
"12:22:52.6776741 PM","main.exe","24160","QueryBasicInformationFile","C:\Windows\System32\shell32.dll","SUCCESS","CreationTime: 3/11/2026 1:06:46 PM, LastAccessTime: 4/4/2026 12:21:11 PM, LastWriteTime: 3/11/2026 1:06:47 PM, ChangeTime: 3/12/2026 12:16:19 AM, FileAttributes: A"
"12:22:52.6776849 PM","main.exe","24160","CloseFile","C:\Windows\System32\shell32.dll","SUCCESS",""
"12:22:52.7310331 PM","main.exe","24160","QueryOpen","D:\Work\FingerDraw\FingerDraw\windows-server\Application\cryptext.dll","NAME NOT FOUND",""
"12:22:52.7313970 PM","main.exe","24160","CreateFile","C:\Windows\System32\cryptext.dll","SUCCESS","Desired Access: Read Attributes, Disposition: Open, Options: Open Reparse Point, Attributes: n/a, ShareMode: Read, Write, Delete, AllocationSize: n/a, OpenResult: Opened"
"12:22:52.7314445 PM","main.exe","24160","QueryBasicInformationFile","C:\Windows\System32\cryptext.dll","SUCCESS","CreationTime: 11/5/2025 11:24:56 PM, LastAccessTime: 4/4/2026 11:35:29 AM, LastWriteTime: 11/5/2025 11:24:56 PM, ChangeTime: 3/11/2026 4:53:44 PM, FileAttributes: A"
"12:22:52.7314544 PM","main.exe","24160","CloseFile","C:\Windows\System32\cryptext.dll","SUCCESS",""
"12:22:52.7320745 PM","main.exe","24160","QueryOpen","D:\Work\FingerDraw\FingerDraw\windows-server\Application\cryptext.dll","NAME NOT FOUND",""
"12:22:52.7331910 PM","main.exe","24160","CreateFile","C:\Windows\System32\cryptext.dll","SUCCESS","Desired Access: Read Attributes, Disposition: Open, Options: Open Reparse Point, Attributes: n/a, ShareMode: Read, Write, Delete, AllocationSize: n/a, OpenResult: Opened"
"12:22:52.7332373 PM","main.exe","24160","QueryBasicInformationFile","C:\Windows\System32\cryptext.dll","SUCCESS","CreationTime: 11/5/2025 11:24:56 PM, LastAccessTime: 4/4/2026 11:35:29 AM, LastWriteTime: 11/5/2025 11:24:56 PM, ChangeTime: 3/11/2026 4:53:44 PM, FileAttributes: A"
"12:22:52.7332508 PM","main.exe","24160","CloseFile","C:\Windows\System32\cryptext.dll","SUCCESS",""
"12:22:52.7496499 PM","main.exe","24160","CreateFile","C:\Windows\System32\ieframe.dll","SUCCESS","Desired Access: Read Attributes, Disposition: Open, Options: Open Reparse Point, Attributes: n/a, ShareMode: Read, Write, Delete, AllocationSize: n/a, OpenResult: Opened"
"12:22:52.7497026 PM","main.exe","24160","QueryBasicInformationFile","C:\Windows\System32\ieframe.dll","SUCCESS","CreationTime: 3/11/2026 1:06:42 PM, LastAccessTime: 4/4/2026 12:21:32 PM, LastWriteTime: 3/11/2026 1:06:42 PM, ChangeTime: 3/12/2026 12:16:17 AM, FileAttributes: A"
"12:22:52.7497182 PM","main.exe","24160","CloseFile","C:\Windows\System32\ieframe.dll","SUCCESS",""
"12:22:52.7500999 PM","main.exe","24160","CreateFile","C:\Windows\System32\ieframe.dll","SUCCESS","Desired Access: Read Attributes, Disposition: Open, Options: Open Reparse Point, Attributes: n/a, ShareMode: Read, Write, Delete, AllocationSize: n/a, OpenResult: Opened"
"12:22:52.7501268 PM","main.exe","24160","QueryBasicInformationFile","C:\Windows\System32\ieframe.dll","SUCCESS","CreationTime: 3/11/2026 1:06:42 PM, LastAccessTime: 4/4/2026 12:21:32 PM, LastWriteTime: 3/11/2026 1:06:42 PM, ChangeTime: 3/12/2026 12:16:17 AM, FileAttributes: A"
"12:22:52.7501358 PM","main.exe","24160","CloseFile","C:\Windows\System32\ieframe.dll","SUCCESS",""
"12:22:52.7506472 PM","main.exe","24160","CreateFile","C:\Windows\System32\ieframe.dll","SUCCESS","Desired Access: Read Attributes, Disposition: Open, Options: Open Reparse Point, Attributes: n/a, ShareMode: Read, Write, Delete, AllocationSize: n/a, OpenResult: Opened"
"12:22:52.7506722 PM","main.exe","24160","QueryBasicInformationFile","C:\Windows\System32\ieframe.dll","SUCCESS","CreationTime: 3/11/2026 1:06:42 PM, LastAccessTime: 4/4/2026 12:21:32 PM, LastWriteTime: 3/11/2026 1:06:42 PM, ChangeTime: 3/12/2026 12:16:17 AM, FileAttributes: A"
"12:22:52.7506798 PM","main.exe","24160","CloseFile","C:\Windows\System32\ieframe.dll","SUCCESS",""
"12:22:52.7510246 PM","main.exe","24160","CreateFile","C:\Windows\System32\ieframe.dll","SUCCESS","Desired Access: Read Attributes, Disposition: Open, Options: Open Reparse Point, Attributes: n/a, ShareMode: Read, Write, Delete, AllocationSize: n/a, OpenResult: Opened"
"12:22:52.7510558 PM","main.exe","24160","QueryBasicInformationFile","C:\Windows\System32\ieframe.dll","SUCCESS","CreationTime: 3/11/2026 1:06:42 PM, LastAccessTime: 4/4/2026 12:21:32 PM, LastWriteTime: 3/11/2026 1:06:42 PM, ChangeTime: 3/12/2026 12:16:17 AM, FileAttributes: A"
"12:22:52.7510658 PM","main.exe","24160","CloseFile","C:\Windows\System32\ieframe.dll","SUCCESS",""
"12:22:52.7556817 PM","main.exe","24160","CreateFile","C:\Windows\System32\ieframe.dll","SUCCESS","Desired Access: Read Attributes, Disposition: Open, Options: Open Reparse Point, Attributes: n/a, ShareMode: Read, Write, Delete, AllocationSize: n/a, OpenResult: Opened"
"12:22:52.7557116 PM","main.exe","24160","QueryBasicInformationFile","C:\Windows\System32\ieframe.dll","SUCCESS","CreationTime: 3/11/2026 1:06:42 PM, LastAccessTime: 4/4/2026 12:21:32 PM, LastWriteTime: 3/11/2026 1:06:42 PM, ChangeTime: 3/12/2026 12:16:17 AM, FileAttributes: A"
"12:22:52.7557205 PM","main.exe","24160","CloseFile","C:\Windows\System32\ieframe.dll","SUCCESS",""
"12:22:52.7560267 PM","main.exe","24160","CreateFile","C:\Windows\System32\ieframe.dll","SUCCESS","Desired Access: Read Attributes, Disposition: Open, Options: Open Reparse Point, Attributes: n/a, ShareMode: Read, Write, Delete, AllocationSize: n/a, OpenResult: Opened"
"12:22:52.7560508 PM","main.exe","24160","QueryBasicInformationFile","C:\Windows\System32\ieframe.dll","SUCCESS","CreationTime: 3/11/2026 1:06:42 PM, LastAccessTime: 4/4/2026 12:21:32 PM, LastWriteTime: 3/11/2026 1:06:42 PM, ChangeTime: 3/12/2026 12:16:17 AM, FileAttributes: A"
"12:22:52.7560586 PM","main.exe","24160","CloseFile","C:\Windows\System32\ieframe.dll","SUCCESS",""
"12:22:52.7565395 PM","main.exe","24160","CreateFile","C:\Windows\System32\ieframe.dll","SUCCESS","Desired Access: Read Attributes, Disposition: Open, Options: Open Reparse Point, Attributes: n/a, ShareMode: Read, Write, Delete, AllocationSize: n/a, OpenResult: Opened"
"12:22:52.7565631 PM","main.exe","24160","QueryBasicInformationFile","C:\Windows\System32\ieframe.dll","SUCCESS","CreationTime: 3/11/2026 1:06:42 PM, LastAccessTime: 4/4/2026 12:21:32 PM, LastWriteTime: 3/11/2026 1:06:42 PM, ChangeTime: 3/12/2026 12:16:17 AM, FileAttributes: A"
"12:22:52.7565708 PM","main.exe","24160","CloseFile","C:\Windows\System32\ieframe.dll","SUCCESS",""
"12:22:52.7568718 PM","main.exe","24160","CreateFile","C:\Windows\System32\ieframe.dll","SUCCESS","Desired Access: Read Attributes, Disposition: Open, Options: Open Reparse Point, Attributes: n/a, ShareMode: Read, Write, Delete, AllocationSize: n/a, OpenResult: Opened"
"12:22:52.7568942 PM","main.exe","24160","QueryBasicInformationFile","C:\Windows\System32\ieframe.dll","SUCCESS","CreationTime: 3/11/2026 1:06:42 PM, LastAccessTime: 4/4/2026 12:21:32 PM, LastWriteTime: 3/11/2026 1:06:42 PM, ChangeTime: 3/12/2026 12:16:17 AM, FileAttributes: A"
"12:22:52.7569016 PM","main.exe","24160","CloseFile","C:\Windows\System32\ieframe.dll","SUCCESS",""
"12:22:52.7883096 PM","main.exe","24160","CreateFile","C:\Program Files\Windows Photo Viewer\PhotoViewer.dll","SUCCESS","Desired Access: Read Attributes, Disposition: Open, Options: Open Reparse Point, Attributes: n/a, ShareMode: Read, Write, Delete, AllocationSize: n/a, OpenResult: Opened"
"12:22:52.7883638 PM","main.exe","24160","QueryBasicInformationFile","C:\Program Files\Windows Photo Viewer\PhotoViewer.dll","SUCCESS","CreationTime: 11/5/2025 11:25:09 PM, LastAccessTime: 4/2/2026 12:58:43 AM, LastWriteTime: 11/5/2025 11:25:09 PM, ChangeTime: 3/11/2026 4:53:46 PM, FileAttributes: A"
"12:22:52.7883753 PM","main.exe","24160","CloseFile","C:\Program Files\Windows Photo Viewer\PhotoViewer.dll","SUCCESS",""
"12:22:52.7887793 PM","main.exe","24160","CreateFile","C:\Program Files\Windows Photo Viewer\PhotoViewer.dll","SUCCESS","Desired Access: Read Attributes, Disposition: Open, Options: Open Reparse Point, Attributes: n/a, ShareMode: Read, Write, Delete, AllocationSize: n/a, OpenResult: Opened"
"12:22:52.7888139 PM","main.exe","24160","QueryBasicInformationFile","C:\Program Files\Windows Photo Viewer\PhotoViewer.dll","SUCCESS","CreationTime: 11/5/2025 11:25:09 PM, LastAccessTime: 4/2/2026 12:58:43 AM, LastWriteTime: 11/5/2025 11:25:09 PM, ChangeTime: 3/11/2026 4:53:46 PM, FileAttributes: A"
"12:22:52.7888226 PM","main.exe","24160","CloseFile","C:\Program Files\Windows Photo Viewer\PhotoViewer.dll","SUCCESS",""
"12:22:52.7943758 PM","main.exe","24160","CreateFile","C:\Program Files\Windows Photo Viewer\PhotoViewer.dll","SUCCESS","Desired Access: Read Attributes, Disposition: Open, Options: Open Reparse Point, Attributes: n/a, ShareMode: Read, Write, Delete, AllocationSize: n/a, OpenResult: Opened"
"12:22:52.7944409 PM","main.exe","24160","QueryBasicInformationFile","C:\Program Files\Windows Photo Viewer\PhotoViewer.dll","SUCCESS","CreationTime: 11/5/2025 11:25:09 PM, LastAccessTime: 4/2/2026 12:58:43 AM, LastWriteTime: 11/5/2025 11:25:09 PM, ChangeTime: 3/11/2026 4:53:46 PM, FileAttributes: A"
"12:22:52.7944558 PM","main.exe","24160","CloseFile","C:\Program Files\Windows Photo Viewer\PhotoViewer.dll","SUCCESS",""
"12:22:52.7951502 PM","main.exe","24160","CreateFile","C:\Program Files\Windows Photo Viewer\PhotoViewer.dll","SUCCESS","Desired Access: Read Attributes, Disposition: Open, Options: Open Reparse Point, Attributes: n/a, ShareMode: Read, Write, Delete, AllocationSize: n/a, OpenResult: Opened"
"12:22:52.7952296 PM","main.exe","24160","QueryBasicInformationFile","C:\Program Files\Windows Photo Viewer\PhotoViewer.dll","SUCCESS","CreationTime: 11/5/2025 11:25:09 PM, LastAccessTime: 4/2/2026 12:58:43 AM, LastWriteTime: 11/5/2025 11:25:09 PM, ChangeTime: 3/11/2026 4:53:46 PM, FileAttributes: A"
"12:22:52.7952432 PM","main.exe","24160","CloseFile","C:\Program Files\Windows Photo Viewer\PhotoViewer.dll","SUCCESS",""
"12:22:52.8571988 PM","main.exe","24160","CreateFile","C:\Windows\System32\wshext.dll","SUCCESS","Desired Access: Read Attributes, Disposition: Open, Options: Open Reparse Point, Attributes: n/a, ShareMode: Read, Write, Delete, AllocationSize: n/a, OpenResult: Opened"
"12:22:52.8572731 PM","main.exe","24160","QueryBasicInformationFile","C:\Windows\System32\wshext.dll","SUCCESS","CreationTime: 11/5/2025 11:25:10 PM, LastAccessTime: 4/4/2026 12:00:09 PM, LastWriteTime: 11/5/2025 11:25:10 PM, ChangeTime: 3/11/2026 4:53:44 PM, FileAttributes: A"
"12:22:52.8572903 PM","main.exe","24160","CloseFile","C:\Windows\System32\wshext.dll","SUCCESS",""
"12:22:52.8579029 PM","main.exe","24160","CreateFile","C:\Windows\System32\wshext.dll","SUCCESS","Desired Access: Read Attributes, Disposition: Open, Options: Open Reparse Point, Attributes: n/a, ShareMode: Read, Write, Delete, AllocationSize: n/a, OpenResult: Opened"
"12:22:52.8579457 PM","main.exe","24160","QueryBasicInformationFile","C:\Windows\System32\wshext.dll","SUCCESS","CreationTime: 11/5/2025 11:25:10 PM, LastAccessTime: 4/4/2026 12:00:09 PM, LastWriteTime: 11/5/2025 11:25:10 PM, ChangeTime: 3/11/2026 4:53:44 PM, FileAttributes: A"
"12:22:52.8579562 PM","main.exe","24160","CloseFile","C:\Windows\System32\wshext.dll","SUCCESS",""
"12:22:52.8662416 PM","main.exe","24160","CreateFile","C:\Windows\System32\wshext.dll","SUCCESS","Desired Access: Read Attributes, Disposition: Open, Options: Open Reparse Point, Attributes: n/a, ShareMode: Read, Write, Delete, AllocationSize: n/a, OpenResult: Opened"
"12:22:52.8662887 PM","main.exe","24160","QueryBasicInformationFile","C:\Windows\System32\wshext.dll","SUCCESS","CreationTime: 11/5/2025 11:25:10 PM, LastAccessTime: 4/4/2026 12:00:09 PM, LastWriteTime: 11/5/2025 11:25:10 PM, ChangeTime: 3/11/2026 4:53:44 PM, FileAttributes: A"
"12:22:52.8663020 PM","main.exe","24160","CloseFile","C:\Windows\System32\wshext.dll","SUCCESS",""
"12:22:52.8667577 PM","main.exe","24160","CreateFile","C:\Windows\System32\wshext.dll","SUCCESS","Desired Access: Read Attributes, Disposition: Open, Options: Open Reparse Point, Attributes: n/a, ShareMode: Read, Write, Delete, AllocationSize: n/a, OpenResult: Opened"
"12:22:52.8667921 PM","main.exe","24160","QueryBasicInformationFile","C:\Windows\System32\wshext.dll","SUCCESS","CreationTime: 11/5/2025 11:25:10 PM, LastAccessTime: 4/4/2026 12:00:09 PM, LastWriteTime: 11/5/2025 11:25:10 PM, ChangeTime: 3/11/2026 4:53:44 PM, FileAttributes: A"
"12:22:52.8668042 PM","main.exe","24160","CloseFile","C:\Windows\System32\wshext.dll","SUCCESS",""
"12:22:52.9548306 PM","main.exe","24160","CreateFile","C:\Windows\System32\TSWorkspace.dll","SUCCESS","Desired Access: Read Attributes, Disposition: Open, Options: Open Reparse Point, Attributes: n/a, ShareMode: Read, Write, Delete, AllocationSize: n/a, OpenResult: Opened"
"12:22:52.9548861 PM","main.exe","24160","QueryBasicInformationFile","C:\Windows\System32\TSWorkspace.dll","SUCCESS","CreationTime: 12/13/2025 12:37:05 AM, LastAccessTime: 4/3/2026 9:41:28 PM, LastWriteTime: 12/13/2025 12:37:05 AM, ChangeTime: 3/11/2026 4:53:44 PM, FileAttributes: A"
"12:22:52.9548968 PM","main.exe","24160","CloseFile","C:\Windows\System32\TSWorkspace.dll","SUCCESS",""
"12:22:52.9553699 PM","main.exe","24160","CreateFile","C:\Windows\System32\TSWorkspace.dll","SUCCESS","Desired Access: Read Attributes, Disposition: Open, Options: Open Reparse Point, Attributes: n/a, ShareMode: Read, Write, Delete, AllocationSize: n/a, OpenResult: Opened"
"12:22:52.9554030 PM","main.exe","24160","QueryBasicInformationFile","C:\Windows\System32\TSWorkspace.dll","SUCCESS","CreationTime: 12/13/2025 12:37:05 AM, LastAccessTime: 4/3/2026 9:41:28 PM, LastWriteTime: 12/13/2025 12:37:05 AM, ChangeTime: 3/11/2026 4:53:44 PM, FileAttributes: A"
"12:22:52.9554116 PM","main.exe","24160","CloseFile","C:\Windows\System32\TSWorkspace.dll","SUCCESS",""
"12:22:53.0324093 PM","main.exe","24160","CreateFile","C:\Windows\System32\wshext.dll","SUCCESS","Desired Access: Read Attributes, Disposition: Open, Options: Open Reparse Point, Attributes: n/a, ShareMode: Read, Write, Delete, AllocationSize: n/a, OpenResult: Opened"
"12:22:53.0324550 PM","main.exe","24160","QueryBasicInformationFile","C:\Windows\System32\wshext.dll","SUCCESS","CreationTime: 11/5/2025 11:25:10 PM, LastAccessTime: 4/4/2026 12:00:09 PM, LastWriteTime: 11/5/2025 11:25:10 PM, ChangeTime: 3/11/2026 4:53:44 PM, FileAttributes: A"
"12:22:53.0324678 PM","main.exe","24160","CloseFile","C:\Windows\System32\wshext.dll","SUCCESS",""
"12:22:53.0329358 PM","main.exe","24160","CreateFile","C:\Windows\System32\wshext.dll","SUCCESS","Desired Access: Read Attributes, Disposition: Open, Options: Open Reparse Point, Attributes: n/a, ShareMode: Read, Write, Delete, AllocationSize: n/a, OpenResult: Opened"
"12:22:53.0329870 PM","main.exe","24160","QueryBasicInformationFile","C:\Windows\System32\wshext.dll","SUCCESS","CreationTime: 11/5/2025 11:25:10 PM, LastAccessTime: 4/4/2026 12:00:09 PM, LastWriteTime: 11/5/2025 11:25:10 PM, ChangeTime: 3/11/2026 4:53:44 PM, FileAttributes: A"
"12:22:53.0330010 PM","main.exe","24160","CloseFile","C:\Windows\System32\wshext.dll","SUCCESS",""
"12:22:53.0362870 PM","main.exe","24160","CreateFile","C:\Windows\System32\wshext.dll","SUCCESS","Desired Access: Read Attributes, Disposition: Open, Options: Open Reparse Point, Attributes: n/a, ShareMode: Read, Write, Delete, AllocationSize: n/a, OpenResult: Opened"
"12:22:53.0363189 PM","main.exe","24160","QueryBasicInformationFile","C:\Windows\System32\wshext.dll","SUCCESS","CreationTime: 11/5/2025 11:25:10 PM, LastAccessTime: 4/4/2026 12:00:09 PM, LastWriteTime: 11/5/2025 11:25:10 PM, ChangeTime: 3/11/2026 4:53:44 PM, FileAttributes: A"
"12:22:53.0363278 PM","main.exe","24160","CloseFile","C:\Windows\System32\wshext.dll","SUCCESS",""
"12:22:53.0367198 PM","main.exe","24160","CreateFile","C:\Windows\System32\wshext.dll","SUCCESS","Desired Access: Read Attributes, Disposition: Open, Options: Open Reparse Point, Attributes: n/a, ShareMode: Read, Write, Delete, AllocationSize: n/a, OpenResult: Opened"
"12:22:53.0367435 PM","main.exe","24160","QueryBasicInformationFile","C:\Windows\System32\wshext.dll","SUCCESS","CreationTime: 11/5/2025 11:25:10 PM, LastAccessTime: 4/4/2026 12:00:09 PM, LastWriteTime: 11/5/2025 11:25:10 PM, ChangeTime: 3/11/2026 4:53:44 PM, FileAttributes: A"
"12:22:53.0367515 PM","main.exe","24160","CloseFile","C:\Windows\System32\wshext.dll","SUCCESS",""
"12:22:53.0745297 PM","main.exe","24160","CreateFile","C:\Windows\System32\ieframe.dll","SUCCESS","Desired Access: Read Attributes, Disposition: Open, Options: Open Reparse Point, Attributes: n/a, ShareMode: Read, Write, Delete, AllocationSize: n/a, OpenResult: Opened"
"12:22:53.0746117 PM","main.exe","24160","QueryBasicInformationFile","C:\Windows\System32\ieframe.dll","SUCCESS","CreationTime: 3/11/2026 1:06:42 PM, LastAccessTime: 4/4/2026 12:21:32 PM, LastWriteTime: 3/11/2026 1:06:42 PM, ChangeTime: 3/12/2026 12:16:17 AM, FileAttributes: A"
"12:22:53.0746319 PM","main.exe","24160","CloseFile","C:\Windows\System32\ieframe.dll","SUCCESS",""
"12:22:53.0753121 PM","main.exe","24160","CreateFile","C:\Windows\System32\ieframe.dll","SUCCESS","Desired Access: Read Attributes, Disposition: Open, Options: Open Reparse Point, Attributes: n/a, ShareMode: Read, Write, Delete, AllocationSize: n/a, OpenResult: Opened"
"12:22:53.0753734 PM","main.exe","24160","QueryBasicInformationFile","C:\Windows\System32\ieframe.dll","SUCCESS","CreationTime: 3/11/2026 1:06:42 PM, LastAccessTime: 4/4/2026 12:21:32 PM, LastWriteTime: 3/11/2026 1:06:42 PM, ChangeTime: 3/12/2026 12:16:17 AM, FileAttributes: A"
"12:22:53.0753890 PM","main.exe","24160","CloseFile","C:\Windows\System32\ieframe.dll","SUCCESS",""
"12:22:53.0762210 PM","main.exe","24160","CreateFile","C:\Windows\System32\ieframe.dll","SUCCESS","Desired Access: Read Attributes, Disposition: Open, Options: Open Reparse Point, Attributes: n/a, ShareMode: Read, Write, Delete, AllocationSize: n/a, OpenResult: Opened"
"12:22:53.0762698 PM","main.exe","24160","QueryBasicInformationFile","C:\Windows\System32\ieframe.dll","SUCCESS","CreationTime: 3/11/2026 1:06:42 PM, LastAccessTime: 4/4/2026 12:21:32 PM, LastWriteTime: 3/11/2026 1:06:42 PM, ChangeTime: 3/12/2026 12:16:17 AM, FileAttributes: A"
"12:22:53.0762856 PM","main.exe","24160","CloseFile","C:\Windows\System32\ieframe.dll","SUCCESS",""
"12:22:53.0768106 PM","main.exe","24160","CreateFile","C:\Windows\System32\ieframe.dll","SUCCESS","Desired Access: Read Attributes, Disposition: Open, Options: Open Reparse Point, Attributes: n/a, ShareMode: Read, Write, Delete, AllocationSize: n/a, OpenResult: Opened"
"12:22:53.0768766 PM","main.exe","24160","QueryBasicInformationFile","C:\Windows\System32\ieframe.dll","SUCCESS","CreationTime: 3/11/2026 1:06:42 PM, LastAccessTime: 4/4/2026 12:21:32 PM, LastWriteTime: 3/11/2026 1:06:42 PM, ChangeTime: 3/12/2026 12:16:17 AM, FileAttributes: A"
"12:22:53.0768895 PM","main.exe","24160","CloseFile","C:\Windows\System32\ieframe.dll","SUCCESS",""
"12:22:53.0796946 PM","main.exe","24160","CreateFile","C:\Windows\System32\ieframe.dll","SUCCESS","Desired Access: Read Attributes, Disposition: Open, Options: Open Reparse Point, Attributes: n/a, ShareMode: Read, Write, Delete, AllocationSize: n/a, OpenResult: Opened"
"12:22:53.0797273 PM","main.exe","24160","QueryBasicInformationFile","C:\Windows\System32\ieframe.dll","SUCCESS","CreationTime: 3/11/2026 1:06:42 PM, LastAccessTime: 4/4/2026 12:21:32 PM, LastWriteTime: 3/11/2026 1:06:42 PM, ChangeTime: 3/12/2026 12:16:17 AM, FileAttributes: A"
"12:22:53.0797375 PM","main.exe","24160","CloseFile","C:\Windows\System32\ieframe.dll","SUCCESS",""
"12:22:53.0801536 PM","main.exe","24160","CreateFile","C:\Windows\System32\ieframe.dll","SUCCESS","Desired Access: Read Attributes, Disposition: Open, Options: Open Reparse Point, Attributes: n/a, ShareMode: Read, Write, Delete, AllocationSize: n/a, OpenResult: Opened"
"12:22:53.0801781 PM","main.exe","24160","QueryBasicInformationFile","C:\Windows\System32\ieframe.dll","SUCCESS","CreationTime: 3/11/2026 1:06:42 PM, LastAccessTime: 4/4/2026 12:21:32 PM, LastWriteTime: 3/11/2026 1:06:42 PM, ChangeTime: 3/12/2026 12:16:17 AM, FileAttributes: A"
"12:22:53.0801861 PM","main.exe","24160","CloseFile","C:\Windows\System32\ieframe.dll","SUCCESS",""
"12:22:53.0807535 PM","main.exe","24160","CreateFile","C:\Windows\System32\ieframe.dll","SUCCESS","Desired Access: Read Attributes, Disposition: Open, Options: Open Reparse Point, Attributes: n/a, ShareMode: Read, Write, Delete, AllocationSize: n/a, OpenResult: Opened"
"12:22:53.0807796 PM","main.exe","24160","QueryBasicInformationFile","C:\Windows\System32\ieframe.dll","SUCCESS","CreationTime: 3/11/2026 1:06:42 PM, LastAccessTime: 4/4/2026 12:21:32 PM, LastWriteTime: 3/11/2026 1:06:42 PM, ChangeTime: 3/12/2026 12:16:17 AM, FileAttributes: A"
"12:22:53.0807882 PM","main.exe","24160","CloseFile","C:\Windows\System32\ieframe.dll","SUCCESS",""
"12:22:53.0812334 PM","main.exe","24160","CreateFile","C:\Windows\System32\ieframe.dll","SUCCESS","Desired Access: Read Attributes, Disposition: Open, Options: Open Reparse Point, Attributes: n/a, ShareMode: Read, Write, Delete, AllocationSize: n/a, OpenResult: Opened"
"12:22:53.0812584 PM","main.exe","24160","QueryBasicInformationFile","C:\Windows\System32\ieframe.dll","SUCCESS","CreationTime: 3/11/2026 1:06:42 PM, LastAccessTime: 4/4/2026 12:21:32 PM, LastWriteTime: 3/11/2026 1:06:42 PM, ChangeTime: 3/12/2026 12:16:17 AM, FileAttributes: A"
"12:22:53.0812664 PM","main.exe","24160","CloseFile","C:\Windows\System32\ieframe.dll","SUCCESS",""
"12:22:53.0853067 PM","main.exe","24160","CreateFile","C:\Windows\System32\ieframe.dll","SUCCESS","Desired Access: Read Attributes, Disposition: Open, Options: Open Reparse Point, Attributes: n/a, ShareMode: Read, Write, Delete, AllocationSize: n/a, OpenResult: Opened"
"12:22:53.0853368 PM","main.exe","24160","QueryBasicInformationFile","C:\Windows\System32\ieframe.dll","SUCCESS","CreationTime: 3/11/2026 1:06:42 PM, LastAccessTime: 4/4/2026 12:21:32 PM, LastWriteTime: 3/11/2026 1:06:42 PM, ChangeTime: 3/12/2026 12:16:17 AM, FileAttributes: A"
"12:22:53.0853464 PM","main.exe","24160","CloseFile","C:\Windows\System32\ieframe.dll","SUCCESS",""
"12:22:53.0856975 PM","main.exe","24160","CreateFile","C:\Windows\System32\ieframe.dll","SUCCESS","Desired Access: Read Attributes, Disposition: Open, Options: Open Reparse Point, Attributes: n/a, ShareMode: Read, Write, Delete, AllocationSize: n/a, OpenResult: Opened"
"12:22:53.0857216 PM","main.exe","24160","QueryBasicInformationFile","C:\Windows\System32\ieframe.dll","SUCCESS","CreationTime: 3/11/2026 1:06:42 PM, LastAccessTime: 4/4/2026 12:21:32 PM, LastWriteTime: 3/11/2026 1:06:42 PM, ChangeTime: 3/12/2026 12:16:17 AM, FileAttributes: A"
"12:22:53.0857296 PM","main.exe","24160","CloseFile","C:\Windows\System32\ieframe.dll","SUCCESS",""
"12:22:53.0862179 PM","main.exe","24160","CreateFile","C:\Windows\System32\ieframe.dll","SUCCESS","Desired Access: Read Attributes, Disposition: Open, Options: Open Reparse Point, Attributes: n/a, ShareMode: Read, Write, Delete, AllocationSize: n/a, OpenResult: Opened"
"12:22:53.0862409 PM","main.exe","24160","QueryBasicInformationFile","C:\Windows\System32\ieframe.dll","SUCCESS","CreationTime: 3/11/2026 1:06:42 PM, LastAccessTime: 4/4/2026 12:21:32 PM, LastWriteTime: 3/11/2026 1:06:42 PM, ChangeTime: 3/12/2026 12:16:17 AM, FileAttributes: A"
"12:22:53.0862484 PM","main.exe","24160","CloseFile","C:\Windows\System32\ieframe.dll","SUCCESS",""
"12:22:53.0865335 PM","main.exe","24160","CreateFile","C:\Windows\System32\ieframe.dll","SUCCESS","Desired Access: Read Attributes, Disposition: Open, Options: Open Reparse Point, Attributes: n/a, ShareMode: Read, Write, Delete, AllocationSize: n/a, OpenResult: Opened"
"12:22:53.0865552 PM","main.exe","24160","QueryBasicInformationFile","C:\Windows\System32\ieframe.dll","SUCCESS","CreationTime: 3/11/2026 1:06:42 PM, LastAccessTime: 4/4/2026 12:21:32 PM, LastWriteTime: 3/11/2026 1:06:42 PM, ChangeTime: 3/12/2026 12:16:17 AM, FileAttributes: A"
"12:22:53.0865625 PM","main.exe","24160","CloseFile","C:\Windows\System32\ieframe.dll","SUCCESS",""
"12:22:53.0922310 PM","main.exe","24160","CreateFile","C:\Windows\System32\ieframe.dll","SUCCESS","Desired Access: Read Attributes, Disposition: Open, Options: Open Reparse Point, Attributes: n/a, ShareMode: Read, Write, Delete, AllocationSize: n/a, OpenResult: Opened"
"12:22:53.0922638 PM","main.exe","24160","QueryBasicInformationFile","C:\Windows\System32\ieframe.dll","SUCCESS","CreationTime: 3/11/2026 1:06:42 PM, LastAccessTime: 4/4/2026 12:21:32 PM, LastWriteTime: 3/11/2026 1:06:42 PM, ChangeTime: 3/12/2026 12:16:17 AM, FileAttributes: A"
"12:22:53.0922739 PM","main.exe","24160","CloseFile","C:\Windows\System32\ieframe.dll","SUCCESS",""
"12:22:53.0925921 PM","main.exe","24160","CreateFile","C:\Windows\System32\ieframe.dll","SUCCESS","Desired Access: Read Attributes, Disposition: Open, Options: Open Reparse Point, Attributes: n/a, ShareMode: Read, Write, Delete, AllocationSize: n/a, OpenResult: Opened"
"12:22:53.0926155 PM","main.exe","24160","QueryBasicInformationFile","C:\Windows\System32\ieframe.dll","SUCCESS","CreationTime: 3/11/2026 1:06:42 PM, LastAccessTime: 4/4/2026 12:21:32 PM, LastWriteTime: 3/11/2026 1:06:42 PM, ChangeTime: 3/12/2026 12:16:17 AM, FileAttributes: A"
"12:22:53.0926232 PM","main.exe","24160","CloseFile","C:\Windows\System32\ieframe.dll","SUCCESS",""
"12:22:53.0931898 PM","main.exe","24160","CreateFile","C:\Windows\System32\ieframe.dll","SUCCESS","Desired Access: Read Attributes, Disposition: Open, Options: Open Reparse Point, Attributes: n/a, ShareMode: Read, Write, Delete, AllocationSize: n/a, OpenResult: Opened"
"12:22:53.0932148 PM","main.exe","24160","QueryBasicInformationFile","C:\Windows\System32\ieframe.dll","SUCCESS","CreationTime: 3/11/2026 1:06:42 PM, LastAccessTime: 4/4/2026 12:21:32 PM, LastWriteTime: 3/11/2026 1:06:42 PM, ChangeTime: 3/12/2026 12:16:17 AM, FileAttributes: A"
"12:22:53.0932238 PM","main.exe","24160","CloseFile","C:\Windows\System32\ieframe.dll","SUCCESS",""
"12:22:53.0935408 PM","main.exe","24160","CreateFile","C:\Windows\System32\ieframe.dll","SUCCESS","Desired Access: Read Attributes, Disposition: Open, Options: Open Reparse Point, Attributes: n/a, ShareMode: Read, Write, Delete, AllocationSize: n/a, OpenResult: Opened"
"12:22:53.0935638 PM","main.exe","24160","QueryBasicInformationFile","C:\Windows\System32\ieframe.dll","SUCCESS","CreationTime: 3/11/2026 1:06:42 PM, LastAccessTime: 4/4/2026 12:21:32 PM, LastWriteTime: 3/11/2026 1:06:42 PM, ChangeTime: 3/12/2026 12:16:17 AM, FileAttributes: A"
"12:22:53.0935716 PM","main.exe","24160","CloseFile","C:\Windows\System32\ieframe.dll","SUCCESS",""
"12:22:53.3478992 PM","main.exe","24160","QueryOpen","D:\Work\FingerDraw\FingerDraw\windows-server\Application\xmllite.dll","NAME NOT FOUND",""
"12:22:53.3480611 PM","main.exe","24160","CreateFile","C:\Windows\System32\xmllite.dll","SUCCESS","Desired Access: Read Attributes, Disposition: Open, Options: Open Reparse Point, Attributes: n/a, ShareMode: Read, Write, Delete, AllocationSize: n/a, OpenResult: Opened"
"12:22:53.3481027 PM","main.exe","24160","QueryBasicInformationFile","C:\Windows\System32\xmllite.dll","SUCCESS","CreationTime: 12/13/2025 12:37:07 AM, LastAccessTime: 4/4/2026 12:22:43 PM, LastWriteTime: 12/13/2025 12:37:07 AM, ChangeTime: 3/11/2026 4:53:45 PM, FileAttributes: A"
"12:22:53.3481140 PM","main.exe","24160","CloseFile","C:\Windows\System32\xmllite.dll","SUCCESS",""
"12:22:53.3482107 PM","main.exe","24160","CreateFile","C:\Windows\System32\xmllite.dll","SUCCESS","Desired Access: Read Data/List Directory, Execute/Traverse, Synchronize, Disposition: Open, Options: Synchronous IO Non-Alert, Non-Directory File, Attributes: n/a, ShareMode: Read, Delete, AllocationSize: n/a, OpenResult: Opened"
"12:22:53.3482527 PM","main.exe","24160","CreateFileMapping","C:\Windows\System32\xmllite.dll","FILE LOCKED WITH ONLY READERS","SyncType: SyncTypeCreateSection, PageProtection: PAGE_EXECUTE|PAGE_NOCACHE"
"12:22:53.3482744 PM","main.exe","24160","CreateFileMapping","C:\Windows\System32\xmllite.dll","SUCCESS","SyncType: SyncTypeOther"
"12:22:53.3484027 PM","main.exe","24160","Load Image","C:\Windows\System32\xmllite.dll","SUCCESS","Image Base: 0x7fff9e8d0000, Image Size: 0x43000"
"12:22:53.3485736 PM","main.exe","24160","CloseFile","C:\Windows\System32\xmllite.dll","SUCCESS",""
"12:22:53.3490324 PM","main.exe","24160","CreateFile","C:\Windows\System32\rpcss.dll","SUCCESS","Desired Access: Read Attributes, Disposition: Open, Options: Open Reparse Point, Attributes: n/a, ShareMode: Read, Write, Delete, AllocationSize: n/a, OpenResult: Opened"
"12:22:53.3490830 PM","main.exe","24160","QueryBasicInformationFile","C:\Windows\System32\rpcss.dll","SUCCESS","CreationTime: 3/11/2026 1:06:39 PM, LastAccessTime: 4/4/2026 12:22:43 PM, LastWriteTime: 3/11/2026 1:06:39 PM, ChangeTime: 3/12/2026 12:16:17 AM, FileAttributes: A"
"12:22:53.3490991 PM","main.exe","24160","CloseFile","C:\Windows\System32\rpcss.dll","SUCCESS",""
"12:22:53.3492577 PM","main.exe","24160","CreateFile","C:\Windows\System32\rpcss.dll","SUCCESS","Desired Access: Read Data/List Directory, Execute/Traverse, Synchronize, Disposition: Open, Options: Synchronous IO Non-Alert, Non-Directory File, Attributes: n/a, ShareMode: Read, Delete, AllocationSize: n/a, OpenResult: Opened"
"12:22:53.3493245 PM","main.exe","24160","CreateFileMapping","C:\Windows\System32\rpcss.dll","FILE LOCKED WITH ONLY READERS","SyncType: SyncTypeCreateSection, PageProtection: PAGE_EXECUTE|PAGE_NOCACHE"
"12:22:53.3493548 PM","main.exe","24160","CreateFileMapping","C:\Windows\System32\rpcss.dll","SUCCESS","SyncType: SyncTypeOther"
"12:22:53.3494300 PM","main.exe","24160","CloseFile","C:\Windows\System32\rpcss.dll","SUCCESS",""
"12:22:53.3503410 PM","main.exe","24160","CreateFile","C:\ProgramData\A-Volute\A-Volute.Nahimic\Modules\Scheduled\x64\AudioDevProps2.dll","SUCCESS","Desired Access: Read Attributes, Disposition: Open, Options: Open Reparse Point, Attributes: n/a, ShareMode: Read, Write, Delete, AllocationSize: n/a, OpenResult: Opened"
"12:22:53.3503798 PM","main.exe","24160","QueryBasicInformationFile","C:\ProgramData\A-Volute\A-Volute.Nahimic\Modules\Scheduled\x64\AudioDevProps2.dll","SUCCESS","CreationTime: 1/5/2026 9:45:02 PM, LastAccessTime: 4/4/2026 12:21:50 PM, LastWriteTime: 1/5/2026 8:43:37 PM, ChangeTime: 4/2/2026 5:06:52 PM, FileAttributes: ANCI"
"12:22:53.3503977 PM","main.exe","24160","CloseFile","C:\ProgramData\A-Volute\A-Volute.Nahimic\Modules\Scheduled\x64\AudioDevProps2.dll","SUCCESS",""
"12:22:53.3505229 PM","main.exe","24160","CreateFile","C:\ProgramData\A-Volute\A-Volute.Nahimic\Modules\Scheduled\x64\AudioDevProps2.dll","SUCCESS","Desired Access: Read Data/List Directory, Execute/Traverse, Synchronize, Disposition: Open, Options: Synchronous IO Non-Alert, Non-Directory File, Attributes: n/a, ShareMode: Read, Delete, AllocationSize: n/a, OpenResult: Opened"
"12:22:53.3505721 PM","main.exe","24160","CreateFileMapping","C:\ProgramData\A-Volute\A-Volute.Nahimic\Modules\Scheduled\x64\AudioDevProps2.dll","FILE LOCKED WITH ONLY READERS","SyncType: SyncTypeCreateSection, PageProtection: PAGE_EXECUTE"
"12:22:53.3506047 PM","main.exe","24160","CreateFileMapping","C:\ProgramData\A-Volute\A-Volute.Nahimic\Modules\Scheduled\x64\AudioDevProps2.dll","SUCCESS","SyncType: SyncTypeOther"
"12:22:53.3507167 PM","main.exe","24160","Load Image","C:\ProgramData\A-Volute\A-Volute.Nahimic\Modules\Scheduled\x64\AudioDevProps2.dll","SUCCESS","Image Base: 0x7fff5ba00000, Image Size: 0x133000"
"12:22:53.3510398 PM","main.exe","24160","CloseFile","C:\ProgramData\A-Volute\A-Volute.Nahimic\Modules\Scheduled\x64\AudioDevProps2.dll","SUCCESS",""
"12:22:53.4096636 PM","main.exe","24160","QueryNameInformationFile","C:\Windows\System32\combase.dll","SUCCESS","Name: \Windows\System32\combase.dll"
"12:22:53.4097013 PM","main.exe","24160","QueryNameInformationFile","C:\Windows\System32\combase.dll","SUCCESS","Name: \Windows\System32\combase.dll"
"12:22:53.4097195 PM","main.exe","24160","QueryNameInformationFile","C:\Windows\System32\combase.dll","SUCCESS","Name: \Windows\System32\combase.dll"
"12:22:53.4097360 PM","main.exe","24160","QueryNameInformationFile","C:\Windows\System32\combase.dll","SUCCESS","Name: \Windows\System32\combase.dll"
"12:22:53.4111762 PM","main.exe","24160","Load Image","C:\Windows\System32\clbcatq.dll","SUCCESS","Image Base: 0x7fffa8340000, Image Size: 0xae000"
"12:22:53.4125107 PM","main.exe","24160","CreateFile","C:\Windows\System32\AppXDeploymentClient.dll","SUCCESS","Desired Access: Read Attributes, Disposition: Open, Options: Open Reparse Point, Attributes: n/a, ShareMode: Read, Write, Delete, AllocationSize: n/a, OpenResult: Opened"
"12:22:53.4125370 PM","main.exe","24160","QueryBasicInformationFile","C:\Windows\System32\AppXDeploymentClient.dll","SUCCESS","CreationTime: 3/11/2026 1:06:38 PM, LastAccessTime: 4/4/2026 12:22:43 PM, LastWriteTime: 3/11/2026 1:06:38 PM, ChangeTime: 3/12/2026 12:16:24 AM, FileAttributes: A"
"12:22:53.4125479 PM","main.exe","24160","CloseFile","C:\Windows\System32\AppXDeploymentClient.dll","SUCCESS",""
"12:22:53.4128954 PM","main.exe","24160","CreateFile","C:\Windows\System32\AppXDeploymentClient.dll","SUCCESS","Desired Access: Read Data/List Directory, Execute/Traverse, Synchronize, Disposition: Open, Options: Synchronous IO Non-Alert, Non-Directory File, Attributes: n/a, ShareMode: Read, Delete, AllocationSize: n/a, OpenResult: Opened"
"12:22:53.4129450 PM","main.exe","24160","CreateFileMapping","C:\Windows\System32\AppXDeploymentClient.dll","FILE LOCKED WITH ONLY READERS","SyncType: SyncTypeCreateSection, PageProtection: PAGE_EXECUTE|PAGE_NOCACHE"
"12:22:53.4129705 PM","main.exe","24160","CreateFileMapping","C:\Windows\System32\AppXDeploymentClient.dll","SUCCESS","SyncType: SyncTypeOther"
"12:22:53.4131063 PM","main.exe","24160","Load Image","C:\Windows\System32\AppXDeploymentClient.dll","SUCCESS","Image Base: 0x7fff9eef0000, Image Size: 0x16a000"
"12:22:53.4134107 PM","main.exe","24160","CloseFile","C:\Windows\System32\AppXDeploymentClient.dll","SUCCESS",""
"12:22:53.4231942 PM","main.exe","24160","CreateFile","C:\Windows\System32\Windows.ApplicationModel.dll","SUCCESS","Desired Access: Read Attributes, Disposition: Open, Options: Open Reparse Point, Attributes: n/a, ShareMode: Read, Write, Delete, AllocationSize: n/a, OpenResult: Opened"
"12:22:53.4232919 PM","main.exe","24160","QueryBasicInformationFile","C:\Windows\System32\Windows.ApplicationModel.dll","SUCCESS","CreationTime: 3/11/2026 1:06:52 PM, LastAccessTime: 4/4/2026 12:21:50 PM, LastWriteTime: 3/11/2026 1:06:52 PM, ChangeTime: 3/12/2026 12:16:20 AM, FileAttributes: A"
"12:22:53.4233606 PM","main.exe","24160","CloseFile","C:\Windows\System32\Windows.ApplicationModel.dll","SUCCESS",""
"12:22:53.4235294 PM","main.exe","24160","CreateFile","C:\Windows\System32\Windows.ApplicationModel.dll","SUCCESS","Desired Access: Read Data/List Directory, Execute/Traverse, Synchronize, Disposition: Open, Options: Synchronous IO Non-Alert, Non-Directory File, Attributes: n/a, ShareMode: Read, Delete, AllocationSize: n/a, OpenResult: Opened"
"12:22:53.4235844 PM","main.exe","24160","CreateFileMapping","C:\Windows\System32\Windows.ApplicationModel.dll","FILE LOCKED WITH ONLY READERS","SyncType: SyncTypeCreateSection, PageProtection: PAGE_EXECUTE|PAGE_NOCACHE"
"12:22:53.4237844 PM","main.exe","24160","CreateFileMapping","C:\Windows\System32\Windows.ApplicationModel.dll","SUCCESS","SyncType: SyncTypeOther"
"12:22:53.4239256 PM","main.exe","24160","Load Image","C:\Windows\System32\Windows.ApplicationModel.dll","SUCCESS","Image Base: 0x7fff7cb70000, Image Size: 0xd6000"
"12:22:53.4241698 PM","main.exe","24160","CloseFile","C:\Windows\System32\Windows.ApplicationModel.dll","SUCCESS",""
"12:22:53.4257751 PM","main.exe","24160","ReadFile","C:\Windows\System32\Windows.ApplicationModel.dll","SUCCESS","Offset: 757,760, Length: 16,384, I/O Flags: Non-cached, Paging I/O, Synchronous Paging I/O, Priority: Normal"
"12:22:53.4413029 PM","main.exe","24160","CreateFile","C:\Windows\System32\rpcss.dll","SUCCESS","Desired Access: Read Attributes, Disposition: Open, Options: Open Reparse Point, Attributes: n/a, ShareMode: Read, Write, Delete, AllocationSize: n/a, OpenResult: Opened"
"12:22:53.4413520 PM","main.exe","24160","QueryBasicInformationFile","C:\Windows\System32\rpcss.dll","SUCCESS","CreationTime: 3/11/2026 1:06:39 PM, LastAccessTime: 4/4/2026 12:22:53 PM, LastWriteTime: 3/11/2026 1:06:39 PM, ChangeTime: 3/12/2026 12:16:17 AM, FileAttributes: A"
"12:22:53.4413672 PM","main.exe","24160","CloseFile","C:\Windows\System32\rpcss.dll","SUCCESS",""
"12:22:53.4414825 PM","main.exe","24160","CreateFile","C:\Windows\System32\rpcss.dll","SUCCESS","Desired Access: Read Data/List Directory, Execute/Traverse, Synchronize, Disposition: Open, Options: Synchronous IO Non-Alert, Non-Directory File, Attributes: n/a, ShareMode: Read, Delete, AllocationSize: n/a, OpenResult: Opened"
"12:22:53.4415351 PM","main.exe","24160","CreateFileMapping","C:\Windows\System32\rpcss.dll","FILE LOCKED WITH ONLY READERS","SyncType: SyncTypeCreateSection, PageProtection: PAGE_EXECUTE|PAGE_NOCACHE"
"12:22:53.4415638 PM","main.exe","24160","CreateFileMapping","C:\Windows\System32\rpcss.dll","SUCCESS","SyncType: SyncTypeOther"
"12:22:53.4416126 PM","main.exe","24160","CloseFile","C:\Windows\System32\rpcss.dll","SUCCESS",""
"12:22:53.4478369 PM","main.exe","24160","CreateFile","C:\Windows\System32\Windows.StateRepositoryPS.dll","SUCCESS","Desired Access: Read Attributes, Disposition: Open, Options: Open Reparse Point, Attributes: n/a, ShareMode: Read, Write, Delete, AllocationSize: n/a, OpenResult: Opened"
"12:22:53.4478683 PM","main.exe","24160","QueryBasicInformationFile","C:\Windows\System32\Windows.StateRepositoryPS.dll","SUCCESS","CreationTime: 3/11/2026 1:06:52 PM, LastAccessTime: 4/4/2026 12:22:50 PM, LastWriteTime: 3/11/2026 1:06:52 PM, ChangeTime: 3/12/2026 12:16:23 AM, FileAttributes: A"
"12:22:53.4478813 PM","main.exe","24160","CloseFile","C:\Windows\System32\Windows.StateRepositoryPS.dll","SUCCESS",""
"12:22:53.4479672 PM","main.exe","24160","CreateFile","C:\Windows\System32\Windows.StateRepositoryPS.dll","SUCCESS","Desired Access: Read Data/List Directory, Execute/Traverse, Synchronize, Disposition: Open, Options: Synchronous IO Non-Alert, Non-Directory File, Attributes: n/a, ShareMode: Read, Delete, AllocationSize: n/a, OpenResult: Opened"
"12:22:53.4480057 PM","main.exe","24160","CreateFileMapping","C:\Windows\System32\Windows.StateRepositoryPS.dll","FILE LOCKED WITH ONLY READERS","SyncType: SyncTypeCreateSection, PageProtection: PAGE_EXECUTE|PAGE_NOCACHE"
"12:22:53.4480305 PM","main.exe","24160","CreateFileMapping","C:\Windows\System32\Windows.StateRepositoryPS.dll","SUCCESS","SyncType: SyncTypeOther"
"12:22:53.4481668 PM","main.exe","24160","Load Image","C:\Windows\System32\Windows.StateRepositoryPS.dll","SUCCESS","Image Base: 0x7fff7ce70000, Image Size: 0xc4000"
"12:22:53.4482800 PM","main.exe","24160","CloseFile","C:\Windows\System32\Windows.StateRepositoryPS.dll","SUCCESS",""
"12:22:53.4504063 PM","main.exe","24160","CreateFile","C:\Windows\System32\Windows.StateRepositoryBroker.dll","SUCCESS","Desired Access: Read Attributes, Disposition: Open, Options: Open Reparse Point, Attributes: n/a, ShareMode: Read, Write, Delete, AllocationSize: n/a, OpenResult: Opened"
"12:22:53.4504321 PM","main.exe","24160","QueryBasicInformationFile","C:\Windows\System32\Windows.StateRepositoryBroker.dll","SUCCESS","CreationTime: 3/11/2026 1:06:52 PM, LastAccessTime: 4/4/2026 12:21:48 PM, LastWriteTime: 3/11/2026 1:06:52 PM, ChangeTime: 3/12/2026 12:16:17 AM, FileAttributes: A"
"12:22:53.4504431 PM","main.exe","24160","CloseFile","C:\Windows\System32\Windows.StateRepositoryBroker.dll","SUCCESS",""
"12:22:53.4505230 PM","main.exe","24160","CreateFile","C:\Windows\System32\Windows.StateRepositoryBroker.dll","SUCCESS","Desired Access: Read Data/List Directory, Execute/Traverse, Synchronize, Disposition: Open, Options: Synchronous IO Non-Alert, Non-Directory File, Attributes: n/a, ShareMode: Read, Delete, AllocationSize: n/a, OpenResult: Opened"
"12:22:53.4505534 PM","main.exe","24160","CreateFileMapping","C:\Windows\System32\Windows.StateRepositoryBroker.dll","FILE LOCKED WITH ONLY READERS","SyncType: SyncTypeCreateSection, PageProtection: PAGE_EXECUTE|PAGE_NOCACHE"
"12:22:53.4505732 PM","main.exe","24160","CreateFileMapping","C:\Windows\System32\Windows.StateRepositoryBroker.dll","SUCCESS","SyncType: SyncTypeOther"
"12:22:53.4506813 PM","main.exe","24160","Load Image","C:\Windows\System32\Windows.StateRepositoryBroker.dll","SUCCESS","Image Base: 0x7fff735a0000, Image Size: 0x23000"
"12:22:53.4508249 PM","main.exe","24160","CloseFile","C:\Windows\System32\Windows.StateRepositoryBroker.dll","SUCCESS",""
"12:22:53.4509709 PM","main.exe","24160","ReadFile","C:\Windows\System32\Windows.StateRepositoryBroker.dll","SUCCESS","Offset: 81,920, Length: 4,096, I/O Flags: Non-cached, Paging I/O, Synchronous Paging I/O, Priority: Normal"
"12:22:53.4546465 PM","main.exe","24160","CreateFile","C:\Windows\System32\MrmCoreR.dll","SUCCESS","Desired Access: Read Attributes, Disposition: Open, Options: Open Reparse Point, Attributes: n/a, ShareMode: Read, Write, Delete, AllocationSize: n/a, OpenResult: Opened"
"12:22:53.4546998 PM","main.exe","24160","QueryBasicInformationFile","C:\Windows\System32\MrmCoreR.dll","SUCCESS","CreationTime: 3/11/2026 1:06:39 PM, LastAccessTime: 4/4/2026 12:22:44 PM, LastWriteTime: 3/11/2026 1:06:40 PM, ChangeTime: 3/12/2026 12:16:18 AM, FileAttributes: A"
"12:22:53.4547158 PM","main.exe","24160","CloseFile","C:\Windows\System32\MrmCoreR.dll","SUCCESS",""
"12:22:53.4548356 PM","main.exe","24160","CreateFile","C:\Windows\System32\MrmCoreR.dll","SUCCESS","Desired Access: Read Data/List Directory, Execute/Traverse, Synchronize, Disposition: Open, Options: Synchronous IO Non-Alert, Non-Directory File, Attributes: n/a, ShareMode: Read, Delete, AllocationSize: n/a, OpenResult: Opened"
"12:22:53.4548831 PM","main.exe","24160","CreateFileMapping","C:\Windows\System32\MrmCoreR.dll","FILE LOCKED WITH ONLY READERS","SyncType: SyncTypeCreateSection, PageProtection: PAGE_EXECUTE|PAGE_NOCACHE"
"12:22:53.4549023 PM","main.exe","24160","CreateFileMapping","C:\Windows\System32\MrmCoreR.dll","SUCCESS","SyncType: SyncTypeOther"
"12:22:53.4550102 PM","main.exe","24160","Load Image","C:\Windows\System32\MrmCoreR.dll","SUCCESS","Image Base: 0x7fff83b60000, Image Size: 0x114000"
"12:22:53.4551112 PM","main.exe","24160","CloseFile","C:\Windows\System32\MrmCoreR.dll","SUCCESS",""
"12:22:53.4555292 PM","main.exe","24160","CreateFile","C:\Windows\System32\iertutil.dll","SUCCESS","Desired Access: Read Attributes, Disposition: Open, Options: Open Reparse Point, Attributes: n/a, ShareMode: Read, Write, Delete, AllocationSize: n/a, OpenResult: Opened"
"12:22:53.4555647 PM","main.exe","24160","QueryBasicInformationFile","C:\Windows\System32\iertutil.dll","SUCCESS","CreationTime: 3/11/2026 1:06:42 PM, LastAccessTime: 4/4/2026 12:22:50 PM, LastWriteTime: 3/11/2026 1:06:42 PM, ChangeTime: 3/12/2026 12:16:20 AM, FileAttributes: A"
"12:22:53.4555751 PM","main.exe","24160","CloseFile","C:\Windows\System32\iertutil.dll","SUCCESS",""
"12:22:53.4557556 PM","main.exe","24160","CreateFile","C:\Windows\System32\iertutil.dll","SUCCESS","Desired Access: Read Data/List Directory, Execute/Traverse, Synchronize, Disposition: Open, Options: Synchronous IO Non-Alert, Non-Directory File, Attributes: n/a, ShareMode: Read, Delete, AllocationSize: n/a, OpenResult: Opened"
"12:22:53.4559815 PM","main.exe","24160","CreateFileMapping","C:\Windows\System32\iertutil.dll","FILE LOCKED WITH ONLY READERS","SyncType: SyncTypeCreateSection, PageProtection: PAGE_EXECUTE|PAGE_NOCACHE"
"12:22:53.4560137 PM","main.exe","24160","CreateFileMapping","C:\Windows\System32\iertutil.dll","SUCCESS","SyncType: SyncTypeOther"
"12:22:53.4561686 PM","main.exe","24160","Load Image","C:\Windows\System32\iertutil.dll","SUCCESS","Image Base: 0x7fff8fb60000, Image Size: 0x2c4000"
"12:22:53.4562914 PM","main.exe","24160","CloseFile","C:\Windows\System32\iertutil.dll","SUCCESS",""
"12:22:53.4568127 PM","main.exe","24160","CreateFile","C:\Windows\System32\srvcli.dll","SUCCESS","Desired Access: Read Attributes, Disposition: Open, Options: Open Reparse Point, Attributes: n/a, ShareMode: Read, Write, Delete, AllocationSize: n/a, OpenResult: Opened"
"12:22:53.4568382 PM","main.exe","24160","CreateFile","C:\Windows\System32\netutils.dll","SUCCESS","Desired Access: Read Attributes, Disposition: Open, Options: Open Reparse Point, Attributes: n/a, ShareMode: Read, Write, Delete, AllocationSize: n/a, OpenResult: Opened"
"12:22:53.4568548 PM","main.exe","24160","QueryBasicInformationFile","C:\Windows\System32\srvcli.dll","SUCCESS","CreationTime: 9/6/2024 9:33:14 AM, LastAccessTime: 4/4/2026 12:22:50 PM, LastWriteTime: 9/6/2024 9:33:14 AM, ChangeTime: 3/11/2026 4:53:45 PM, FileAttributes: A"
"12:22:53.4568664 PM","main.exe","24160","CloseFile","C:\Windows\System32\srvcli.dll","SUCCESS",""
"12:22:53.4568745 PM","main.exe","24160","QueryBasicInformationFile","C:\Windows\System32\netutils.dll","SUCCESS","CreationTime: 1/6/2025 3:38:37 PM, LastAccessTime: 4/4/2026 12:22:50 PM, LastWriteTime: 1/6/2025 3:36:18 PM, ChangeTime: 3/11/2026 4:53:45 PM, FileAttributes: A"
"12:22:53.4568859 PM","main.exe","24160","CloseFile","C:\Windows\System32\netutils.dll","SUCCESS",""
"12:22:53.4570156 PM","main.exe","24160","CreateFile","C:\Windows\System32\srvcli.dll","SUCCESS","Desired Access: Read Data/List Directory, Execute/Traverse, Synchronize, Disposition: Open, Options: Synchronous IO Non-Alert, Non-Directory File, Attributes: n/a, ShareMode: Read, Delete, AllocationSize: n/a, OpenResult: Opened"
"12:22:53.4570283 PM","main.exe","24160","CreateFile","C:\Windows\System32\netutils.dll","SUCCESS","Desired Access: Read Data/List Directory, Execute/Traverse, Synchronize, Disposition: Open, Options: Synchronous IO Non-Alert, Non-Directory File, Attributes: n/a, ShareMode: Read, Delete, AllocationSize: n/a, OpenResult: Opened"
"12:22:53.4570542 PM","main.exe","24160","CreateFileMapping","C:\Windows\System32\srvcli.dll","FILE LOCKED WITH ONLY READERS","SyncType: SyncTypeCreateSection, PageProtection: PAGE_EXECUTE|PAGE_NOCACHE"
"12:22:53.4570686 PM","main.exe","24160","CreateFileMapping","C:\Windows\System32\netutils.dll","FILE LOCKED WITH ONLY READERS","SyncType: SyncTypeCreateSection, PageProtection: PAGE_EXECUTE|PAGE_NOCACHE"
"12:22:53.4570728 PM","main.exe","24160","CreateFileMapping","C:\Windows\System32\srvcli.dll","SUCCESS","SyncType: SyncTypeOther"
"12:22:53.4570880 PM","main.exe","24160","CreateFileMapping","C:\Windows\System32\netutils.dll","SUCCESS","SyncType: SyncTypeOther"
"12:22:53.4571676 PM","main.exe","24160","Load Image","C:\Windows\System32\srvcli.dll","SUCCESS","Image Base: 0x7fff9b7a0000, Image Size: 0x29000"
"12:22:53.4571748 PM","main.exe","24160","Load Image","C:\Windows\System32\netutils.dll","SUCCESS","Image Base: 0x7fffa3620000, Image Size: 0xd000"
"12:22:53.4572865 PM","main.exe","24160","CloseFile","C:\Windows\System32\srvcli.dll","SUCCESS",""
"12:22:53.4572924 PM","main.exe","24160","CloseFile","C:\Windows\System32\netutils.dll","SUCCESS",""
"12:22:53.4599092 PM","main.exe","24160","CreateFile","C:\Windows\System32\Windows.StateRepositoryCore.dll","SUCCESS","Desired Access: Read Attributes, Disposition: Open, Options: Open Reparse Point, Attributes: n/a, ShareMode: Read, Write, Delete, AllocationSize: n/a, OpenResult: Opened"
"12:22:53.4599427 PM","main.exe","24160","QueryBasicInformationFile","C:\Windows\System32\Windows.StateRepositoryCore.dll","SUCCESS","CreationTime: 3/11/2026 1:06:52 PM, LastAccessTime: 4/4/2026 12:22:43 PM, LastWriteTime: 3/11/2026 1:06:52 PM, ChangeTime: 3/12/2026 12:16:20 AM, FileAttributes: A"
"12:22:53.4599546 PM","main.exe","24160","CloseFile","C:\Windows\System32\Windows.StateRepositoryCore.dll","SUCCESS",""
"12:22:53.4601477 PM","main.exe","24160","CreateFile","C:\Windows\System32\Windows.StateRepositoryCore.dll","SUCCESS","Desired Access: Read Data/List Directory, Execute/Traverse, Synchronize, Disposition: Open, Options: Synchronous IO Non-Alert, Non-Directory File, Attributes: n/a, ShareMode: Read, Delete, AllocationSize: n/a, OpenResult: Opened"
"12:22:53.4601867 PM","main.exe","24160","CreateFileMapping","C:\Windows\System32\Windows.StateRepositoryCore.dll","FILE LOCKED WITH ONLY READERS","SyncType: SyncTypeCreateSection, PageProtection: PAGE_EXECUTE|PAGE_NOCACHE"
"12:22:53.4602134 PM","main.exe","24160","CreateFileMapping","C:\Windows\System32\Windows.StateRepositoryCore.dll","SUCCESS","SyncType: SyncTypeOther"
"12:22:53.4603500 PM","main.exe","24160","Load Image","C:\Windows\System32\Windows.StateRepositoryCore.dll","SUCCESS","Image Base: 0x7fff9ada0000, Image Size: 0x1a000"
"12:22:53.4604849 PM","main.exe","24160","CloseFile","C:\Windows\System32\Windows.StateRepositoryCore.dll","SUCCESS",""
"12:22:53.4630089 PM","main.exe","24160","CreateFile","C:\Windows\System32\profapi.dll","SUCCESS","Desired Access: Read Attributes, Disposition: Open, Options: Open Reparse Point, Attributes: n/a, ShareMode: Read, Write, Delete, AllocationSize: n/a, OpenResult: Opened"
"12:22:53.4630438 PM","main.exe","24160","QueryBasicInformationFile","C:\Windows\System32\profapi.dll","SUCCESS","CreationTime: 12/13/2025 12:37:01 AM, LastAccessTime: 4/4/2026 12:22:43 PM, LastWriteTime: 12/13/2025 12:37:01 AM, ChangeTime: 3/11/2026 4:53:45 PM, FileAttributes: A"
"12:22:53.4630547 PM","main.exe","24160","CloseFile","C:\Windows\System32\profapi.dll","SUCCESS",""
"12:22:53.4631872 PM","main.exe","24160","CreateFile","C:\Windows\System32\profapi.dll","SUCCESS","Desired Access: Read Data/List Directory, Execute/Traverse, Synchronize, Disposition: Open, Options: Synchronous IO Non-Alert, Non-Directory File, Attributes: n/a, ShareMode: Read, Delete, AllocationSize: n/a, OpenResult: Opened"
"12:22:53.4632299 PM","main.exe","24160","CreateFileMapping","C:\Windows\System32\profapi.dll","FILE LOCKED WITH ONLY READERS","SyncType: SyncTypeCreateSection, PageProtection: PAGE_EXECUTE|PAGE_NOCACHE"
"12:22:53.4632514 PM","main.exe","24160","CreateFileMapping","C:\Windows\System32\profapi.dll","SUCCESS","SyncType: SyncTypeOther"
"12:22:53.4633431 PM","main.exe","24160","Load Image","C:\Windows\System32\profapi.dll","SUCCESS","Image Base: 0x7fffa4e20000, Image Size: 0x29000"
"12:22:53.4634276 PM","main.exe","24160","CloseFile","C:\Windows\System32\profapi.dll","SUCCESS",""
"12:22:53.4641698 PM","main.exe","24160","CreateFile","C:\Windows\System32\Windows.UI.dll","SUCCESS","Desired Access: Read Attributes, Disposition: Open, Options: Open Reparse Point, Attributes: n/a, ShareMode: Read, Write, Delete, AllocationSize: n/a, OpenResult: Opened"
"12:22:53.4641940 PM","main.exe","24160","QueryBasicInformationFile","C:\Windows\System32\Windows.UI.dll","SUCCESS","CreationTime: 3/11/2026 1:06:49 PM, LastAccessTime: 4/4/2026 12:22:44 PM, LastWriteTime: 3/11/2026 1:06:49 PM, ChangeTime: 3/12/2026 12:16:19 AM, FileAttributes: A"
"12:22:53.4642042 PM","main.exe","24160","CloseFile","C:\Windows\System32\Windows.UI.dll","SUCCESS",""
"12:22:53.4642834 PM","main.exe","24160","CreateFile","C:\Windows\System32\Windows.UI.dll","SUCCESS","Desired Access: Read Data/List Directory, Execute/Traverse, Synchronize, Disposition: Open, Options: Synchronous IO Non-Alert, Non-Directory File, Attributes: n/a, ShareMode: Read, Delete, AllocationSize: n/a, OpenResult: Opened"
"12:22:53.4643124 PM","main.exe","24160","CreateFileMapping","C:\Windows\System32\Windows.UI.dll","FILE LOCKED WITH ONLY READERS","SyncType: SyncTypeCreateSection, PageProtection: PAGE_EXECUTE|PAGE_NOCACHE"
"12:22:53.4643323 PM","main.exe","24160","CreateFileMapping","C:\Windows\System32\Windows.UI.dll","SUCCESS","SyncType: SyncTypeOther"
"12:22:53.4644198 PM","main.exe","24160","Load Image","C:\Windows\System32\Windows.UI.dll","SUCCESS","Image Base: 0x7fff7f2d0000, Image Size: 0x156000"
"12:22:53.4645670 PM","main.exe","24160","CloseFile","C:\Windows\System32\Windows.UI.dll","SUCCESS",""
"12:22:53.4658178 PM","main.exe","24160","CreateFile","C:\Windows\System32\BCP47mrm.dll","SUCCESS","Desired Access: Read Attributes, Disposition: Open, Options: Open Reparse Point, Attributes: n/a, ShareMode: Read, Write, Delete, AllocationSize: n/a, OpenResult: Opened"
"12:22:53.4658605 PM","main.exe","24160","QueryBasicInformationFile","C:\Windows\System32\BCP47mrm.dll","SUCCESS","CreationTime: 12/13/2025 12:36:53 AM, LastAccessTime: 4/4/2026 12:22:44 PM, LastWriteTime: 12/13/2025 12:36:53 AM, ChangeTime: 3/11/2026 4:53:43 PM, FileAttributes: A"
"12:22:53.4658744 PM","main.exe","24160","CloseFile","C:\Windows\System32\BCP47mrm.dll","SUCCESS",""
"12:22:53.4660762 PM","main.exe","24160","CreateFile","C:\Windows\System32\BCP47mrm.dll","SUCCESS","Desired Access: Read Data/List Directory, Execute/Traverse, Synchronize, Disposition: Open, Options: Synchronous IO Non-Alert, Non-Directory File, Attributes: n/a, ShareMode: Read, Delete, AllocationSize: n/a, OpenResult: Opened"
"12:22:53.4661195 PM","main.exe","24160","CreateFileMapping","C:\Windows\System32\BCP47mrm.dll","FILE LOCKED WITH ONLY READERS","SyncType: SyncTypeCreateSection, PageProtection: PAGE_EXECUTE|PAGE_NOCACHE"
"12:22:53.4661395 PM","main.exe","24160","CreateFileMapping","C:\Windows\System32\BCP47mrm.dll","SUCCESS","SyncType: SyncTypeOther"
"12:22:53.4662199 PM","main.exe","24160","Load Image","C:\Windows\System32\BCP47mrm.dll","SUCCESS","Image Base: 0x7fff7aa40000, Image Size: 0x34000"
"12:22:53.4663118 PM","main.exe","24160","CloseFile","C:\Windows\System32\BCP47mrm.dll","SUCCESS",""
"12:22:53.4782281 PM","main.exe","24160","CreateFile","C:\Windows\System32\propsys.dll","SUCCESS","Desired Access: Read Attributes, Disposition: Open, Options: Open Reparse Point, Attributes: n/a, ShareMode: Read, Write, Delete, AllocationSize: n/a, OpenResult: Opened"
"12:22:53.4782775 PM","main.exe","24160","QueryBasicInformationFile","C:\Windows\System32\propsys.dll","SUCCESS","CreationTime: 3/11/2026 1:06:45 PM, LastAccessTime: 4/4/2026 12:22:43 PM, LastWriteTime: 3/11/2026 1:06:45 PM, ChangeTime: 3/12/2026 12:16:24 AM, FileAttributes: A"
"12:22:53.4783724 PM","main.exe","24160","CloseFile","C:\Windows\System32\propsys.dll","SUCCESS",""
"12:22:53.4786604 PM","main.exe","24160","CreateFile","C:\Windows\System32\propsys.dll","SUCCESS","Desired Access: Read Data/List Directory, Execute/Traverse, Synchronize, Disposition: Open, Options: Synchronous IO Non-Alert, Non-Directory File, Attributes: n/a, ShareMode: Read, Delete, AllocationSize: n/a, OpenResult: Opened"
"12:22:53.4793915 PM","main.exe","24160","CreateFileMapping","C:\Windows\System32\propsys.dll","FILE LOCKED WITH ONLY READERS","SyncType: SyncTypeCreateSection, PageProtection: PAGE_EXECUTE|PAGE_NOCACHE"
"12:22:53.4794435 PM","main.exe","24160","CreateFileMapping","C:\Windows\System32\propsys.dll","SUCCESS","SyncType: SyncTypeOther"
"12:22:53.4796276 PM","main.exe","24160","Load Image","C:\Windows\System32\propsys.dll","SUCCESS","Image Base: 0x7fff9dd90000, Image Size: 0x103000"
"12:22:53.4801073 PM","main.exe","24160","CloseFile","C:\Windows\System32\propsys.dll","SUCCESS",""
"12:22:53.4803791 PM","main.exe","24160","QueryNameInformationFile","C:\Windows\System32\propsys.dll","SUCCESS","Name: \Windows\System32\propsys.dll"
"12:22:53.4827172 PM","main.exe","24160","ReadFile","C:\Windows\System32\windows.storage.dll","SUCCESS","Offset: 8,523,776, Length: 4,096, I/O Flags: Non-cached, Paging I/O, Synchronous Paging I/O, Priority: Normal"
"12:22:53.5001961 PM","main.exe","24160","CreateFile","C:\Windows\SysWOW64\propsys.dll","SUCCESS","Desired Access: Read Attributes, Disposition: Open, Options: Open Reparse Point, Attributes: n/a, ShareMode: Read, Write, Delete, AllocationSize: n/a, OpenResult: Opened"
"12:22:53.5002683 PM","main.exe","24160","QueryBasicInformationFile","C:\Windows\SysWOW64\propsys.dll","SUCCESS","CreationTime: 3/11/2026 1:06:45 PM, LastAccessTime: 4/4/2026 12:21:50 PM, LastWriteTime: 3/11/2026 1:06:45 PM, ChangeTime: 3/12/2026 12:16:18 AM, FileAttributes: A"
"12:22:53.5002878 PM","main.exe","24160","CloseFile","C:\Windows\SysWOW64\propsys.dll","SUCCESS",""
"12:22:53.5005005 PM","main.exe","24160","CreateFile","C:\Windows\SysWOW64\propsys.dll","SUCCESS","Desired Access: Read Attributes, Disposition: Open, Options: Open Reparse Point, Attributes: n/a, ShareMode: Read, Write, Delete, AllocationSize: n/a, OpenResult: Opened"
"12:22:53.5005353 PM","main.exe","24160","QueryNetworkOpenInformationFile","C:\Windows\SysWOW64\propsys.dll","SUCCESS","CreationTime: 3/11/2026 1:06:45 PM, LastAccessTime: 4/4/2026 12:21:50 PM, LastWriteTime: 3/11/2026 1:06:45 PM, ChangeTime: 3/12/2026 12:16:18 AM, AllocationSize: 1/1/1601 5:30:00 AM, EndOfFile: 1/1/1601 5:30:00 AM, FileAttributes: A"
"12:22:53.5005499 PM","main.exe","24160","CloseFile","C:\Windows\SysWOW64\propsys.dll","SUCCESS",""
"12:22:53.5007520 PM","main.exe","24160","CreateFile","C:\Windows\System32\propsys.dll","SUCCESS","Desired Access: Read Attributes, Disposition: Open, Options: Open Reparse Point, Attributes: n/a, ShareMode: Read, Write, Delete, AllocationSize: n/a, OpenResult: Opened"
"12:22:53.5007919 PM","main.exe","24160","QueryNetworkOpenInformationFile","C:\Windows\System32\propsys.dll","SUCCESS","CreationTime: 3/11/2026 1:06:45 PM, LastAccessTime: 4/4/2026 12:22:53 PM, LastWriteTime: 3/11/2026 1:06:45 PM, ChangeTime: 3/12/2026 12:16:24 AM, AllocationSize: 1/1/1601 5:30:00 AM, EndOfFile: 1/1/1601 5:30:00 AM, FileAttributes: A"
"12:22:53.5008052 PM","main.exe","24160","CloseFile","C:\Windows\System32\propsys.dll","SUCCESS",""
"12:22:53.5011748 PM","main.exe","24160","CreateFile","C:\Windows\SysWOW64\propsys.dll","SUCCESS","Desired Access: Read Attributes, Disposition: Open, Options: Open Reparse Point, Attributes: n/a, ShareMode: Read, Write, Delete, AllocationSize: n/a, OpenResult: Opened"
"12:22:53.5012101 PM","main.exe","24160","QueryBasicInformationFile","C:\Windows\SysWOW64\propsys.dll","SUCCESS","CreationTime: 3/11/2026 1:06:45 PM, LastAccessTime: 4/4/2026 12:21:50 PM, LastWriteTime: 3/11/2026 1:06:45 PM, ChangeTime: 3/12/2026 12:16:18 AM, FileAttributes: A"
"12:22:53.5012232 PM","main.exe","24160","CloseFile","C:\Windows\SysWOW64\propsys.dll","SUCCESS",""
"12:22:53.5014065 PM","main.exe","24160","CreateFile","C:\Windows\SysWOW64\propsys.dll","SUCCESS","Desired Access: Read Attributes, Disposition: Open, Options: Open Reparse Point, Attributes: n/a, ShareMode: Read, Write, Delete, AllocationSize: n/a, OpenResult: Opened"
"12:22:53.5014383 PM","main.exe","24160","QueryNetworkOpenInformationFile","C:\Windows\SysWOW64\propsys.dll","SUCCESS","CreationTime: 3/11/2026 1:06:45 PM, LastAccessTime: 4/4/2026 12:21:50 PM, LastWriteTime: 3/11/2026 1:06:45 PM, ChangeTime: 3/12/2026 12:16:18 AM, AllocationSize: 1/1/1601 5:30:00 AM, EndOfFile: 1/1/1601 5:30:00 AM, FileAttributes: A"
"12:22:53.5014515 PM","main.exe","24160","CloseFile","C:\Windows\SysWOW64\propsys.dll","SUCCESS",""
"12:22:53.5016275 PM","main.exe","24160","CreateFile","C:\Windows\System32\propsys.dll","SUCCESS","Desired Access: Read Attributes, Disposition: Open, Options: Open Reparse Point, Attributes: n/a, ShareMode: Read, Write, Delete, AllocationSize: n/a, OpenResult: Opened"
"12:22:53.5016583 PM","main.exe","24160","QueryNetworkOpenInformationFile","C:\Windows\System32\propsys.dll","SUCCESS","CreationTime: 3/11/2026 1:06:45 PM, LastAccessTime: 4/4/2026 12:22:53 PM, LastWriteTime: 3/11/2026 1:06:45 PM, ChangeTime: 3/12/2026 12:16:24 AM, AllocationSize: 1/1/1601 5:30:00 AM, EndOfFile: 1/1/1601 5:30:00 AM, FileAttributes: A"
"12:22:53.5016703 PM","main.exe","24160","CloseFile","C:\Windows\System32\propsys.dll","SUCCESS",""
"12:22:53.5084301 PM","main.exe","24160","CreateFile","C:\Windows\System32\mssprxy.dll","SUCCESS","Desired Access: Read Attributes, Disposition: Open, Options: Open Reparse Point, Attributes: n/a, ShareMode: Read, Write, Delete, AllocationSize: n/a, OpenResult: Opened"
"12:22:53.5084786 PM","main.exe","24160","QueryBasicInformationFile","C:\Windows\System32\mssprxy.dll","SUCCESS","CreationTime: 3/11/2026 1:06:52 PM, LastAccessTime: 4/4/2026 12:21:50 PM, LastWriteTime: 3/11/2026 1:06:52 PM, ChangeTime: 3/12/2026 12:16:20 AM, FileAttributes: A"
"12:22:53.5084994 PM","main.exe","24160","CloseFile","C:\Windows\System32\mssprxy.dll","SUCCESS",""
"12:22:53.5086083 PM","main.exe","24160","CreateFile","C:\Windows\System32\mssprxy.dll","SUCCESS","Desired Access: Read Data/List Directory, Execute/Traverse, Synchronize, Disposition: Open, Options: Synchronous IO Non-Alert, Non-Directory File, Attributes: n/a, ShareMode: Read, Delete, AllocationSize: n/a, OpenResult: Opened"
"12:22:53.5086565 PM","main.exe","24160","CreateFileMapping","C:\Windows\System32\mssprxy.dll","FILE LOCKED WITH ONLY READERS","SyncType: SyncTypeCreateSection, PageProtection: PAGE_EXECUTE|PAGE_NOCACHE"
"12:22:53.5086964 PM","main.exe","24160","CreateFileMapping","C:\Windows\System32\mssprxy.dll","SUCCESS","SyncType: SyncTypeOther"
"12:22:53.5088804 PM","main.exe","24160","Load Image","C:\Windows\System32\mssprxy.dll","SUCCESS","Image Base: 0x7fff7aaf0000, Image Size: 0x30000"
"12:22:53.5091511 PM","main.exe","24160","CloseFile","C:\Windows\System32\mssprxy.dll","SUCCESS",""
"12:22:53.5189857 PM","main.exe","24160","ReadFile","C:\Windows\System32\xmllite.dll","SUCCESS","Offset: 249,856, Length: 12,288, I/O Flags: Non-cached, Paging I/O, Synchronous Paging I/O, Priority: Normal"
"12:22:53.5409200 PM","main.exe","24160","ReadFile","C:\Windows\System32\xmllite.dll","SUCCESS","Offset: 229,376, Length: 8,192, I/O Flags: Non-cached, Paging I/O, Synchronous Paging I/O, Priority: Normal"
"12:22:53.8376907 PM","main.exe","24160","CreateFile","C:\Windows\System32\urlmon.dll","SUCCESS","Desired Access: Read Attributes, Disposition: Open, Options: Open Reparse Point, Attributes: n/a, ShareMode: Read, Write, Delete, AllocationSize: n/a, OpenResult: Opened"
"12:22:53.8377283 PM","main.exe","24160","QueryBasicInformationFile","C:\Windows\System32\urlmon.dll","SUCCESS","CreationTime: 3/11/2026 1:06:41 PM, LastAccessTime: 4/4/2026 12:22:50 PM, LastWriteTime: 3/11/2026 1:06:42 PM, ChangeTime: 3/12/2026 12:16:24 AM, FileAttributes: A"
"12:22:53.8377391 PM","main.exe","24160","CloseFile","C:\Windows\System32\urlmon.dll","SUCCESS",""
"12:22:53.8378391 PM","main.exe","24160","CreateFile","C:\Windows\System32\urlmon.dll","SUCCESS","Desired Access: Read Data/List Directory, Execute/Traverse, Synchronize, Disposition: Open, Options: Synchronous IO Non-Alert, Non-Directory File, Attributes: n/a, ShareMode: Read, Delete, AllocationSize: n/a, OpenResult: Opened"
"12:22:53.8378808 PM","main.exe","24160","CreateFileMapping","C:\Windows\System32\urlmon.dll","FILE LOCKED WITH ONLY READERS","SyncType: SyncTypeCreateSection, PageProtection: PAGE_EXECUTE|PAGE_NOCACHE"
"12:22:53.8379088 PM","main.exe","24160","CreateFileMapping","C:\Windows\System32\urlmon.dll","SUCCESS","SyncType: SyncTypeOther"
"12:22:53.8380553 PM","main.exe","24160","Load Image","C:\Windows\System32\urlmon.dll","SUCCESS","Image Base: 0x7fff900c0000, Image Size: 0x1dd000"
"12:22:53.8384991 PM","main.exe","24160","CloseFile","C:\Windows\System32\urlmon.dll","SUCCESS",""
"12:22:53.8508258 PM","main.exe","24160","CreateFile","C:\Windows\System32\urlmon.dll","SUCCESS","Desired Access: Read Attributes, Disposition: Open, Options: Open Reparse Point, Attributes: n/a, ShareMode: Read, Write, Delete, AllocationSize: n/a, OpenResult: Opened"
"12:22:53.8508811 PM","main.exe","24160","QueryBasicInformationFile","C:\Windows\System32\urlmon.dll","SUCCESS","CreationTime: 3/11/2026 1:06:41 PM, LastAccessTime: 4/4/2026 12:22:53 PM, LastWriteTime: 3/11/2026 1:06:42 PM, ChangeTime: 3/12/2026 12:16:24 AM, FileAttributes: A"
"12:22:53.8508986 PM","main.exe","24160","CloseFile","C:\Windows\System32\urlmon.dll","SUCCESS",""
"12:22:53.8510360 PM","main.exe","24160","CreateFile","C:\Windows\System32\urlmon.dll","SUCCESS","Desired Access: Read Data/List Directory, Execute/Traverse, Synchronize, Disposition: Open, Options: Synchronous IO Non-Alert, Non-Directory File, Attributes: n/a, ShareMode: Read, Delete, AllocationSize: n/a, OpenResult: Opened"
"12:22:53.8510960 PM","main.exe","24160","CreateFileMapping","C:\Windows\System32\urlmon.dll","FILE LOCKED WITH ONLY READERS","SyncType: SyncTypeCreateSection, PageProtection: PAGE_EXECUTE|PAGE_NOCACHE"
"12:22:53.8511375 PM","main.exe","24160","CreateFileMapping","C:\Windows\System32\urlmon.dll","SUCCESS","SyncType: SyncTypeOther"
"12:22:53.8512739 PM","main.exe","24160","Load Image","C:\Windows\System32\urlmon.dll","SUCCESS","Image Base: 0x7fff900c0000, Image Size: 0x1dd000"
"12:22:53.8518627 PM","main.exe","24160","CloseFile","C:\Windows\System32\urlmon.dll","SUCCESS",""
"12:22:53.8615310 PM","main.exe","24160","CreateFile","C:\Windows\System32\urlmon.dll","SUCCESS","Desired Access: Read Attributes, Disposition: Open, Options: Open Reparse Point, Attributes: n/a, ShareMode: Read, Write, Delete, AllocationSize: n/a, OpenResult: Opened"
"12:22:53.8615642 PM","main.exe","24160","QueryBasicInformationFile","C:\Windows\System32\urlmon.dll","SUCCESS","CreationTime: 3/11/2026 1:06:41 PM, LastAccessTime: 4/4/2026 12:22:53 PM, LastWriteTime: 3/11/2026 1:06:42 PM, ChangeTime: 3/12/2026 12:16:24 AM, FileAttributes: A"
"12:22:53.8615752 PM","main.exe","24160","CloseFile","C:\Windows\System32\urlmon.dll","SUCCESS",""
"12:22:53.8616584 PM","main.exe","24160","CreateFile","C:\Windows\System32\urlmon.dll","SUCCESS","Desired Access: Read Data/List Directory, Execute/Traverse, Synchronize, Disposition: Open, Options: Synchronous IO Non-Alert, Non-Directory File, Attributes: n/a, ShareMode: Read, Delete, AllocationSize: n/a, OpenResult: Opened"
"12:22:53.8616973 PM","main.exe","24160","CreateFileMapping","C:\Windows\System32\urlmon.dll","FILE LOCKED WITH ONLY READERS","SyncType: SyncTypeCreateSection, PageProtection: PAGE_EXECUTE|PAGE_NOCACHE"
"12:22:53.8617215 PM","main.exe","24160","CreateFileMapping","C:\Windows\System32\urlmon.dll","SUCCESS","SyncType: SyncTypeOther"
"12:22:53.8618557 PM","main.exe","24160","Load Image","C:\Windows\System32\urlmon.dll","SUCCESS","Image Base: 0x7fff900c0000, Image Size: 0x1dd000"
"12:22:53.8624217 PM","main.exe","24160","CloseFile","C:\Windows\System32\urlmon.dll","SUCCESS",""
"12:22:53.8750445 PM","main.exe","24160","CreateFile","C:\Windows\System32\urlmon.dll","SUCCESS","Desired Access: Read Attributes, Disposition: Open, Options: Open Reparse Point, Attributes: n/a, ShareMode: Read, Write, Delete, AllocationSize: n/a, OpenResult: Opened"
"12:22:53.8751341 PM","main.exe","24160","QueryBasicInformationFile","C:\Windows\System32\urlmon.dll","SUCCESS","CreationTime: 3/11/2026 1:06:41 PM, LastAccessTime: 4/4/2026 12:22:53 PM, LastWriteTime: 3/11/2026 1:06:42 PM, ChangeTime: 3/12/2026 12:16:24 AM, FileAttributes: A"
"12:22:53.8751503 PM","main.exe","24160","CloseFile","C:\Windows\System32\urlmon.dll","SUCCESS",""
"12:22:53.8752683 PM","main.exe","24160","CreateFile","C:\Windows\System32\urlmon.dll","SUCCESS","Desired Access: Read Data/List Directory, Execute/Traverse, Synchronize, Disposition: Open, Options: Synchronous IO Non-Alert, Non-Directory File, Attributes: n/a, ShareMode: Read, Delete, AllocationSize: n/a, OpenResult: Opened"
"12:22:53.8753240 PM","main.exe","24160","CreateFileMapping","C:\Windows\System32\urlmon.dll","FILE LOCKED WITH ONLY READERS","SyncType: SyncTypeCreateSection, PageProtection: PAGE_EXECUTE|PAGE_NOCACHE"
"12:22:53.8753585 PM","main.exe","24160","CreateFileMapping","C:\Windows\System32\urlmon.dll","SUCCESS","SyncType: SyncTypeOther"
"12:22:53.8755149 PM","main.exe","24160","Load Image","C:\Windows\System32\urlmon.dll","SUCCESS","Image Base: 0x7fff900c0000, Image Size: 0x1dd000"
"12:22:53.8759871 PM","main.exe","24160","CloseFile","C:\Windows\System32\urlmon.dll","SUCCESS",""
"12:22:53.8889358 PM","main.exe","24160","CreateFile","C:\Windows\System32\urlmon.dll","SUCCESS","Desired Access: Read Attributes, Disposition: Open, Options: Open Reparse Point, Attributes: n/a, ShareMode: Read, Write, Delete, AllocationSize: n/a, OpenResult: Opened"
"12:22:53.8889829 PM","main.exe","24160","QueryBasicInformationFile","C:\Windows\System32\urlmon.dll","SUCCESS","CreationTime: 3/11/2026 1:06:41 PM, LastAccessTime: 4/4/2026 12:22:53 PM, LastWriteTime: 3/11/2026 1:06:42 PM, ChangeTime: 3/12/2026 12:16:24 AM, FileAttributes: A"
"12:22:53.8889958 PM","main.exe","24160","CloseFile","C:\Windows\System32\urlmon.dll","SUCCESS",""
"12:22:53.8890903 PM","main.exe","24160","CreateFile","C:\Windows\System32\urlmon.dll","SUCCESS","Desired Access: Read Data/List Directory, Execute/Traverse, Synchronize, Disposition: Open, Options: Synchronous IO Non-Alert, Non-Directory File, Attributes: n/a, ShareMode: Read, Delete, AllocationSize: n/a, OpenResult: Opened"
"12:22:53.8891345 PM","main.exe","24160","CreateFileMapping","C:\Windows\System32\urlmon.dll","FILE LOCKED WITH ONLY READERS","SyncType: SyncTypeCreateSection, PageProtection: PAGE_EXECUTE|PAGE_NOCACHE"
"12:22:53.8891711 PM","main.exe","24160","CreateFileMapping","C:\Windows\System32\urlmon.dll","SUCCESS","SyncType: SyncTypeOther"
"12:22:53.8893132 PM","main.exe","24160","Load Image","C:\Windows\System32\urlmon.dll","SUCCESS","Image Base: 0x7fff900c0000, Image Size: 0x1dd000"
"12:22:53.8898064 PM","main.exe","24160","CloseFile","C:\Windows\System32\urlmon.dll","SUCCESS",""
"12:22:53.9012842 PM","main.exe","24160","CreateFile","C:\Windows\System32\urlmon.dll","SUCCESS","Desired Access: Read Attributes, Disposition: Open, Options: Open Reparse Point, Attributes: n/a, ShareMode: Read, Write, Delete, AllocationSize: n/a, OpenResult: Opened"
"12:22:53.9013373 PM","main.exe","24160","QueryBasicInformationFile","C:\Windows\System32\urlmon.dll","SUCCESS","CreationTime: 3/11/2026 1:06:41 PM, LastAccessTime: 4/4/2026 12:22:53 PM, LastWriteTime: 3/11/2026 1:06:42 PM, ChangeTime: 3/12/2026 12:16:24 AM, FileAttributes: A"
"12:22:53.9013504 PM","main.exe","24160","CloseFile","C:\Windows\System32\urlmon.dll","SUCCESS",""
"12:22:53.9014384 PM","main.exe","24160","CreateFile","C:\Windows\System32\urlmon.dll","SUCCESS","Desired Access: Read Data/List Directory, Execute/Traverse, Synchronize, Disposition: Open, Options: Synchronous IO Non-Alert, Non-Directory File, Attributes: n/a, ShareMode: Read, Delete, AllocationSize: n/a, OpenResult: Opened"
"12:22:53.9014824 PM","main.exe","24160","CreateFileMapping","C:\Windows\System32\urlmon.dll","FILE LOCKED WITH ONLY READERS","SyncType: SyncTypeCreateSection, PageProtection: PAGE_EXECUTE|PAGE_NOCACHE"
"12:22:53.9015120 PM","main.exe","24160","CreateFileMapping","C:\Windows\System32\urlmon.dll","SUCCESS","SyncType: SyncTypeOther"
"12:22:53.9016519 PM","main.exe","24160","Load Image","C:\Windows\System32\urlmon.dll","SUCCESS","Image Base: 0x7fff900c0000, Image Size: 0x1dd000"
"12:22:53.9020620 PM","main.exe","24160","CloseFile","C:\Windows\System32\urlmon.dll","SUCCESS",""
"12:22:53.9123334 PM","main.exe","24160","CreateFile","C:\Windows\System32\urlmon.dll","SUCCESS","Desired Access: Read Attributes, Disposition: Open, Options: Open Reparse Point, Attributes: n/a, ShareMode: Read, Write, Delete, AllocationSize: n/a, OpenResult: Opened"
"12:22:53.9123680 PM","main.exe","24160","QueryBasicInformationFile","C:\Windows\System32\urlmon.dll","SUCCESS","CreationTime: 3/11/2026 1:06:41 PM, LastAccessTime: 4/4/2026 12:22:53 PM, LastWriteTime: 3/11/2026 1:06:42 PM, ChangeTime: 3/12/2026 12:16:24 AM, FileAttributes: A"
"12:22:53.9124543 PM","main.exe","24160","CloseFile","C:\Windows\System32\urlmon.dll","SUCCESS",""
"12:22:53.9125740 PM","main.exe","24160","CreateFile","C:\Windows\System32\urlmon.dll","SUCCESS","Desired Access: Read Data/List Directory, Execute/Traverse, Synchronize, Disposition: Open, Options: Synchronous IO Non-Alert, Non-Directory File, Attributes: n/a, ShareMode: Read, Delete, AllocationSize: n/a, OpenResult: Opened"
"12:22:53.9126426 PM","main.exe","24160","CreateFileMapping","C:\Windows\System32\urlmon.dll","FILE LOCKED WITH ONLY READERS","SyncType: SyncTypeCreateSection, PageProtection: PAGE_EXECUTE|PAGE_NOCACHE"
"12:22:53.9126702 PM","main.exe","24160","CreateFileMapping","C:\Windows\System32\urlmon.dll","SUCCESS","SyncType: SyncTypeOther"
"12:22:53.9128002 PM","main.exe","24160","Load Image","C:\Windows\System32\urlmon.dll","SUCCESS","Image Base: 0x7fff900c0000, Image Size: 0x1dd000"
"12:22:53.9133412 PM","main.exe","24160","CloseFile","C:\Windows\System32\urlmon.dll","SUCCESS",""
"12:22:53.9375895 PM","main.exe","24160","CreateFile","C:\Windows\System32\Windows.StateRepositoryClient.dll","SUCCESS","Desired Access: Read Attributes, Disposition: Open, Options: Open Reparse Point, Attributes: n/a, ShareMode: Read, Write, Delete, AllocationSize: n/a, OpenResult: Opened"
"12:22:53.9376271 PM","main.exe","24160","QueryBasicInformationFile","C:\Windows\System32\Windows.StateRepositoryClient.dll","SUCCESS","CreationTime: 3/11/2026 1:06:52 PM, LastAccessTime: 4/4/2026 12:22:44 PM, LastWriteTime: 3/11/2026 1:06:52 PM, ChangeTime: 3/12/2026 12:16:22 AM, FileAttributes: A"
"12:22:53.9376423 PM","main.exe","24160","CloseFile","C:\Windows\System32\Windows.StateRepositoryClient.dll","SUCCESS",""
"12:22:53.9377568 PM","main.exe","24160","CreateFile","C:\Windows\System32\Windows.StateRepositoryClient.dll","SUCCESS","Desired Access: Read Data/List Directory, Execute/Traverse, Synchronize, Disposition: Open, Options: Synchronous IO Non-Alert, Non-Directory File, Attributes: n/a, ShareMode: Read, Delete, AllocationSize: n/a, OpenResult: Opened"
"12:22:53.9378021 PM","main.exe","24160","CreateFileMapping","C:\Windows\System32\Windows.StateRepositoryClient.dll","FILE LOCKED WITH ONLY READERS","SyncType: SyncTypeCreateSection, PageProtection: PAGE_EXECUTE|PAGE_NOCACHE"
"12:22:53.9378328 PM","main.exe","24160","CreateFileMapping","C:\Windows\System32\Windows.StateRepositoryClient.dll","SUCCESS","SyncType: SyncTypeOther"
"12:22:53.9379740 PM","main.exe","24160","Load Image","C:\Windows\System32\Windows.StateRepositoryClient.dll","SUCCESS","Image Base: 0x7fff83d00000, Image Size: 0x47000"
"12:22:53.9381332 PM","main.exe","24160","CloseFile","C:\Windows\System32\Windows.StateRepositoryClient.dll","SUCCESS",""
"12:22:53.9448371 PM","main.exe","24160","CreateFile","C:\Windows\System32\urlmon.dll","SUCCESS","Desired Access: Read Attributes, Disposition: Open, Options: Open Reparse Point, Attributes: n/a, ShareMode: Read, Write, Delete, AllocationSize: n/a, OpenResult: Opened"
"12:22:53.9448723 PM","main.exe","24160","QueryBasicInformationFile","C:\Windows\System32\urlmon.dll","SUCCESS","CreationTime: 3/11/2026 1:06:41 PM, LastAccessTime: 4/4/2026 12:22:53 PM, LastWriteTime: 3/11/2026 1:06:42 PM, ChangeTime: 3/12/2026 12:16:24 AM, FileAttributes: A"
"12:22:53.9448826 PM","main.exe","24160","CloseFile","C:\Windows\System32\urlmon.dll","SUCCESS",""
"12:22:53.9449617 PM","main.exe","24160","CreateFile","C:\Windows\System32\urlmon.dll","SUCCESS","Desired Access: Read Data/List Directory, Execute/Traverse, Synchronize, Disposition: Open, Options: Synchronous IO Non-Alert, Non-Directory File, Attributes: n/a, ShareMode: Read, Delete, AllocationSize: n/a, OpenResult: Opened"
"12:22:53.9449991 PM","main.exe","24160","CreateFileMapping","C:\Windows\System32\urlmon.dll","FILE LOCKED WITH ONLY READERS","SyncType: SyncTypeCreateSection, PageProtection: PAGE_EXECUTE|PAGE_NOCACHE"
"12:22:53.9450216 PM","main.exe","24160","CreateFileMapping","C:\Windows\System32\urlmon.dll","SUCCESS","SyncType: SyncTypeOther"
"12:22:53.9451344 PM","main.exe","24160","Load Image","C:\Windows\System32\urlmon.dll","SUCCESS","Image Base: 0x7fff900c0000, Image Size: 0x1dd000"
"12:22:53.9453993 PM","main.exe","24160","CloseFile","C:\Windows\System32\urlmon.dll","SUCCESS",""
"12:22:53.9569084 PM","main.exe","24160","CreateFile","C:\Windows\System32\urlmon.dll","SUCCESS","Desired Access: Read Attributes, Disposition: Open, Options: Open Reparse Point, Attributes: n/a, ShareMode: Read, Write, Delete, AllocationSize: n/a, OpenResult: Opened"
"12:22:53.9569826 PM","main.exe","24160","QueryBasicInformationFile","C:\Windows\System32\urlmon.dll","SUCCESS","CreationTime: 3/11/2026 1:06:41 PM, LastAccessTime: 4/4/2026 12:22:53 PM, LastWriteTime: 3/11/2026 1:06:42 PM, ChangeTime: 3/12/2026 12:16:24 AM, FileAttributes: A"
"12:22:53.9570016 PM","main.exe","24160","CloseFile","C:\Windows\System32\urlmon.dll","SUCCESS",""
"12:22:53.9571585 PM","main.exe","24160","CreateFile","C:\Windows\System32\urlmon.dll","SUCCESS","Desired Access: Read Data/List Directory, Execute/Traverse, Synchronize, Disposition: Open, Options: Synchronous IO Non-Alert, Non-Directory File, Attributes: n/a, ShareMode: Read, Delete, AllocationSize: n/a, OpenResult: Opened"
"12:22:53.9572367 PM","main.exe","24160","CreateFileMapping","C:\Windows\System32\urlmon.dll","FILE LOCKED WITH ONLY READERS","SyncType: SyncTypeCreateSection, PageProtection: PAGE_EXECUTE|PAGE_NOCACHE"
"12:22:53.9572981 PM","main.exe","24160","CreateFileMapping","C:\Windows\System32\urlmon.dll","SUCCESS","SyncType: SyncTypeOther"
"12:22:53.9575722 PM","main.exe","24160","Load Image","C:\Windows\System32\urlmon.dll","SUCCESS","Image Base: 0x7fff900c0000, Image Size: 0x1dd000"
"12:22:53.9584573 PM","main.exe","24160","CloseFile","C:\Windows\System32\urlmon.dll","SUCCESS",""
"12:22:53.9760128 PM","main.exe","24160","CreateFile","C:\Windows\System32\urlmon.dll","SUCCESS","Desired Access: Read Attributes, Disposition: Open, Options: Open Reparse Point, Attributes: n/a, ShareMode: Read, Write, Delete, AllocationSize: n/a, OpenResult: Opened"
"12:22:53.9760617 PM","main.exe","24160","QueryBasicInformationFile","C:\Windows\System32\urlmon.dll","SUCCESS","CreationTime: 3/11/2026 1:06:41 PM, LastAccessTime: 4/4/2026 12:22:53 PM, LastWriteTime: 3/11/2026 1:06:42 PM, ChangeTime: 3/12/2026 12:16:24 AM, FileAttributes: A"
"12:22:53.9760767 PM","main.exe","24160","CloseFile","C:\Windows\System32\urlmon.dll","SUCCESS",""
"12:22:53.9761827 PM","main.exe","24160","CreateFile","C:\Windows\System32\urlmon.dll","SUCCESS","Desired Access: Read Data/List Directory, Execute/Traverse, Synchronize, Disposition: Open, Options: Synchronous IO Non-Alert, Non-Directory File, Attributes: n/a, ShareMode: Read, Delete, AllocationSize: n/a, OpenResult: Opened"
"12:22:53.9762378 PM","main.exe","24160","CreateFileMapping","C:\Windows\System32\urlmon.dll","FILE LOCKED WITH ONLY READERS","SyncType: SyncTypeCreateSection, PageProtection: PAGE_EXECUTE|PAGE_NOCACHE"
"12:22:53.9762761 PM","main.exe","24160","CreateFileMapping","C:\Windows\System32\urlmon.dll","SUCCESS","SyncType: SyncTypeOther"
"12:22:53.9766026 PM","main.exe","24160","Load Image","C:\Windows\System32\urlmon.dll","SUCCESS","Image Base: 0x7fff900c0000, Image Size: 0x1dd000"
"12:22:53.9771345 PM","main.exe","24160","CloseFile","C:\Windows\System32\urlmon.dll","SUCCESS",""
"12:22:53.9874896 PM","main.exe","24160","CreateFile","C:\Windows\System32\urlmon.dll","SUCCESS","Desired Access: Read Attributes, Disposition: Open, Options: Open Reparse Point, Attributes: n/a, ShareMode: Read, Write, Delete, AllocationSize: n/a, OpenResult: Opened"
"12:22:53.9875189 PM","main.exe","24160","QueryBasicInformationFile","C:\Windows\System32\urlmon.dll","SUCCESS","CreationTime: 3/11/2026 1:06:41 PM, LastAccessTime: 4/4/2026 12:22:53 PM, LastWriteTime: 3/11/2026 1:06:42 PM, ChangeTime: 3/12/2026 12:16:24 AM, FileAttributes: A"
"12:22:53.9875291 PM","main.exe","24160","CloseFile","C:\Windows\System32\urlmon.dll","SUCCESS",""
"12:22:53.9876318 PM","main.exe","24160","CreateFile","C:\Windows\System32\urlmon.dll","SUCCESS","Desired Access: Read Data/List Directory, Execute/Traverse, Synchronize, Disposition: Open, Options: Synchronous IO Non-Alert, Non-Directory File, Attributes: n/a, ShareMode: Read, Delete, AllocationSize: n/a, OpenResult: Opened"
"12:22:53.9878942 PM","main.exe","24160","CreateFileMapping","C:\Windows\System32\urlmon.dll","FILE LOCKED WITH ONLY READERS","SyncType: SyncTypeCreateSection, PageProtection: PAGE_EXECUTE|PAGE_NOCACHE"
"12:22:53.9879412 PM","main.exe","24160","CreateFileMapping","C:\Windows\System32\urlmon.dll","SUCCESS","SyncType: SyncTypeOther"
"12:22:53.9881035 PM","main.exe","24160","Load Image","C:\Windows\System32\urlmon.dll","SUCCESS","Image Base: 0x7fff900c0000, Image Size: 0x1dd000"
"12:22:53.9886070 PM","main.exe","24160","CloseFile","C:\Windows\System32\urlmon.dll","SUCCESS",""
"12:22:54.0009425 PM","main.exe","24160","CreateFile","C:\Windows\System32\urlmon.dll","SUCCESS","Desired Access: Read Attributes, Disposition: Open, Options: Open Reparse Point, Attributes: n/a, ShareMode: Read, Write, Delete, AllocationSize: n/a, OpenResult: Opened"
"12:22:54.0009732 PM","main.exe","24160","QueryBasicInformationFile","C:\Windows\System32\urlmon.dll","SUCCESS","CreationTime: 3/11/2026 1:06:41 PM, LastAccessTime: 4/4/2026 12:22:53 PM, LastWriteTime: 3/11/2026 1:06:42 PM, ChangeTime: 3/12/2026 12:16:24 AM, FileAttributes: A"
"12:22:54.0009836 PM","main.exe","24160","CloseFile","C:\Windows\System32\urlmon.dll","SUCCESS",""
"12:22:54.0010599 PM","main.exe","24160","CreateFile","C:\Windows\System32\urlmon.dll","SUCCESS","Desired Access: Read Data/List Directory, Execute/Traverse, Synchronize, Disposition: Open, Options: Synchronous IO Non-Alert, Non-Directory File, Attributes: n/a, ShareMode: Read, Delete, AllocationSize: n/a, OpenResult: Opened"
"12:22:54.0010959 PM","main.exe","24160","CreateFileMapping","C:\Windows\System32\urlmon.dll","FILE LOCKED WITH ONLY READERS","SyncType: SyncTypeCreateSection, PageProtection: PAGE_EXECUTE|PAGE_NOCACHE"
"12:22:54.0011190 PM","main.exe","24160","CreateFileMapping","C:\Windows\System32\urlmon.dll","SUCCESS","SyncType: SyncTypeOther"
"12:22:54.0012515 PM","main.exe","24160","Load Image","C:\Windows\System32\urlmon.dll","SUCCESS","Image Base: 0x7fff900c0000, Image Size: 0x1dd000"
"12:22:54.0015937 PM","main.exe","24160","CloseFile","C:\Windows\System32\urlmon.dll","SUCCESS",""
"12:22:54.0127045 PM","main.exe","24160","CreateFile","C:\Windows\System32\urlmon.dll","SUCCESS","Desired Access: Read Attributes, Disposition: Open, Options: Open Reparse Point, Attributes: n/a, ShareMode: Read, Write, Delete, AllocationSize: n/a, OpenResult: Opened"
"12:22:54.0127490 PM","main.exe","24160","QueryBasicInformationFile","C:\Windows\System32\urlmon.dll","SUCCESS","CreationTime: 3/11/2026 1:06:41 PM, LastAccessTime: 4/4/2026 12:22:54 PM, LastWriteTime: 3/11/2026 1:06:42 PM, ChangeTime: 3/12/2026 12:16:24 AM, FileAttributes: A"
"12:22:54.0127618 PM","main.exe","24160","CloseFile","C:\Windows\System32\urlmon.dll","SUCCESS",""
"12:22:54.0128515 PM","main.exe","24160","CreateFile","C:\Windows\System32\urlmon.dll","SUCCESS","Desired Access: Read Data/List Directory, Execute/Traverse, Synchronize, Disposition: Open, Options: Synchronous IO Non-Alert, Non-Directory File, Attributes: n/a, ShareMode: Read, Delete, AllocationSize: n/a, OpenResult: Opened"
"12:22:54.0128967 PM","main.exe","24160","CreateFileMapping","C:\Windows\System32\urlmon.dll","FILE LOCKED WITH ONLY READERS","SyncType: SyncTypeCreateSection, PageProtection: PAGE_EXECUTE|PAGE_NOCACHE"
"12:22:54.0129267 PM","main.exe","24160","CreateFileMapping","C:\Windows\System32\urlmon.dll","SUCCESS","SyncType: SyncTypeOther"
"12:22:54.0130698 PM","main.exe","24160","Load Image","C:\Windows\System32\urlmon.dll","SUCCESS","Image Base: 0x7fff900c0000, Image Size: 0x1dd000"
"12:22:54.0135259 PM","main.exe","24160","CloseFile","C:\Windows\System32\urlmon.dll","SUCCESS",""
"12:22:54.0235074 PM","main.exe","24160","CreateFile","C:\Windows\System32\urlmon.dll","SUCCESS","Desired Access: Read Attributes, Disposition: Open, Options: Open Reparse Point, Attributes: n/a, ShareMode: Read, Write, Delete, AllocationSize: n/a, OpenResult: Opened"
"12:22:54.0235428 PM","main.exe","24160","QueryBasicInformationFile","C:\Windows\System32\urlmon.dll","SUCCESS","CreationTime: 3/11/2026 1:06:41 PM, LastAccessTime: 4/4/2026 12:22:54 PM, LastWriteTime: 3/11/2026 1:06:42 PM, ChangeTime: 3/12/2026 12:16:24 AM, FileAttributes: A"
"12:22:54.0235542 PM","main.exe","24160","CloseFile","C:\Windows\System32\urlmon.dll","SUCCESS",""
"12:22:54.0236618 PM","main.exe","24160","CreateFile","C:\Windows\System32\urlmon.dll","SUCCESS","Desired Access: Read Data/List Directory, Execute/Traverse, Synchronize, Disposition: Open, Options: Synchronous IO Non-Alert, Non-Directory File, Attributes: n/a, ShareMode: Read, Delete, AllocationSize: n/a, OpenResult: Opened"
"12:22:54.0237067 PM","main.exe","24160","CreateFileMapping","C:\Windows\System32\urlmon.dll","FILE LOCKED WITH ONLY READERS","SyncType: SyncTypeCreateSection, PageProtection: PAGE_EXECUTE|PAGE_NOCACHE"
"12:22:54.0238019 PM","main.exe","24160","CreateFileMapping","C:\Windows\System32\urlmon.dll","SUCCESS","SyncType: SyncTypeOther"
"12:22:54.0239438 PM","main.exe","24160","Load Image","C:\Windows\System32\urlmon.dll","SUCCESS","Image Base: 0x7fff900c0000, Image Size: 0x1dd000"
"12:22:54.0243579 PM","main.exe","24160","CloseFile","C:\Windows\System32\urlmon.dll","SUCCESS",""
"12:22:54.0363660 PM","main.exe","24160","CreateFile","C:\Windows\System32\urlmon.dll","SUCCESS","Desired Access: Read Attributes, Disposition: Open, Options: Open Reparse Point, Attributes: n/a, ShareMode: Read, Write, Delete, AllocationSize: n/a, OpenResult: Opened"
"12:22:54.0364155 PM","main.exe","24160","QueryBasicInformationFile","C:\Windows\System32\urlmon.dll","SUCCESS","CreationTime: 3/11/2026 1:06:41 PM, LastAccessTime: 4/4/2026 12:22:54 PM, LastWriteTime: 3/11/2026 1:06:42 PM, ChangeTime: 3/12/2026 12:16:24 AM, FileAttributes: A"
"12:22:54.0364285 PM","main.exe","24160","CloseFile","C:\Windows\System32\urlmon.dll","SUCCESS",""
"12:22:54.0365243 PM","main.exe","24160","CreateFile","C:\Windows\System32\urlmon.dll","SUCCESS","Desired Access: Read Data/List Directory, Execute/Traverse, Synchronize, Disposition: Open, Options: Synchronous IO Non-Alert, Non-Directory File, Attributes: n/a, ShareMode: Read, Delete, AllocationSize: n/a, OpenResult: Opened"
"12:22:54.0365714 PM","main.exe","24160","CreateFileMapping","C:\Windows\System32\urlmon.dll","FILE LOCKED WITH ONLY READERS","SyncType: SyncTypeCreateSection, PageProtection: PAGE_EXECUTE|PAGE_NOCACHE"
"12:22:54.0366087 PM","main.exe","24160","CreateFileMapping","C:\Windows\System32\urlmon.dll","SUCCESS","SyncType: SyncTypeOther"
"12:22:54.0367681 PM","main.exe","24160","Load Image","C:\Windows\System32\urlmon.dll","SUCCESS","Image Base: 0x7fff900c0000, Image Size: 0x1dd000"
"12:22:54.0372239 PM","main.exe","24160","CloseFile","C:\Windows\System32\urlmon.dll","SUCCESS",""
"12:22:54.0482015 PM","main.exe","24160","CreateFile","C:\Windows\System32\urlmon.dll","SUCCESS","Desired Access: Read Attributes, Disposition: Open, Options: Open Reparse Point, Attributes: n/a, ShareMode: Read, Write, Delete, AllocationSize: n/a, OpenResult: Opened"
"12:22:54.0482347 PM","main.exe","24160","QueryBasicInformationFile","C:\Windows\System32\urlmon.dll","SUCCESS","CreationTime: 3/11/2026 1:06:41 PM, LastAccessTime: 4/4/2026 12:22:54 PM, LastWriteTime: 3/11/2026 1:06:42 PM, ChangeTime: 3/12/2026 12:16:24 AM, FileAttributes: A"
"12:22:54.0482449 PM","main.exe","24160","CloseFile","C:\Windows\System32\urlmon.dll","SUCCESS",""
"12:22:54.0483370 PM","main.exe","24160","CreateFile","C:\Windows\System32\urlmon.dll","SUCCESS","Desired Access: Read Data/List Directory, Execute/Traverse, Synchronize, Disposition: Open, Options: Synchronous IO Non-Alert, Non-Directory File, Attributes: n/a, ShareMode: Read, Delete, AllocationSize: n/a, OpenResult: Opened"
"12:22:54.0483769 PM","main.exe","24160","CreateFileMapping","C:\Windows\System32\urlmon.dll","FILE LOCKED WITH ONLY READERS","SyncType: SyncTypeCreateSection, PageProtection: PAGE_EXECUTE|PAGE_NOCACHE"
"12:22:54.0484014 PM","main.exe","24160","CreateFileMapping","C:\Windows\System32\urlmon.dll","SUCCESS","SyncType: SyncTypeOther"
"12:22:54.0485238 PM","main.exe","24160","Load Image","C:\Windows\System32\urlmon.dll","SUCCESS","Image Base: 0x7fff900c0000, Image Size: 0x1dd000"
"12:22:54.0490612 PM","main.exe","24160","CloseFile","C:\Windows\System32\urlmon.dll","SUCCESS",""
"12:22:54.0603816 PM","main.exe","24160","CreateFile","C:\Windows\System32\urlmon.dll","SUCCESS","Desired Access: Read Attributes, Disposition: Open, Options: Open Reparse Point, Attributes: n/a, ShareMode: Read, Write, Delete, AllocationSize: n/a, OpenResult: Opened"
"12:22:54.0604339 PM","main.exe","24160","QueryBasicInformationFile","C:\Windows\System32\urlmon.dll","SUCCESS","CreationTime: 3/11/2026 1:06:41 PM, LastAccessTime: 4/4/2026 12:22:54 PM, LastWriteTime: 3/11/2026 1:06:42 PM, ChangeTime: 3/12/2026 12:16:24 AM, FileAttributes: A"
"12:22:54.0604497 PM","main.exe","24160","CloseFile","C:\Windows\System32\urlmon.dll","SUCCESS",""
"12:22:54.0605663 PM","main.exe","24160","CreateFile","C:\Windows\System32\urlmon.dll","SUCCESS","Desired Access: Read Data/List Directory, Execute/Traverse, Synchronize, Disposition: Open, Options: Synchronous IO Non-Alert, Non-Directory File, Attributes: n/a, ShareMode: Read, Delete, AllocationSize: n/a, OpenResult: Opened"
"12:22:54.0606101 PM","main.exe","24160","CreateFileMapping","C:\Windows\System32\urlmon.dll","FILE LOCKED WITH ONLY READERS","SyncType: SyncTypeCreateSection, PageProtection: PAGE_EXECUTE|PAGE_NOCACHE"
"12:22:54.0606357 PM","main.exe","24160","CreateFileMapping","C:\Windows\System32\urlmon.dll","SUCCESS","SyncType: SyncTypeOther"
"12:22:54.0607443 PM","main.exe","24160","Load Image","C:\Windows\System32\urlmon.dll","SUCCESS","Image Base: 0x7fff900c0000, Image Size: 0x1dd000"
"12:22:54.0610397 PM","main.exe","24160","CloseFile","C:\Windows\System32\urlmon.dll","SUCCESS",""
"12:22:54.0709509 PM","main.exe","24160","CreateFile","C:\Windows\System32\urlmon.dll","SUCCESS","Desired Access: Read Attributes, Disposition: Open, Options: Open Reparse Point, Attributes: n/a, ShareMode: Read, Write, Delete, AllocationSize: n/a, OpenResult: Opened"
"12:22:54.0709817 PM","main.exe","24160","QueryBasicInformationFile","C:\Windows\System32\urlmon.dll","SUCCESS","CreationTime: 3/11/2026 1:06:41 PM, LastAccessTime: 4/4/2026 12:22:54 PM, LastWriteTime: 3/11/2026 1:06:42 PM, ChangeTime: 3/12/2026 12:16:24 AM, FileAttributes: A"
"12:22:54.0709958 PM","main.exe","24160","CloseFile","C:\Windows\System32\urlmon.dll","SUCCESS",""
"12:22:54.0710936 PM","main.exe","24160","CreateFile","C:\Windows\System32\urlmon.dll","SUCCESS","Desired Access: Read Data/List Directory, Execute/Traverse, Synchronize, Disposition: Open, Options: Synchronous IO Non-Alert, Non-Directory File, Attributes: n/a, ShareMode: Read, Delete, AllocationSize: n/a, OpenResult: Opened"
"12:22:54.0711311 PM","main.exe","24160","CreateFileMapping","C:\Windows\System32\urlmon.dll","FILE LOCKED WITH ONLY READERS","SyncType: SyncTypeCreateSection, PageProtection: PAGE_EXECUTE|PAGE_NOCACHE"
"12:22:54.0711549 PM","main.exe","24160","CreateFileMapping","C:\Windows\System32\urlmon.dll","SUCCESS","SyncType: SyncTypeOther"
"12:22:54.0712733 PM","main.exe","24160","Load Image","C:\Windows\System32\urlmon.dll","SUCCESS","Image Base: 0x7fff900c0000, Image Size: 0x1dd000"
"12:22:54.0715439 PM","main.exe","24160","CloseFile","C:\Windows\System32\urlmon.dll","SUCCESS",""
"12:22:54.0807955 PM","main.exe","24160","CreateFile","C:\Windows\System32\urlmon.dll","SUCCESS","Desired Access: Read Attributes, Disposition: Open, Options: Open Reparse Point, Attributes: n/a, ShareMode: Read, Write, Delete, AllocationSize: n/a, OpenResult: Opened"
"12:22:54.0808355 PM","main.exe","24160","QueryBasicInformationFile","C:\Windows\System32\urlmon.dll","SUCCESS","CreationTime: 3/11/2026 1:06:41 PM, LastAccessTime: 4/4/2026 12:22:54 PM, LastWriteTime: 3/11/2026 1:06:42 PM, ChangeTime: 3/12/2026 12:16:24 AM, FileAttributes: A"
"12:22:54.0808495 PM","main.exe","24160","CloseFile","C:\Windows\System32\urlmon.dll","SUCCESS",""
"12:22:54.0809601 PM","main.exe","24160","CreateFile","C:\Windows\System32\urlmon.dll","SUCCESS","Desired Access: Read Data/List Directory, Execute/Traverse, Synchronize, Disposition: Open, Options: Synchronous IO Non-Alert, Non-Directory File, Attributes: n/a, ShareMode: Read, Delete, AllocationSize: n/a, OpenResult: Opened"
"12:22:54.0810090 PM","main.exe","24160","CreateFileMapping","C:\Windows\System32\urlmon.dll","FILE LOCKED WITH ONLY READERS","SyncType: SyncTypeCreateSection, PageProtection: PAGE_EXECUTE|PAGE_NOCACHE"
"12:22:54.0810396 PM","main.exe","24160","CreateFileMapping","C:\Windows\System32\urlmon.dll","SUCCESS","SyncType: SyncTypeOther"
"12:22:54.0811971 PM","main.exe","24160","Load Image","C:\Windows\System32\urlmon.dll","SUCCESS","Image Base: 0x7fff900c0000, Image Size: 0x1dd000"
"12:22:54.0816420 PM","main.exe","24160","CloseFile","C:\Windows\System32\urlmon.dll","SUCCESS",""
"12:22:54.0935201 PM","main.exe","24160","CreateFile","C:\Windows\System32\urlmon.dll","SUCCESS","Desired Access: Read Attributes, Disposition: Open, Options: Open Reparse Point, Attributes: n/a, ShareMode: Read, Write, Delete, AllocationSize: n/a, OpenResult: Opened"
"12:22:54.0935543 PM","main.exe","24160","QueryBasicInformationFile","C:\Windows\System32\urlmon.dll","SUCCESS","CreationTime: 3/11/2026 1:06:41 PM, LastAccessTime: 4/4/2026 12:22:54 PM, LastWriteTime: 3/11/2026 1:06:42 PM, ChangeTime: 3/12/2026 12:16:24 AM, FileAttributes: A"
"12:22:54.0935653 PM","main.exe","24160","CloseFile","C:\Windows\System32\urlmon.dll","SUCCESS",""
"12:22:54.0937009 PM","main.exe","24160","CreateFile","C:\Windows\System32\urlmon.dll","SUCCESS","Desired Access: Read Data/List Directory, Execute/Traverse, Synchronize, Disposition: Open, Options: Synchronous IO Non-Alert, Non-Directory File, Attributes: n/a, ShareMode: Read, Delete, AllocationSize: n/a, OpenResult: Opened"
"12:22:54.0937503 PM","main.exe","24160","CreateFileMapping","C:\Windows\System32\urlmon.dll","FILE LOCKED WITH ONLY READERS","SyncType: SyncTypeCreateSection, PageProtection: PAGE_EXECUTE|PAGE_NOCACHE"
"12:22:54.0937752 PM","main.exe","24160","CreateFileMapping","C:\Windows\System32\urlmon.dll","SUCCESS","SyncType: SyncTypeOther"
"12:22:54.0939055 PM","main.exe","24160","Load Image","C:\Windows\System32\urlmon.dll","SUCCESS","Image Base: 0x7fff900c0000, Image Size: 0x1dd000"
"12:22:54.0943275 PM","main.exe","24160","CloseFile","C:\Windows\System32\urlmon.dll","SUCCESS",""
"12:22:54.1057502 PM","main.exe","24160","CreateFile","C:\Windows\System32\urlmon.dll","SUCCESS","Desired Access: Read Attributes, Disposition: Open, Options: Open Reparse Point, Attributes: n/a, ShareMode: Read, Write, Delete, AllocationSize: n/a, OpenResult: Opened"
"12:22:54.1057842 PM","main.exe","24160","QueryBasicInformationFile","C:\Windows\System32\urlmon.dll","SUCCESS","CreationTime: 3/11/2026 1:06:41 PM, LastAccessTime: 4/4/2026 12:22:54 PM, LastWriteTime: 3/11/2026 1:06:42 PM, ChangeTime: 3/12/2026 12:16:24 AM, FileAttributes: A"
"12:22:54.1057945 PM","main.exe","24160","CloseFile","C:\Windows\System32\urlmon.dll","SUCCESS",""
"12:22:54.1058739 PM","main.exe","24160","CreateFile","C:\Windows\System32\urlmon.dll","SUCCESS","Desired Access: Read Data/List Directory, Execute/Traverse, Synchronize, Disposition: Open, Options: Synchronous IO Non-Alert, Non-Directory File, Attributes: n/a, ShareMode: Read, Delete, AllocationSize: n/a, OpenResult: Opened"
"12:22:54.1059122 PM","main.exe","24160","CreateFileMapping","C:\Windows\System32\urlmon.dll","FILE LOCKED WITH ONLY READERS","SyncType: SyncTypeCreateSection, PageProtection: PAGE_EXECUTE|PAGE_NOCACHE"
"12:22:54.1059364 PM","main.exe","24160","CreateFileMapping","C:\Windows\System32\urlmon.dll","SUCCESS","SyncType: SyncTypeOther"
"12:22:54.1060574 PM","main.exe","24160","Load Image","C:\Windows\System32\urlmon.dll","SUCCESS","Image Base: 0x7fff900c0000, Image Size: 0x1dd000"
"12:22:54.1063304 PM","main.exe","24160","CloseFile","C:\Windows\System32\urlmon.dll","SUCCESS",""
"12:22:54.1166295 PM","main.exe","24160","CreateFile","C:\Windows\System32\urlmon.dll","SUCCESS","Desired Access: Read Attributes, Disposition: Open, Options: Open Reparse Point, Attributes: n/a, ShareMode: Read, Write, Delete, AllocationSize: n/a, OpenResult: Opened"
"12:22:54.1166639 PM","main.exe","24160","QueryBasicInformationFile","C:\Windows\System32\urlmon.dll","SUCCESS","CreationTime: 3/11/2026 1:06:41 PM, LastAccessTime: 4/4/2026 12:22:54 PM, LastWriteTime: 3/11/2026 1:06:42 PM, ChangeTime: 3/12/2026 12:16:24 AM, FileAttributes: A"
"12:22:54.1166748 PM","main.exe","24160","CloseFile","C:\Windows\System32\urlmon.dll","SUCCESS",""
"12:22:54.1167615 PM","main.exe","24160","CreateFile","C:\Windows\System32\urlmon.dll","SUCCESS","Desired Access: Read Data/List Directory, Execute/Traverse, Synchronize, Disposition: Open, Options: Synchronous IO Non-Alert, Non-Directory File, Attributes: n/a, ShareMode: Read, Delete, AllocationSize: n/a, OpenResult: Opened"
"12:22:54.1168008 PM","main.exe","24160","CreateFileMapping","C:\Windows\System32\urlmon.dll","FILE LOCKED WITH ONLY READERS","SyncType: SyncTypeCreateSection, PageProtection: PAGE_EXECUTE|PAGE_NOCACHE"
"12:22:54.1168256 PM","main.exe","24160","CreateFileMapping","C:\Windows\System32\urlmon.dll","SUCCESS","SyncType: SyncTypeOther"
"12:22:54.1170018 PM","main.exe","24160","Load Image","C:\Windows\System32\urlmon.dll","SUCCESS","Image Base: 0x7fff900c0000, Image Size: 0x1dd000"
"12:22:54.1176521 PM","main.exe","24160","CloseFile","C:\Windows\System32\urlmon.dll","SUCCESS",""
"12:22:54.1284541 PM","main.exe","24160","CreateFile","C:\Windows\System32\urlmon.dll","SUCCESS","Desired Access: Read Attributes, Disposition: Open, Options: Open Reparse Point, Attributes: n/a, ShareMode: Read, Write, Delete, AllocationSize: n/a, OpenResult: Opened"
"12:22:54.1284904 PM","main.exe","24160","QueryBasicInformationFile","C:\Windows\System32\urlmon.dll","SUCCESS","CreationTime: 3/11/2026 1:06:41 PM, LastAccessTime: 4/4/2026 12:22:54 PM, LastWriteTime: 3/11/2026 1:06:42 PM, ChangeTime: 3/12/2026 12:16:24 AM, FileAttributes: A"
"12:22:54.1285028 PM","main.exe","24160","CloseFile","C:\Windows\System32\urlmon.dll","SUCCESS",""
"12:22:54.1286199 PM","main.exe","24160","CreateFile","C:\Windows\System32\urlmon.dll","SUCCESS","Desired Access: Read Data/List Directory, Execute/Traverse, Synchronize, Disposition: Open, Options: Synchronous IO Non-Alert, Non-Directory File, Attributes: n/a, ShareMode: Read, Delete, AllocationSize: n/a, OpenResult: Opened"
"12:22:54.1286641 PM","main.exe","24160","CreateFileMapping","C:\Windows\System32\urlmon.dll","FILE LOCKED WITH ONLY READERS","SyncType: SyncTypeCreateSection, PageProtection: PAGE_EXECUTE|PAGE_NOCACHE"
"12:22:54.1286913 PM","main.exe","24160","CreateFileMapping","C:\Windows\System32\urlmon.dll","SUCCESS","SyncType: SyncTypeOther"
"12:22:54.1288097 PM","main.exe","24160","Load Image","C:\Windows\System32\urlmon.dll","SUCCESS","Image Base: 0x7fff900c0000, Image Size: 0x1dd000"
"12:22:54.1295060 PM","main.exe","24160","CloseFile","C:\Windows\System32\urlmon.dll","SUCCESS",""
"12:22:54.1410593 PM","main.exe","24160","CreateFile","C:\Windows\System32\urlmon.dll","SUCCESS","Desired Access: Read Attributes, Disposition: Open, Options: Open Reparse Point, Attributes: n/a, ShareMode: Read, Write, Delete, AllocationSize: n/a, OpenResult: Opened"
"12:22:54.1410938 PM","main.exe","24160","QueryBasicInformationFile","C:\Windows\System32\urlmon.dll","SUCCESS","CreationTime: 3/11/2026 1:06:41 PM, LastAccessTime: 4/4/2026 12:22:54 PM, LastWriteTime: 3/11/2026 1:06:42 PM, ChangeTime: 3/12/2026 12:16:24 AM, FileAttributes: A"
"12:22:54.1411040 PM","main.exe","24160","CloseFile","C:\Windows\System32\urlmon.dll","SUCCESS",""
"12:22:54.1411944 PM","main.exe","24160","CreateFile","C:\Windows\System32\urlmon.dll","SUCCESS","Desired Access: Read Data/List Directory, Execute/Traverse, Synchronize, Disposition: Open, Options: Synchronous IO Non-Alert, Non-Directory File, Attributes: n/a, ShareMode: Read, Delete, AllocationSize: n/a, OpenResult: Opened"
"12:22:54.1412318 PM","main.exe","24160","CreateFileMapping","C:\Windows\System32\urlmon.dll","FILE LOCKED WITH ONLY READERS","SyncType: SyncTypeCreateSection, PageProtection: PAGE_EXECUTE|PAGE_NOCACHE"
"12:22:54.1412537 PM","main.exe","24160","CreateFileMapping","C:\Windows\System32\urlmon.dll","SUCCESS","SyncType: SyncTypeOther"
"12:22:54.1413807 PM","main.exe","24160","Load Image","C:\Windows\System32\urlmon.dll","SUCCESS","Image Base: 0x7fff900c0000, Image Size: 0x1dd000"
"12:22:54.1416390 PM","main.exe","24160","CloseFile","C:\Windows\System32\urlmon.dll","SUCCESS",""
"12:22:54.1511749 PM","main.exe","24160","CreateFile","C:\Windows\System32\urlmon.dll","SUCCESS","Desired Access: Read Attributes, Disposition: Open, Options: Open Reparse Point, Attributes: n/a, ShareMode: Read, Write, Delete, AllocationSize: n/a, OpenResult: Opened"
"12:22:54.1512117 PM","main.exe","24160","QueryBasicInformationFile","C:\Windows\System32\urlmon.dll","SUCCESS","CreationTime: 3/11/2026 1:06:41 PM, LastAccessTime: 4/4/2026 12:22:54 PM, LastWriteTime: 3/11/2026 1:06:42 PM, ChangeTime: 3/12/2026 12:16:24 AM, FileAttributes: A"
"12:22:54.1512226 PM","main.exe","24160","CloseFile","C:\Windows\System32\urlmon.dll","SUCCESS",""
"12:22:54.1513030 PM","main.exe","24160","CreateFile","C:\Windows\System32\urlmon.dll","SUCCESS","Desired Access: Read Data/List Directory, Execute/Traverse, Synchronize, Disposition: Open, Options: Synchronous IO Non-Alert, Non-Directory File, Attributes: n/a, ShareMode: Read, Delete, AllocationSize: n/a, OpenResult: Opened"
"12:22:54.1513447 PM","main.exe","24160","CreateFileMapping","C:\Windows\System32\urlmon.dll","FILE LOCKED WITH ONLY READERS","SyncType: SyncTypeCreateSection, PageProtection: PAGE_EXECUTE|PAGE_NOCACHE"
"12:22:54.1513685 PM","main.exe","24160","CreateFileMapping","C:\Windows\System32\urlmon.dll","SUCCESS","SyncType: SyncTypeOther"
"12:22:54.1514798 PM","main.exe","24160","Load Image","C:\Windows\System32\urlmon.dll","SUCCESS","Image Base: 0x7fff900c0000, Image Size: 0x1dd000"
"12:22:54.1517477 PM","main.exe","24160","CloseFile","C:\Windows\System32\urlmon.dll","SUCCESS",""
"12:22:54.1602149 PM","main.exe","24160","CreateFile","C:\Windows\System32\urlmon.dll","SUCCESS","Desired Access: Read Attributes, Disposition: Open, Options: Open Reparse Point, Attributes: n/a, ShareMode: Read, Write, Delete, AllocationSize: n/a, OpenResult: Opened"
"12:22:54.1602531 PM","main.exe","24160","QueryBasicInformationFile","C:\Windows\System32\urlmon.dll","SUCCESS","CreationTime: 3/11/2026 1:06:41 PM, LastAccessTime: 4/4/2026 12:22:54 PM, LastWriteTime: 3/11/2026 1:06:42 PM, ChangeTime: 3/12/2026 12:16:24 AM, FileAttributes: A"
"12:22:54.1602647 PM","main.exe","24160","CloseFile","C:\Windows\System32\urlmon.dll","SUCCESS",""
"12:22:54.1603572 PM","main.exe","24160","CreateFile","C:\Windows\System32\urlmon.dll","SUCCESS","Desired Access: Read Data/List Directory, Execute/Traverse, Synchronize, Disposition: Open, Options: Synchronous IO Non-Alert, Non-Directory File, Attributes: n/a, ShareMode: Read, Delete, AllocationSize: n/a, OpenResult: Opened"
"12:22:54.1603989 PM","main.exe","24160","CreateFileMapping","C:\Windows\System32\urlmon.dll","FILE LOCKED WITH ONLY READERS","SyncType: SyncTypeCreateSection, PageProtection: PAGE_EXECUTE|PAGE_NOCACHE"
"12:22:54.1604251 PM","main.exe","24160","CreateFileMapping","C:\Windows\System32\urlmon.dll","SUCCESS","SyncType: SyncTypeOther"
"12:22:54.1605480 PM","main.exe","24160","Load Image","C:\Windows\System32\urlmon.dll","SUCCESS","Image Base: 0x7fff900c0000, Image Size: 0x1dd000"
"12:22:54.1608462 PM","main.exe","24160","CloseFile","C:\Windows\System32\urlmon.dll","SUCCESS",""
"12:22:54.1697584 PM","main.exe","24160","CreateFile","C:\Windows\System32\urlmon.dll","SUCCESS","Desired Access: Read Attributes, Disposition: Open, Options: Open Reparse Point, Attributes: n/a, ShareMode: Read, Write, Delete, AllocationSize: n/a, OpenResult: Opened"
"12:22:54.1697927 PM","main.exe","24160","QueryBasicInformationFile","C:\Windows\System32\urlmon.dll","SUCCESS","CreationTime: 3/11/2026 1:06:41 PM, LastAccessTime: 4/4/2026 12:22:54 PM, LastWriteTime: 3/11/2026 1:06:42 PM, ChangeTime: 3/12/2026 12:16:24 AM, FileAttributes: A"
"12:22:54.1698036 PM","main.exe","24160","CloseFile","C:\Windows\System32\urlmon.dll","SUCCESS",""
"12:22:54.1698820 PM","main.exe","24160","CreateFile","C:\Windows\System32\urlmon.dll","SUCCESS","Desired Access: Read Data/List Directory, Execute/Traverse, Synchronize, Disposition: Open, Options: Synchronous IO Non-Alert, Non-Directory File, Attributes: n/a, ShareMode: Read, Delete, AllocationSize: n/a, OpenResult: Opened"
"12:22:54.1699198 PM","main.exe","24160","CreateFileMapping","C:\Windows\System32\urlmon.dll","FILE LOCKED WITH ONLY READERS","SyncType: SyncTypeCreateSection, PageProtection: PAGE_EXECUTE|PAGE_NOCACHE"
"12:22:54.1699433 PM","main.exe","24160","CreateFileMapping","C:\Windows\System32\urlmon.dll","SUCCESS","SyncType: SyncTypeOther"
"12:22:54.1700719 PM","main.exe","24160","Load Image","C:\Windows\System32\urlmon.dll","SUCCESS","Image Base: 0x7fff900c0000, Image Size: 0x1dd000"
"12:22:54.1704445 PM","main.exe","24160","CloseFile","C:\Windows\System32\urlmon.dll","SUCCESS",""
"12:22:54.1799537 PM","main.exe","24160","CreateFile","C:\Windows\System32\urlmon.dll","SUCCESS","Desired Access: Read Attributes, Disposition: Open, Options: Open Reparse Point, Attributes: n/a, ShareMode: Read, Write, Delete, AllocationSize: n/a, OpenResult: Opened"
"12:22:54.1799893 PM","main.exe","24160","QueryBasicInformationFile","C:\Windows\System32\urlmon.dll","SUCCESS","CreationTime: 3/11/2026 1:06:41 PM, LastAccessTime: 4/4/2026 12:22:54 PM, LastWriteTime: 3/11/2026 1:06:42 PM, ChangeTime: 3/12/2026 12:16:24 AM, FileAttributes: A"
"12:22:54.1800002 PM","main.exe","24160","CloseFile","C:\Windows\System32\urlmon.dll","SUCCESS",""
"12:22:54.1800792 PM","main.exe","24160","CreateFile","C:\Windows\System32\urlmon.dll","SUCCESS","Desired Access: Read Data/List Directory, Execute/Traverse, Synchronize, Disposition: Open, Options: Synchronous IO Non-Alert, Non-Directory File, Attributes: n/a, ShareMode: Read, Delete, AllocationSize: n/a, OpenResult: Opened"
"12:22:54.1801206 PM","main.exe","24160","CreateFileMapping","C:\Windows\System32\urlmon.dll","FILE LOCKED WITH ONLY READERS","SyncType: SyncTypeCreateSection, PageProtection: PAGE_EXECUTE|PAGE_NOCACHE"
"12:22:54.1801463 PM","main.exe","24160","CreateFileMapping","C:\Windows\System32\urlmon.dll","SUCCESS","SyncType: SyncTypeOther"
"12:22:54.1802702 PM","main.exe","24160","Load Image","C:\Windows\System32\urlmon.dll","SUCCESS","Image Base: 0x7fff900c0000, Image Size: 0x1dd000"
"12:22:54.1805424 PM","main.exe","24160","CloseFile","C:\Windows\System32\urlmon.dll","SUCCESS",""
"12:22:54.1891033 PM","main.exe","24160","CreateFile","C:\Windows\System32\urlmon.dll","SUCCESS","Desired Access: Read Attributes, Disposition: Open, Options: Open Reparse Point, Attributes: n/a, ShareMode: Read, Write, Delete, AllocationSize: n/a, OpenResult: Opened"
"12:22:54.1891442 PM","main.exe","24160","QueryBasicInformationFile","C:\Windows\System32\urlmon.dll","SUCCESS","CreationTime: 3/11/2026 1:06:41 PM, LastAccessTime: 4/4/2026 12:22:54 PM, LastWriteTime: 3/11/2026 1:06:42 PM, ChangeTime: 3/12/2026 12:16:24 AM, FileAttributes: A"
"12:22:54.1891562 PM","main.exe","24160","CloseFile","C:\Windows\System32\urlmon.dll","SUCCESS",""
"12:22:54.1892403 PM","main.exe","24160","CreateFile","C:\Windows\System32\urlmon.dll","SUCCESS","Desired Access: Read Data/List Directory, Execute/Traverse, Synchronize, Disposition: Open, Options: Synchronous IO Non-Alert, Non-Directory File, Attributes: n/a, ShareMode: Read, Delete, AllocationSize: n/a, OpenResult: Opened"
"12:22:54.1892835 PM","main.exe","24160","CreateFileMapping","C:\Windows\System32\urlmon.dll","FILE LOCKED WITH ONLY READERS","SyncType: SyncTypeCreateSection, PageProtection: PAGE_EXECUTE|PAGE_NOCACHE"
"12:22:54.1893136 PM","main.exe","24160","CreateFileMapping","C:\Windows\System32\urlmon.dll","SUCCESS","SyncType: SyncTypeOther"
"12:22:54.1894449 PM","main.exe","24160","Load Image","C:\Windows\System32\urlmon.dll","SUCCESS","Image Base: 0x7fff900c0000, Image Size: 0x1dd000"
"12:22:54.1898762 PM","main.exe","24160","CloseFile","C:\Windows\System32\urlmon.dll","SUCCESS",""
"12:22:54.1984657 PM","main.exe","24160","CreateFile","C:\Windows\System32\urlmon.dll","SUCCESS","Desired Access: Read Attributes, Disposition: Open, Options: Open Reparse Point, Attributes: n/a, ShareMode: Read, Write, Delete, AllocationSize: n/a, OpenResult: Opened"
"12:22:54.1985057 PM","main.exe","24160","QueryBasicInformationFile","C:\Windows\System32\urlmon.dll","SUCCESS","CreationTime: 3/11/2026 1:06:41 PM, LastAccessTime: 4/4/2026 12:22:54 PM, LastWriteTime: 3/11/2026 1:06:42 PM, ChangeTime: 3/12/2026 12:16:24 AM, FileAttributes: A"
"12:22:54.1985203 PM","main.exe","24160","CloseFile","C:\Windows\System32\urlmon.dll","SUCCESS",""
"12:22:54.1986378 PM","main.exe","24160","CreateFile","C:\Windows\System32\urlmon.dll","SUCCESS","Desired Access: Read Data/List Directory, Execute/Traverse, Synchronize, Disposition: Open, Options: Synchronous IO Non-Alert, Non-Directory File, Attributes: n/a, ShareMode: Read, Delete, AllocationSize: n/a, OpenResult: Opened"
"12:22:54.1986870 PM","main.exe","24160","CreateFileMapping","C:\Windows\System32\urlmon.dll","FILE LOCKED WITH ONLY READERS","SyncType: SyncTypeCreateSection, PageProtection: PAGE_EXECUTE|PAGE_NOCACHE"
"12:22:54.1987164 PM","main.exe","24160","CreateFileMapping","C:\Windows\System32\urlmon.dll","SUCCESS","SyncType: SyncTypeOther"
"12:22:54.1988486 PM","main.exe","24160","Load Image","C:\Windows\System32\urlmon.dll","SUCCESS","Image Base: 0x7fff900c0000, Image Size: 0x1dd000"
"12:22:54.1991766 PM","main.exe","24160","CloseFile","C:\Windows\System32\urlmon.dll","SUCCESS",""
"12:22:54.2083314 PM","main.exe","24160","CreateFile","C:\Windows\System32\urlmon.dll","SUCCESS","Desired Access: Read Attributes, Disposition: Open, Options: Open Reparse Point, Attributes: n/a, ShareMode: Read, Write, Delete, AllocationSize: n/a, OpenResult: Opened"
"12:22:54.2083803 PM","main.exe","24160","QueryBasicInformationFile","C:\Windows\System32\urlmon.dll","SUCCESS","CreationTime: 3/11/2026 1:06:41 PM, LastAccessTime: 4/4/2026 12:22:54 PM, LastWriteTime: 3/11/2026 1:06:42 PM, ChangeTime: 3/12/2026 12:16:24 AM, FileAttributes: A"
"12:22:54.2083972 PM","main.exe","24160","CloseFile","C:\Windows\System32\urlmon.dll","SUCCESS",""
"12:22:54.2084892 PM","main.exe","24160","CreateFile","C:\Windows\System32\urlmon.dll","SUCCESS","Desired Access: Read Data/List Directory, Execute/Traverse, Synchronize, Disposition: Open, Options: Synchronous IO Non-Alert, Non-Directory File, Attributes: n/a, ShareMode: Read, Delete, AllocationSize: n/a, OpenResult: Opened"
"12:22:54.2085315 PM","main.exe","24160","CreateFileMapping","C:\Windows\System32\urlmon.dll","FILE LOCKED WITH ONLY READERS","SyncType: SyncTypeCreateSection, PageProtection: PAGE_EXECUTE|PAGE_NOCACHE"
"12:22:54.2085554 PM","main.exe","24160","CreateFileMapping","C:\Windows\System32\urlmon.dll","SUCCESS","SyncType: SyncTypeOther"
"12:22:54.2087000 PM","main.exe","24160","Load Image","C:\Windows\System32\urlmon.dll","SUCCESS","Image Base: 0x7fff900c0000, Image Size: 0x1dd000"
"12:22:54.2091482 PM","main.exe","24160","CloseFile","C:\Windows\System32\urlmon.dll","SUCCESS",""
"12:22:54.2787628 PM","main.exe","24160","CreateFile","C:\Windows\System32\urlmon.dll","SUCCESS","Desired Access: Read Attributes, Disposition: Open, Options: Open Reparse Point, Attributes: n/a, ShareMode: Read, Write, Delete, AllocationSize: n/a, OpenResult: Opened"
"12:22:54.2788103 PM","main.exe","24160","QueryBasicInformationFile","C:\Windows\System32\urlmon.dll","SUCCESS","CreationTime: 3/11/2026 1:06:41 PM, LastAccessTime: 4/4/2026 12:22:54 PM, LastWriteTime: 3/11/2026 1:06:42 PM, ChangeTime: 3/12/2026 12:16:24 AM, FileAttributes: A"
"12:22:54.2788252 PM","main.exe","24160","CloseFile","C:\Windows\System32\urlmon.dll","SUCCESS",""
"12:22:54.2789391 PM","main.exe","24160","CreateFile","C:\Windows\System32\urlmon.dll","SUCCESS","Desired Access: Read Data/List Directory, Execute/Traverse, Synchronize, Disposition: Open, Options: Synchronous IO Non-Alert, Non-Directory File, Attributes: n/a, ShareMode: Read, Delete, AllocationSize: n/a, OpenResult: Opened"
"12:22:54.2789935 PM","main.exe","24160","CreateFileMapping","C:\Windows\System32\urlmon.dll","FILE LOCKED WITH ONLY READERS","SyncType: SyncTypeCreateSection, PageProtection: PAGE_EXECUTE|PAGE_NOCACHE"
"12:22:54.2790260 PM","main.exe","24160","CreateFileMapping","C:\Windows\System32\urlmon.dll","SUCCESS","SyncType: SyncTypeOther"
"12:22:54.2791722 PM","main.exe","24160","Load Image","C:\Windows\System32\urlmon.dll","SUCCESS","Image Base: 0x7fff900c0000, Image Size: 0x1dd000"
"12:22:54.2795481 PM","main.exe","24160","CloseFile","C:\Windows\System32\urlmon.dll","SUCCESS",""
"12:22:54.2920738 PM","main.exe","24160","CreateFile","C:\Windows\System32\urlmon.dll","SUCCESS","Desired Access: Read Attributes, Disposition: Open, Options: Open Reparse Point, Attributes: n/a, ShareMode: Read, Write, Delete, AllocationSize: n/a, OpenResult: Opened"
"12:22:54.2921303 PM","main.exe","24160","QueryBasicInformationFile","C:\Windows\System32\urlmon.dll","SUCCESS","CreationTime: 3/11/2026 1:06:41 PM, LastAccessTime: 4/4/2026 12:22:54 PM, LastWriteTime: 3/11/2026 1:06:42 PM, ChangeTime: 3/12/2026 12:16:24 AM, FileAttributes: A"
"12:22:54.2921484 PM","main.exe","24160","CloseFile","C:\Windows\System32\urlmon.dll","SUCCESS",""
"12:22:54.2922720 PM","main.exe","24160","CreateFile","C:\Windows\System32\urlmon.dll","SUCCESS","Desired Access: Read Data/List Directory, Execute/Traverse, Synchronize, Disposition: Open, Options: Synchronous IO Non-Alert, Non-Directory File, Attributes: n/a, ShareMode: Read, Delete, AllocationSize: n/a, OpenResult: Opened"
"12:22:54.2923267 PM","main.exe","24160","CreateFileMapping","C:\Windows\System32\urlmon.dll","FILE LOCKED WITH ONLY READERS","SyncType: SyncTypeCreateSection, PageProtection: PAGE_EXECUTE|PAGE_NOCACHE"
"12:22:54.2923621 PM","main.exe","24160","CreateFileMapping","C:\Windows\System32\urlmon.dll","SUCCESS","SyncType: SyncTypeOther"
"12:22:54.2926797 PM","main.exe","24160","Load Image","C:\Windows\System32\urlmon.dll","SUCCESS","Image Base: 0x7fff900c0000, Image Size: 0x1dd000"
"12:22:54.2930856 PM","main.exe","24160","CloseFile","C:\Windows\System32\urlmon.dll","SUCCESS",""
"12:22:54.3022175 PM","main.exe","24160","CreateFile","C:\Windows\System32\urlmon.dll","SUCCESS","Desired Access: Read Attributes, Disposition: Open, Options: Open Reparse Point, Attributes: n/a, ShareMode: Read, Write, Delete, AllocationSize: n/a, OpenResult: Opened"
"12:22:54.3022533 PM","main.exe","24160","QueryBasicInformationFile","C:\Windows\System32\urlmon.dll","SUCCESS","CreationTime: 3/11/2026 1:06:41 PM, LastAccessTime: 4/4/2026 12:22:54 PM, LastWriteTime: 3/11/2026 1:06:42 PM, ChangeTime: 3/12/2026 12:16:24 AM, FileAttributes: A"
"12:22:54.3022644 PM","main.exe","24160","CloseFile","C:\Windows\System32\urlmon.dll","SUCCESS",""
"12:22:54.3023883 PM","main.exe","24160","CreateFile","C:\Windows\System32\urlmon.dll","SUCCESS","Desired Access: Read Data/List Directory, Execute/Traverse, Synchronize, Disposition: Open, Options: Synchronous IO Non-Alert, Non-Directory File, Attributes: n/a, ShareMode: Read, Delete, AllocationSize: n/a, OpenResult: Opened"
"12:22:54.3024597 PM","main.exe","24160","CreateFileMapping","C:\Windows\System32\urlmon.dll","FILE LOCKED WITH ONLY READERS","SyncType: SyncTypeCreateSection, PageProtection: PAGE_EXECUTE|PAGE_NOCACHE"
"12:22:54.3025610 PM","main.exe","24160","CreateFileMapping","C:\Windows\System32\urlmon.dll","SUCCESS","SyncType: SyncTypeOther"
"12:22:54.3027173 PM","main.exe","24160","Load Image","C:\Windows\System32\urlmon.dll","SUCCESS","Image Base: 0x7fff900c0000, Image Size: 0x1dd000"
"12:22:54.3030879 PM","main.exe","24160","CloseFile","C:\Windows\System32\urlmon.dll","SUCCESS",""
"12:22:54.3135146 PM","main.exe","24160","CreateFile","C:\Windows\System32\urlmon.dll","SUCCESS","Desired Access: Read Attributes, Disposition: Open, Options: Open Reparse Point, Attributes: n/a, ShareMode: Read, Write, Delete, AllocationSize: n/a, OpenResult: Opened"
"12:22:54.3135452 PM","main.exe","24160","QueryBasicInformationFile","C:\Windows\System32\urlmon.dll","SUCCESS","CreationTime: 3/11/2026 1:06:41 PM, LastAccessTime: 4/4/2026 12:22:54 PM, LastWriteTime: 3/11/2026 1:06:42 PM, ChangeTime: 3/12/2026 12:16:24 AM, FileAttributes: A"
"12:22:54.3135554 PM","main.exe","24160","CloseFile","C:\Windows\System32\urlmon.dll","SUCCESS",""
"12:22:54.3136349 PM","main.exe","24160","CreateFile","C:\Windows\System32\urlmon.dll","SUCCESS","Desired Access: Read Data/List Directory, Execute/Traverse, Synchronize, Disposition: Open, Options: Synchronous IO Non-Alert, Non-Directory File, Attributes: n/a, ShareMode: Read, Delete, AllocationSize: n/a, OpenResult: Opened"
"12:22:54.3136696 PM","main.exe","24160","CreateFileMapping","C:\Windows\System32\urlmon.dll","FILE LOCKED WITH ONLY READERS","SyncType: SyncTypeCreateSection, PageProtection: PAGE_EXECUTE|PAGE_NOCACHE"
"12:22:54.3136907 PM","main.exe","24160","CreateFileMapping","C:\Windows\System32\urlmon.dll","SUCCESS","SyncType: SyncTypeOther"
"12:22:54.3138041 PM","main.exe","24160","Load Image","C:\Windows\System32\urlmon.dll","SUCCESS","Image Base: 0x7fff900c0000, Image Size: 0x1dd000"
"12:22:54.3140660 PM","main.exe","24160","CloseFile","C:\Windows\System32\urlmon.dll","SUCCESS",""
"12:22:54.3237423 PM","main.exe","24160","CreateFile","C:\Windows\System32\urlmon.dll","SUCCESS","Desired Access: Read Attributes, Disposition: Open, Options: Open Reparse Point, Attributes: n/a, ShareMode: Read, Write, Delete, AllocationSize: n/a, OpenResult: Opened"
"12:22:54.3237806 PM","main.exe","24160","QueryBasicInformationFile","C:\Windows\System32\urlmon.dll","SUCCESS","CreationTime: 3/11/2026 1:06:41 PM, LastAccessTime: 4/4/2026 12:22:54 PM, LastWriteTime: 3/11/2026 1:06:42 PM, ChangeTime: 3/12/2026 12:16:24 AM, FileAttributes: A"
"12:22:54.3237989 PM","main.exe","24160","CloseFile","C:\Windows\System32\urlmon.dll","SUCCESS",""
"12:22:54.3238871 PM","main.exe","24160","CreateFile","C:\Windows\System32\urlmon.dll","SUCCESS","Desired Access: Read Data/List Directory, Execute/Traverse, Synchronize, Disposition: Open, Options: Synchronous IO Non-Alert, Non-Directory File, Attributes: n/a, ShareMode: Read, Delete, AllocationSize: n/a, OpenResult: Opened"
"12:22:54.3239265 PM","main.exe","24160","CreateFileMapping","C:\Windows\System32\urlmon.dll","FILE LOCKED WITH ONLY READERS","SyncType: SyncTypeCreateSection, PageProtection: PAGE_EXECUTE|PAGE_NOCACHE"
"12:22:54.3239510 PM","main.exe","24160","CreateFileMapping","C:\Windows\System32\urlmon.dll","SUCCESS","SyncType: SyncTypeOther"
"12:22:54.3240554 PM","main.exe","24160","Load Image","C:\Windows\System32\urlmon.dll","SUCCESS","Image Base: 0x7fff900c0000, Image Size: 0x1dd000"
"12:22:54.3243204 PM","main.exe","24160","CloseFile","C:\Windows\System32\urlmon.dll","SUCCESS",""
"12:22:54.3329743 PM","main.exe","24160","CreateFile","C:\Windows\System32\urlmon.dll","SUCCESS","Desired Access: Read Attributes, Disposition: Open, Options: Open Reparse Point, Attributes: n/a, ShareMode: Read, Write, Delete, AllocationSize: n/a, OpenResult: Opened"
"12:22:54.3330369 PM","main.exe","24160","QueryBasicInformationFile","C:\Windows\System32\urlmon.dll","SUCCESS","CreationTime: 3/11/2026 1:06:41 PM, LastAccessTime: 4/4/2026 12:22:54 PM, LastWriteTime: 3/11/2026 1:06:42 PM, ChangeTime: 3/12/2026 12:16:24 AM, FileAttributes: A"
"12:22:54.3330568 PM","main.exe","24160","CloseFile","C:\Windows\System32\urlmon.dll","SUCCESS",""
"12:22:54.3332138 PM","main.exe","24160","CreateFile","C:\Windows\System32\urlmon.dll","SUCCESS","Desired Access: Read Data/List Directory, Execute/Traverse, Synchronize, Disposition: Open, Options: Synchronous IO Non-Alert, Non-Directory File, Attributes: n/a, ShareMode: Read, Delete, AllocationSize: n/a, OpenResult: Opened"
"12:22:54.3332895 PM","main.exe","24160","CreateFileMapping","C:\Windows\System32\urlmon.dll","FILE LOCKED WITH ONLY READERS","SyncType: SyncTypeCreateSection, PageProtection: PAGE_EXECUTE|PAGE_NOCACHE"
"12:22:54.3333258 PM","main.exe","24160","CreateFileMapping","C:\Windows\System32\urlmon.dll","SUCCESS","SyncType: SyncTypeOther"
"12:22:54.3335710 PM","main.exe","24160","Load Image","C:\Windows\System32\urlmon.dll","SUCCESS","Image Base: 0x7fff900c0000, Image Size: 0x1dd000"
"12:22:54.3342964 PM","main.exe","24160","CloseFile","C:\Windows\System32\urlmon.dll","SUCCESS",""
"12:22:54.3441963 PM","main.exe","24160","CreateFile","C:\Windows\System32\urlmon.dll","SUCCESS","Desired Access: Read Attributes, Disposition: Open, Options: Open Reparse Point, Attributes: n/a, ShareMode: Read, Write, Delete, AllocationSize: n/a, OpenResult: Opened"
"12:22:54.3442292 PM","main.exe","24160","QueryBasicInformationFile","C:\Windows\System32\urlmon.dll","SUCCESS","CreationTime: 3/11/2026 1:06:41 PM, LastAccessTime: 4/4/2026 12:22:54 PM, LastWriteTime: 3/11/2026 1:06:42 PM, ChangeTime: 3/12/2026 12:16:24 AM, FileAttributes: A"
"12:22:54.3442400 PM","main.exe","24160","CloseFile","C:\Windows\System32\urlmon.dll","SUCCESS",""
"12:22:54.3443179 PM","main.exe","24160","CreateFile","C:\Windows\System32\urlmon.dll","SUCCESS","Desired Access: Read Data/List Directory, Execute/Traverse, Synchronize, Disposition: Open, Options: Synchronous IO Non-Alert, Non-Directory File, Attributes: n/a, ShareMode: Read, Delete, AllocationSize: n/a, OpenResult: Opened"
"12:22:54.3443549 PM","main.exe","24160","CreateFileMapping","C:\Windows\System32\urlmon.dll","FILE LOCKED WITH ONLY READERS","SyncType: SyncTypeCreateSection, PageProtection: PAGE_EXECUTE|PAGE_NOCACHE"
"12:22:54.3443779 PM","main.exe","24160","CreateFileMapping","C:\Windows\System32\urlmon.dll","SUCCESS","SyncType: SyncTypeOther"
"12:22:54.3444982 PM","main.exe","24160","Load Image","C:\Windows\System32\urlmon.dll","SUCCESS","Image Base: 0x7fff900c0000, Image Size: 0x1dd000"
"12:22:54.3448991 PM","main.exe","24160","CloseFile","C:\Windows\System32\urlmon.dll","SUCCESS",""
"12:22:54.3594929 PM","main.exe","24160","CreateFile","C:\Windows\System32\urlmon.dll","SUCCESS","Desired Access: Read Attributes, Disposition: Open, Options: Open Reparse Point, Attributes: n/a, ShareMode: Read, Write, Delete, AllocationSize: n/a, OpenResult: Opened"
"12:22:54.3595252 PM","main.exe","24160","QueryBasicInformationFile","C:\Windows\System32\urlmon.dll","SUCCESS","CreationTime: 3/11/2026 1:06:41 PM, LastAccessTime: 4/4/2026 12:22:54 PM, LastWriteTime: 3/11/2026 1:06:42 PM, ChangeTime: 3/12/2026 12:16:24 AM, FileAttributes: A"
"12:22:54.3595358 PM","main.exe","24160","CloseFile","C:\Windows\System32\urlmon.dll","SUCCESS",""
"12:22:54.3596128 PM","main.exe","24160","CreateFile","C:\Windows\System32\urlmon.dll","SUCCESS","Desired Access: Read Data/List Directory, Execute/Traverse, Synchronize, Disposition: Open, Options: Synchronous IO Non-Alert, Non-Directory File, Attributes: n/a, ShareMode: Read, Delete, AllocationSize: n/a, OpenResult: Opened"
"12:22:54.3596510 PM","main.exe","24160","CreateFileMapping","C:\Windows\System32\urlmon.dll","FILE LOCKED WITH ONLY READERS","SyncType: SyncTypeCreateSection, PageProtection: PAGE_EXECUTE|PAGE_NOCACHE"
"12:22:54.3596743 PM","main.exe","24160","CreateFileMapping","C:\Windows\System32\urlmon.dll","SUCCESS","SyncType: SyncTypeOther"
"12:22:54.3598223 PM","main.exe","24160","Load Image","C:\Windows\System32\urlmon.dll","SUCCESS","Image Base: 0x7fff900c0000, Image Size: 0x1dd000"
"12:22:54.3601582 PM","main.exe","24160","CloseFile","C:\Windows\System32\urlmon.dll","SUCCESS",""
"12:22:54.3772493 PM","main.exe","24160","CreateFile","C:\Windows\System32\urlmon.dll","SUCCESS","Desired Access: Read Attributes, Disposition: Open, Options: Open Reparse Point, Attributes: n/a, ShareMode: Read, Write, Delete, AllocationSize: n/a, OpenResult: Opened"
"12:22:54.3772975 PM","main.exe","24160","QueryBasicInformationFile","C:\Windows\System32\urlmon.dll","SUCCESS","CreationTime: 3/11/2026 1:06:41 PM, LastAccessTime: 4/4/2026 12:22:54 PM, LastWriteTime: 3/11/2026 1:06:42 PM, ChangeTime: 3/12/2026 12:16:24 AM, FileAttributes: A"
"12:22:54.3773135 PM","main.exe","24160","CloseFile","C:\Windows\System32\urlmon.dll","SUCCESS",""
"12:22:54.3774545 PM","main.exe","24160","CreateFile","C:\Windows\System32\urlmon.dll","SUCCESS","Desired Access: Read Data/List Directory, Execute/Traverse, Synchronize, Disposition: Open, Options: Synchronous IO Non-Alert, Non-Directory File, Attributes: n/a, ShareMode: Read, Delete, AllocationSize: n/a, OpenResult: Opened"
"12:22:54.3775162 PM","main.exe","24160","CreateFileMapping","C:\Windows\System32\urlmon.dll","FILE LOCKED WITH ONLY READERS","SyncType: SyncTypeCreateSection, PageProtection: PAGE_EXECUTE|PAGE_NOCACHE"
"12:22:54.3775597 PM","main.exe","24160","CreateFileMapping","C:\Windows\System32\urlmon.dll","SUCCESS","SyncType: SyncTypeOther"
"12:22:54.3777013 PM","main.exe","24160","Load Image","C:\Windows\System32\urlmon.dll","SUCCESS","Image Base: 0x7fff900c0000, Image Size: 0x1dd000"
"12:22:54.3780821 PM","main.exe","24160","CloseFile","C:\Windows\System32\urlmon.dll","SUCCESS",""
"12:22:54.3935469 PM","main.exe","24160","CreateFile","C:\Windows\System32\urlmon.dll","SUCCESS","Desired Access: Read Attributes, Disposition: Open, Options: Open Reparse Point, Attributes: n/a, ShareMode: Read, Write, Delete, AllocationSize: n/a, OpenResult: Opened"
"12:22:54.3935814 PM","main.exe","24160","QueryBasicInformationFile","C:\Windows\System32\urlmon.dll","SUCCESS","CreationTime: 3/11/2026 1:06:41 PM, LastAccessTime: 4/4/2026 12:22:54 PM, LastWriteTime: 3/11/2026 1:06:42 PM, ChangeTime: 3/12/2026 12:16:24 AM, FileAttributes: A"
"12:22:54.3935919 PM","main.exe","24160","CloseFile","C:\Windows\System32\urlmon.dll","SUCCESS",""
"12:22:54.3937067 PM","main.exe","24160","CreateFile","C:\Windows\System32\urlmon.dll","SUCCESS","Desired Access: Read Data/List Directory, Execute/Traverse, Synchronize, Disposition: Open, Options: Synchronous IO Non-Alert, Non-Directory File, Attributes: n/a, ShareMode: Read, Delete, AllocationSize: n/a, OpenResult: Opened"
"12:22:54.3938473 PM","main.exe","24160","CreateFileMapping","C:\Windows\System32\urlmon.dll","FILE LOCKED WITH ONLY READERS","SyncType: SyncTypeCreateSection, PageProtection: PAGE_EXECUTE|PAGE_NOCACHE"
"12:22:54.3938878 PM","main.exe","24160","CreateFileMapping","C:\Windows\System32\urlmon.dll","SUCCESS","SyncType: SyncTypeOther"
"12:22:54.3940182 PM","main.exe","24160","Load Image","C:\Windows\System32\urlmon.dll","SUCCESS","Image Base: 0x7fff900c0000, Image Size: 0x1dd000"
"12:22:54.3943657 PM","main.exe","24160","CloseFile","C:\Windows\System32\urlmon.dll","SUCCESS",""
"12:22:54.4108192 PM","main.exe","24160","CreateFile","C:\Windows\System32\urlmon.dll","SUCCESS","Desired Access: Read Attributes, Disposition: Open, Options: Open Reparse Point, Attributes: n/a, ShareMode: Read, Write, Delete, AllocationSize: n/a, OpenResult: Opened"
"12:22:54.4108640 PM","main.exe","24160","QueryBasicInformationFile","C:\Windows\System32\urlmon.dll","SUCCESS","CreationTime: 3/11/2026 1:06:41 PM, LastAccessTime: 4/4/2026 12:22:54 PM, LastWriteTime: 3/11/2026 1:06:42 PM, ChangeTime: 3/12/2026 12:16:24 AM, FileAttributes: A"
"12:22:54.4108803 PM","main.exe","24160","CloseFile","C:\Windows\System32\urlmon.dll","SUCCESS",""
"12:22:54.4110204 PM","main.exe","24160","CreateFile","C:\Windows\System32\urlmon.dll","SUCCESS","Desired Access: Read Data/List Directory, Execute/Traverse, Synchronize, Disposition: Open, Options: Synchronous IO Non-Alert, Non-Directory File, Attributes: n/a, ShareMode: Read, Delete, AllocationSize: n/a, OpenResult: Opened"
"12:22:54.4111013 PM","main.exe","24160","CreateFileMapping","C:\Windows\System32\urlmon.dll","FILE LOCKED WITH ONLY READERS","SyncType: SyncTypeCreateSection, PageProtection: PAGE_EXECUTE|PAGE_NOCACHE"
"12:22:54.4111522 PM","main.exe","24160","CreateFileMapping","C:\Windows\System32\urlmon.dll","SUCCESS","SyncType: SyncTypeOther"
"12:22:54.4113555 PM","main.exe","24160","Load Image","C:\Windows\System32\urlmon.dll","SUCCESS","Image Base: 0x7fff900c0000, Image Size: 0x1dd000"
"12:22:54.4120427 PM","main.exe","24160","CloseFile","C:\Windows\System32\urlmon.dll","SUCCESS",""
"12:22:54.4218597 PM","main.exe","24160","CreateFile","C:\Windows\System32\urlmon.dll","SUCCESS","Desired Access: Read Attributes, Disposition: Open, Options: Open Reparse Point, Attributes: n/a, ShareMode: Read, Write, Delete, AllocationSize: n/a, OpenResult: Opened"
"12:22:54.4219055 PM","main.exe","24160","QueryBasicInformationFile","C:\Windows\System32\urlmon.dll","SUCCESS","CreationTime: 3/11/2026 1:06:41 PM, LastAccessTime: 4/4/2026 12:22:54 PM, LastWriteTime: 3/11/2026 1:06:42 PM, ChangeTime: 3/12/2026 12:16:24 AM, FileAttributes: A"
"12:22:54.4219158 PM","main.exe","24160","CloseFile","C:\Windows\System32\urlmon.dll","SUCCESS",""
"12:22:54.4219975 PM","main.exe","24160","CreateFile","C:\Windows\System32\urlmon.dll","SUCCESS","Desired Access: Read Data/List Directory, Execute/Traverse, Synchronize, Disposition: Open, Options: Synchronous IO Non-Alert, Non-Directory File, Attributes: n/a, ShareMode: Read, Delete, AllocationSize: n/a, OpenResult: Opened"
"12:22:54.4220341 PM","main.exe","24160","CreateFileMapping","C:\Windows\System32\urlmon.dll","FILE LOCKED WITH ONLY READERS","SyncType: SyncTypeCreateSection, PageProtection: PAGE_EXECUTE|PAGE_NOCACHE"
"12:22:54.4220574 PM","main.exe","24160","CreateFileMapping","C:\Windows\System32\urlmon.dll","SUCCESS","SyncType: SyncTypeOther"
"12:22:54.4221834 PM","main.exe","24160","Load Image","C:\Windows\System32\urlmon.dll","SUCCESS","Image Base: 0x7fff900c0000, Image Size: 0x1dd000"
"12:22:54.4224426 PM","main.exe","24160","CloseFile","C:\Windows\System32\urlmon.dll","SUCCESS",""
"12:22:54.4381641 PM","main.exe","24160","CreateFile","C:\Windows\System32\urlmon.dll","SUCCESS","Desired Access: Read Attributes, Disposition: Open, Options: Open Reparse Point, Attributes: n/a, ShareMode: Read, Write, Delete, AllocationSize: n/a, OpenResult: Opened"
"12:22:54.4382091 PM","main.exe","24160","QueryBasicInformationFile","C:\Windows\System32\urlmon.dll","SUCCESS","CreationTime: 3/11/2026 1:06:41 PM, LastAccessTime: 4/4/2026 12:22:54 PM, LastWriteTime: 3/11/2026 1:06:42 PM, ChangeTime: 3/12/2026 12:16:24 AM, FileAttributes: A"
"12:22:54.4382434 PM","main.exe","24160","CloseFile","C:\Windows\System32\urlmon.dll","SUCCESS",""
"12:22:54.4383766 PM","main.exe","24160","CreateFile","C:\Windows\System32\urlmon.dll","SUCCESS","Desired Access: Read Data/List Directory, Execute/Traverse, Synchronize, Disposition: Open, Options: Synchronous IO Non-Alert, Non-Directory File, Attributes: n/a, ShareMode: Read, Delete, AllocationSize: n/a, OpenResult: Opened"
"12:22:54.4384231 PM","main.exe","24160","CreateFileMapping","C:\Windows\System32\urlmon.dll","FILE LOCKED WITH ONLY READERS","SyncType: SyncTypeCreateSection, PageProtection: PAGE_EXECUTE|PAGE_NOCACHE"
"12:22:54.4384487 PM","main.exe","24160","CreateFileMapping","C:\Windows\System32\urlmon.dll","SUCCESS","SyncType: SyncTypeOther"
"12:22:54.4385508 PM","main.exe","24160","Load Image","C:\Windows\System32\urlmon.dll","SUCCESS","Image Base: 0x7fff900c0000, Image Size: 0x1dd000"
"12:22:54.4388231 PM","main.exe","24160","CloseFile","C:\Windows\System32\urlmon.dll","SUCCESS",""
"12:22:54.4500649 PM","main.exe","24160","CreateFile","C:\Windows\System32\urlmon.dll","SUCCESS","Desired Access: Read Attributes, Disposition: Open, Options: Open Reparse Point, Attributes: n/a, ShareMode: Read, Write, Delete, AllocationSize: n/a, OpenResult: Opened"
"12:22:54.4501015 PM","main.exe","24160","QueryBasicInformationFile","C:\Windows\System32\urlmon.dll","SUCCESS","CreationTime: 3/11/2026 1:06:41 PM, LastAccessTime: 4/4/2026 12:22:54 PM, LastWriteTime: 3/11/2026 1:06:42 PM, ChangeTime: 3/12/2026 12:16:24 AM, FileAttributes: A"
"12:22:54.4501222 PM","main.exe","24160","CloseFile","C:\Windows\System32\urlmon.dll","SUCCESS",""
"12:22:54.4502654 PM","main.exe","24160","CreateFile","C:\Windows\System32\urlmon.dll","SUCCESS","Desired Access: Read Data/List Directory, Execute/Traverse, Synchronize, Disposition: Open, Options: Synchronous IO Non-Alert, Non-Directory File, Attributes: n/a, ShareMode: Read, Delete, AllocationSize: n/a, OpenResult: Opened"
"12:22:54.4503222 PM","main.exe","24160","CreateFileMapping","C:\Windows\System32\urlmon.dll","FILE LOCKED WITH ONLY READERS","SyncType: SyncTypeCreateSection, PageProtection: PAGE_EXECUTE|PAGE_NOCACHE"
"12:22:54.4503774 PM","main.exe","24160","CreateFileMapping","C:\Windows\System32\urlmon.dll","SUCCESS","SyncType: SyncTypeOther"
"12:22:54.4505009 PM","main.exe","24160","Load Image","C:\Windows\System32\urlmon.dll","SUCCESS","Image Base: 0x7fff900c0000, Image Size: 0x1dd000"
"12:22:54.4507923 PM","main.exe","24160","CloseFile","C:\Windows\System32\urlmon.dll","SUCCESS",""
"12:22:54.4610390 PM","main.exe","24160","CreateFile","C:\Windows\System32\urlmon.dll","SUCCESS","Desired Access: Read Attributes, Disposition: Open, Options: Open Reparse Point, Attributes: n/a, ShareMode: Read, Write, Delete, AllocationSize: n/a, OpenResult: Opened"
"12:22:54.4610805 PM","main.exe","24160","QueryBasicInformationFile","C:\Windows\System32\urlmon.dll","SUCCESS","CreationTime: 3/11/2026 1:06:41 PM, LastAccessTime: 4/4/2026 12:22:54 PM, LastWriteTime: 3/11/2026 1:06:42 PM, ChangeTime: 3/12/2026 12:16:24 AM, FileAttributes: A"
"12:22:54.4610922 PM","main.exe","24160","CloseFile","C:\Windows\System32\urlmon.dll","SUCCESS",""
"12:22:54.4611923 PM","main.exe","24160","CreateFile","C:\Windows\System32\urlmon.dll","SUCCESS","Desired Access: Read Data/List Directory, Execute/Traverse, Synchronize, Disposition: Open, Options: Synchronous IO Non-Alert, Non-Directory File, Attributes: n/a, ShareMode: Read, Delete, AllocationSize: n/a, OpenResult: Opened"
"12:22:54.4612346 PM","main.exe","24160","CreateFileMapping","C:\Windows\System32\urlmon.dll","FILE LOCKED WITH ONLY READERS","SyncType: SyncTypeCreateSection, PageProtection: PAGE_EXECUTE|PAGE_NOCACHE"
"12:22:54.4612581 PM","main.exe","24160","CreateFileMapping","C:\Windows\System32\urlmon.dll","SUCCESS","SyncType: SyncTypeOther"
"12:22:54.4613664 PM","main.exe","24160","Load Image","C:\Windows\System32\urlmon.dll","SUCCESS","Image Base: 0x7fff900c0000, Image Size: 0x1dd000"
"12:22:54.4616446 PM","main.exe","24160","CloseFile","C:\Windows\System32\urlmon.dll","SUCCESS",""
"12:22:54.4706425 PM","main.exe","24160","CreateFile","C:\Windows\System32\urlmon.dll","SUCCESS","Desired Access: Read Attributes, Disposition: Open, Options: Open Reparse Point, Attributes: n/a, ShareMode: Read, Write, Delete, AllocationSize: n/a, OpenResult: Opened"
"12:22:54.4706907 PM","main.exe","24160","QueryBasicInformationFile","C:\Windows\System32\urlmon.dll","SUCCESS","CreationTime: 3/11/2026 1:06:41 PM, LastAccessTime: 4/4/2026 12:22:54 PM, LastWriteTime: 3/11/2026 1:06:42 PM, ChangeTime: 3/12/2026 12:16:24 AM, FileAttributes: A"
"12:22:54.4707028 PM","main.exe","24160","CloseFile","C:\Windows\System32\urlmon.dll","SUCCESS",""
"12:22:54.4708483 PM","main.exe","24160","CreateFile","C:\Windows\System32\urlmon.dll","SUCCESS","Desired Access: Read Data/List Directory, Execute/Traverse, Synchronize, Disposition: Open, Options: Synchronous IO Non-Alert, Non-Directory File, Attributes: n/a, ShareMode: Read, Delete, AllocationSize: n/a, OpenResult: Opened"
"12:22:54.4708960 PM","main.exe","24160","CreateFileMapping","C:\Windows\System32\urlmon.dll","FILE LOCKED WITH ONLY READERS","SyncType: SyncTypeCreateSection, PageProtection: PAGE_EXECUTE|PAGE_NOCACHE"
"12:22:54.4709212 PM","main.exe","24160","CreateFileMapping","C:\Windows\System32\urlmon.dll","SUCCESS","SyncType: SyncTypeOther"
"12:22:54.4710358 PM","main.exe","24160","Load Image","C:\Windows\System32\urlmon.dll","SUCCESS","Image Base: 0x7fff900c0000, Image Size: 0x1dd000"
"12:22:54.4712972 PM","main.exe","24160","CloseFile","C:\Windows\System32\urlmon.dll","SUCCESS",""
"12:22:54.4808729 PM","main.exe","24160","CreateFile","C:\Windows\System32\urlmon.dll","SUCCESS","Desired Access: Read Attributes, Disposition: Open, Options: Open Reparse Point, Attributes: n/a, ShareMode: Read, Write, Delete, AllocationSize: n/a, OpenResult: Opened"
"12:22:54.4809094 PM","main.exe","24160","QueryBasicInformationFile","C:\Windows\System32\urlmon.dll","SUCCESS","CreationTime: 3/11/2026 1:06:41 PM, LastAccessTime: 4/4/2026 12:22:54 PM, LastWriteTime: 3/11/2026 1:06:42 PM, ChangeTime: 3/12/2026 12:16:24 AM, FileAttributes: A"
"12:22:54.4809207 PM","main.exe","24160","CloseFile","C:\Windows\System32\urlmon.dll","SUCCESS",""
"12:22:54.4810395 PM","main.exe","24160","CreateFile","C:\Windows\System32\urlmon.dll","SUCCESS","Desired Access: Read Data/List Directory, Execute/Traverse, Synchronize, Disposition: Open, Options: Synchronous IO Non-Alert, Non-Directory File, Attributes: n/a, ShareMode: Read, Delete, AllocationSize: n/a, OpenResult: Opened"
"12:22:54.4810785 PM","main.exe","24160","CreateFileMapping","C:\Windows\System32\urlmon.dll","FILE LOCKED WITH ONLY READERS","SyncType: SyncTypeCreateSection, PageProtection: PAGE_EXECUTE|PAGE_NOCACHE"
"12:22:54.4811021 PM","main.exe","24160","CreateFileMapping","C:\Windows\System32\urlmon.dll","SUCCESS","SyncType: SyncTypeOther"
"12:22:54.4812022 PM","main.exe","24160","Load Image","C:\Windows\System32\urlmon.dll","SUCCESS","Image Base: 0x7fff900c0000, Image Size: 0x1dd000"
"12:22:54.4814941 PM","main.exe","24160","CloseFile","C:\Windows\System32\urlmon.dll","SUCCESS",""
"12:22:54.4906041 PM","main.exe","24160","CreateFile","C:\Windows\System32\urlmon.dll","SUCCESS","Desired Access: Read Attributes, Disposition: Open, Options: Open Reparse Point, Attributes: n/a, ShareMode: Read, Write, Delete, AllocationSize: n/a, OpenResult: Opened"
"12:22:54.4906344 PM","main.exe","24160","QueryBasicInformationFile","C:\Windows\System32\urlmon.dll","SUCCESS","CreationTime: 3/11/2026 1:06:41 PM, LastAccessTime: 4/4/2026 12:22:54 PM, LastWriteTime: 3/11/2026 1:06:42 PM, ChangeTime: 3/12/2026 12:16:24 AM, FileAttributes: A"
"12:22:54.4906442 PM","main.exe","24160","CloseFile","C:\Windows\System32\urlmon.dll","SUCCESS",""
"12:22:54.4907427 PM","main.exe","24160","CreateFile","C:\Windows\System32\urlmon.dll","SUCCESS","Desired Access: Read Data/List Directory, Execute/Traverse, Synchronize, Disposition: Open, Options: Synchronous IO Non-Alert, Non-Directory File, Attributes: n/a, ShareMode: Read, Delete, AllocationSize: n/a, OpenResult: Opened"
"12:22:54.4907782 PM","main.exe","24160","CreateFileMapping","C:\Windows\System32\urlmon.dll","FILE LOCKED WITH ONLY READERS","SyncType: SyncTypeCreateSection, PageProtection: PAGE_EXECUTE|PAGE_NOCACHE"
"12:22:54.4907991 PM","main.exe","24160","CreateFileMapping","C:\Windows\System32\urlmon.dll","SUCCESS","SyncType: SyncTypeOther"
"12:22:54.4909090 PM","main.exe","24160","Load Image","C:\Windows\System32\urlmon.dll","SUCCESS","Image Base: 0x7fff900c0000, Image Size: 0x1dd000"
"12:22:54.4911740 PM","main.exe","24160","CloseFile","C:\Windows\System32\urlmon.dll","SUCCESS",""
"12:22:54.5046684 PM","main.exe","24160","CreateFile","C:\Windows\System32\urlmon.dll","SUCCESS","Desired Access: Read Attributes, Disposition: Open, Options: Open Reparse Point, Attributes: n/a, ShareMode: Read, Write, Delete, AllocationSize: n/a, OpenResult: Opened"
"12:22:54.5047436 PM","main.exe","24160","QueryBasicInformationFile","C:\Windows\System32\urlmon.dll","SUCCESS","CreationTime: 3/11/2026 1:06:41 PM, LastAccessTime: 4/4/2026 12:22:54 PM, LastWriteTime: 3/11/2026 1:06:42 PM, ChangeTime: 3/12/2026 12:16:24 AM, FileAttributes: A"
"12:22:54.5047619 PM","main.exe","24160","CloseFile","C:\Windows\System32\urlmon.dll","SUCCESS",""
"12:22:54.5048849 PM","main.exe","24160","CreateFile","C:\Windows\System32\urlmon.dll","SUCCESS","Desired Access: Read Data/List Directory, Execute/Traverse, Synchronize, Disposition: Open, Options: Synchronous IO Non-Alert, Non-Directory File, Attributes: n/a, ShareMode: Read, Delete, AllocationSize: n/a, OpenResult: Opened"
"12:22:54.5049576 PM","main.exe","24160","CreateFileMapping","C:\Windows\System32\urlmon.dll","FILE LOCKED WITH ONLY READERS","SyncType: SyncTypeCreateSection, PageProtection: PAGE_EXECUTE|PAGE_NOCACHE"
"12:22:54.5049929 PM","main.exe","24160","CreateFileMapping","C:\Windows\System32\urlmon.dll","SUCCESS","SyncType: SyncTypeOther"
"12:22:54.5051516 PM","main.exe","24160","Load Image","C:\Windows\System32\urlmon.dll","SUCCESS","Image Base: 0x7fff900c0000, Image Size: 0x1dd000"
"12:22:54.5057370 PM","main.exe","24160","CloseFile","C:\Windows\System32\urlmon.dll","SUCCESS",""
"12:22:54.5207826 PM","main.exe","24160","CreateFile","C:\Windows\System32\urlmon.dll","SUCCESS","Desired Access: Read Attributes, Disposition: Open, Options: Open Reparse Point, Attributes: n/a, ShareMode: Read, Write, Delete, AllocationSize: n/a, OpenResult: Opened"
"12:22:54.5208489 PM","main.exe","24160","QueryBasicInformationFile","C:\Windows\System32\urlmon.dll","SUCCESS","CreationTime: 3/11/2026 1:06:41 PM, LastAccessTime: 4/4/2026 12:22:54 PM, LastWriteTime: 3/11/2026 1:06:42 PM, ChangeTime: 3/12/2026 12:16:24 AM, FileAttributes: A"
"12:22:54.5208691 PM","main.exe","24160","CloseFile","C:\Windows\System32\urlmon.dll","SUCCESS",""
"12:22:54.5209996 PM","main.exe","24160","CreateFile","C:\Windows\System32\urlmon.dll","SUCCESS","Desired Access: Read Data/List Directory, Execute/Traverse, Synchronize, Disposition: Open, Options: Synchronous IO Non-Alert, Non-Directory File, Attributes: n/a, ShareMode: Read, Delete, AllocationSize: n/a, OpenResult: Opened"
"12:22:54.5210541 PM","main.exe","24160","CreateFileMapping","C:\Windows\System32\urlmon.dll","FILE LOCKED WITH ONLY READERS","SyncType: SyncTypeCreateSection, PageProtection: PAGE_EXECUTE|PAGE_NOCACHE"
"12:22:54.5210860 PM","main.exe","24160","CreateFileMapping","C:\Windows\System32\urlmon.dll","SUCCESS","SyncType: SyncTypeOther"
"12:22:54.5212200 PM","main.exe","24160","Load Image","C:\Windows\System32\urlmon.dll","SUCCESS","Image Base: 0x7fff900c0000, Image Size: 0x1dd000"
"12:22:54.5215945 PM","main.exe","24160","CloseFile","C:\Windows\System32\urlmon.dll","SUCCESS",""
"12:22:54.5709932 PM","main.exe","24160","CreateFile","C:\Windows\System32\urlmon.dll","SUCCESS","Desired Access: Read Attributes, Disposition: Open, Options: Open Reparse Point, Attributes: n/a, ShareMode: Read, Write, Delete, AllocationSize: n/a, OpenResult: Opened"
"12:22:54.5710268 PM","main.exe","24160","QueryBasicInformationFile","C:\Windows\System32\urlmon.dll","SUCCESS","CreationTime: 3/11/2026 1:06:41 PM, LastAccessTime: 4/4/2026 12:22:54 PM, LastWriteTime: 3/11/2026 1:06:42 PM, ChangeTime: 3/12/2026 12:16:24 AM, FileAttributes: A"
"12:22:54.5710374 PM","main.exe","24160","CloseFile","C:\Windows\System32\urlmon.dll","SUCCESS",""
"12:22:54.5711152 PM","main.exe","24160","CreateFile","C:\Windows\System32\urlmon.dll","SUCCESS","Desired Access: Read Data/List Directory, Execute/Traverse, Synchronize, Disposition: Open, Options: Synchronous IO Non-Alert, Non-Directory File, Attributes: n/a, ShareMode: Read, Delete, AllocationSize: n/a, OpenResult: Opened"
"12:22:54.5711531 PM","main.exe","24160","CreateFileMapping","C:\Windows\System32\urlmon.dll","FILE LOCKED WITH ONLY READERS","SyncType: SyncTypeCreateSection, PageProtection: PAGE_EXECUTE|PAGE_NOCACHE"
"12:22:54.5711771 PM","main.exe","24160","CreateFileMapping","C:\Windows\System32\urlmon.dll","SUCCESS","SyncType: SyncTypeOther"
"12:22:54.5713111 PM","main.exe","24160","Load Image","C:\Windows\System32\urlmon.dll","SUCCESS","Image Base: 0x7fff900c0000, Image Size: 0x1dd000"
"12:22:54.5717009 PM","main.exe","24160","CloseFile","C:\Windows\System32\urlmon.dll","SUCCESS",""
"12:22:54.5885621 PM","main.exe","24160","CreateFile","C:\Windows\System32\urlmon.dll","SUCCESS","Desired Access: Read Attributes, Disposition: Open, Options: Open Reparse Point, Attributes: n/a, ShareMode: Read, Write, Delete, AllocationSize: n/a, OpenResult: Opened"
"12:22:54.5885963 PM","main.exe","24160","QueryBasicInformationFile","C:\Windows\System32\urlmon.dll","SUCCESS","CreationTime: 3/11/2026 1:06:41 PM, LastAccessTime: 4/4/2026 12:22:54 PM, LastWriteTime: 3/11/2026 1:06:42 PM, ChangeTime: 3/12/2026 12:16:24 AM, FileAttributes: A"
"12:22:54.5886066 PM","main.exe","24160","CloseFile","C:\Windows\System32\urlmon.dll","SUCCESS",""
"12:22:54.5886899 PM","main.exe","24160","CreateFile","C:\Windows\System32\urlmon.dll","SUCCESS","Desired Access: Read Data/List Directory, Execute/Traverse, Synchronize, Disposition: Open, Options: Synchronous IO Non-Alert, Non-Directory File, Attributes: n/a, ShareMode: Read, Delete, AllocationSize: n/a, OpenResult: Opened"
"12:22:54.5887330 PM","main.exe","24160","CreateFileMapping","C:\Windows\System32\urlmon.dll","FILE LOCKED WITH ONLY READERS","SyncType: SyncTypeCreateSection, PageProtection: PAGE_EXECUTE|PAGE_NOCACHE"
"12:22:54.5887582 PM","main.exe","24160","CreateFileMapping","C:\Windows\System32\urlmon.dll","SUCCESS","SyncType: SyncTypeOther"
"12:22:54.5888883 PM","main.exe","24160","Load Image","C:\Windows\System32\urlmon.dll","SUCCESS","Image Base: 0x7fff900c0000, Image Size: 0x1dd000"
"12:22:54.5894423 PM","main.exe","24160","CloseFile","C:\Windows\System32\urlmon.dll","SUCCESS",""
"12:22:54.6047690 PM","main.exe","24160","CreateFile","C:\Windows\System32\urlmon.dll","SUCCESS","Desired Access: Read Attributes, Disposition: Open, Options: Open Reparse Point, Attributes: n/a, ShareMode: Read, Write, Delete, AllocationSize: n/a, OpenResult: Opened"
"12:22:54.6048049 PM","main.exe","24160","QueryBasicInformationFile","C:\Windows\System32\urlmon.dll","SUCCESS","CreationTime: 3/11/2026 1:06:41 PM, LastAccessTime: 4/4/2026 12:22:54 PM, LastWriteTime: 3/11/2026 1:06:42 PM, ChangeTime: 3/12/2026 12:16:24 AM, FileAttributes: A"
"12:22:54.6048159 PM","main.exe","24160","CloseFile","C:\Windows\System32\urlmon.dll","SUCCESS",""
"12:22:54.6048953 PM","main.exe","24160","CreateFile","C:\Windows\System32\urlmon.dll","SUCCESS","Desired Access: Read Data/List Directory, Execute/Traverse, Synchronize, Disposition: Open, Options: Synchronous IO Non-Alert, Non-Directory File, Attributes: n/a, ShareMode: Read, Delete, AllocationSize: n/a, OpenResult: Opened"
"12:22:54.6049343 PM","main.exe","24160","CreateFileMapping","C:\Windows\System32\urlmon.dll","FILE LOCKED WITH ONLY READERS","SyncType: SyncTypeCreateSection, PageProtection: PAGE_EXECUTE|PAGE_NOCACHE"
"12:22:54.6049584 PM","main.exe","24160","CreateFileMapping","C:\Windows\System32\urlmon.dll","SUCCESS","SyncType: SyncTypeOther"
"12:22:54.6051043 PM","main.exe","24160","Load Image","C:\Windows\System32\urlmon.dll","SUCCESS","Image Base: 0x7fff900c0000, Image Size: 0x1dd000"
"12:22:54.6054671 PM","main.exe","24160","CloseFile","C:\Windows\System32\urlmon.dll","SUCCESS",""
"12:22:54.6213748 PM","main.exe","24160","CreateFile","C:\Windows\System32\urlmon.dll","SUCCESS","Desired Access: Read Attributes, Disposition: Open, Options: Open Reparse Point, Attributes: n/a, ShareMode: Read, Write, Delete, AllocationSize: n/a, OpenResult: Opened"
"12:22:54.6214247 PM","main.exe","24160","QueryBasicInformationFile","C:\Windows\System32\urlmon.dll","SUCCESS","CreationTime: 3/11/2026 1:06:41 PM, LastAccessTime: 4/4/2026 12:22:54 PM, LastWriteTime: 3/11/2026 1:06:42 PM, ChangeTime: 3/12/2026 12:16:24 AM, FileAttributes: A"
"12:22:54.6214351 PM","main.exe","24160","CloseFile","C:\Windows\System32\urlmon.dll","SUCCESS",""
"12:22:54.6215439 PM","main.exe","24160","CreateFile","C:\Windows\System32\urlmon.dll","SUCCESS","Desired Access: Read Data/List Directory, Execute/Traverse, Synchronize, Disposition: Open, Options: Synchronous IO Non-Alert, Non-Directory File, Attributes: n/a, ShareMode: Read, Delete, AllocationSize: n/a, OpenResult: Opened"
"12:22:54.6215834 PM","main.exe","24160","CreateFileMapping","C:\Windows\System32\urlmon.dll","FILE LOCKED WITH ONLY READERS","SyncType: SyncTypeCreateSection, PageProtection: PAGE_EXECUTE|PAGE_NOCACHE"
"12:22:54.6216073 PM","main.exe","24160","CreateFileMapping","C:\Windows\System32\urlmon.dll","SUCCESS","SyncType: SyncTypeOther"
"12:22:54.6217302 PM","main.exe","24160","Load Image","C:\Windows\System32\urlmon.dll","SUCCESS","Image Base: 0x7fff900c0000, Image Size: 0x1dd000"
"12:22:54.6220042 PM","main.exe","24160","CloseFile","C:\Windows\System32\urlmon.dll","SUCCESS",""
"12:22:54.6326576 PM","main.exe","24160","CreateFile","C:\Windows\System32\urlmon.dll","SUCCESS","Desired Access: Read Attributes, Disposition: Open, Options: Open Reparse Point, Attributes: n/a, ShareMode: Read, Write, Delete, AllocationSize: n/a, OpenResult: Opened"
"12:22:54.6326913 PM","main.exe","24160","QueryBasicInformationFile","C:\Windows\System32\urlmon.dll","SUCCESS","CreationTime: 3/11/2026 1:06:41 PM, LastAccessTime: 4/4/2026 12:22:54 PM, LastWriteTime: 3/11/2026 1:06:42 PM, ChangeTime: 3/12/2026 12:16:24 AM, FileAttributes: A"
"12:22:54.6327025 PM","main.exe","24160","CloseFile","C:\Windows\System32\urlmon.dll","SUCCESS",""
"12:22:54.6327813 PM","main.exe","24160","CreateFile","C:\Windows\System32\urlmon.dll","SUCCESS","Desired Access: Read Data/List Directory, Execute/Traverse, Synchronize, Disposition: Open, Options: Synchronous IO Non-Alert, Non-Directory File, Attributes: n/a, ShareMode: Read, Delete, AllocationSize: n/a, OpenResult: Opened"
"12:22:54.6328275 PM","main.exe","24160","CreateFileMapping","C:\Windows\System32\urlmon.dll","FILE LOCKED WITH ONLY READERS","SyncType: SyncTypeCreateSection, PageProtection: PAGE_EXECUTE|PAGE_NOCACHE"
"12:22:54.6328511 PM","main.exe","24160","CreateFileMapping","C:\Windows\System32\urlmon.dll","SUCCESS","SyncType: SyncTypeOther"
"12:22:54.6329680 PM","main.exe","24160","Load Image","C:\Windows\System32\urlmon.dll","SUCCESS","Image Base: 0x7fff900c0000, Image Size: 0x1dd000"
"12:22:54.6332647 PM","main.exe","24160","CloseFile","C:\Windows\System32\urlmon.dll","SUCCESS",""
"12:22:54.6417291 PM","main.exe","24160","CreateFile","C:\Windows\System32\urlmon.dll","SUCCESS","Desired Access: Read Attributes, Disposition: Open, Options: Open Reparse Point, Attributes: n/a, ShareMode: Read, Write, Delete, AllocationSize: n/a, OpenResult: Opened"
"12:22:54.6417606 PM","main.exe","24160","QueryBasicInformationFile","C:\Windows\System32\urlmon.dll","SUCCESS","CreationTime: 3/11/2026 1:06:41 PM, LastAccessTime: 4/4/2026 12:22:54 PM, LastWriteTime: 3/11/2026 1:06:42 PM, ChangeTime: 3/12/2026 12:16:24 AM, FileAttributes: A"
"12:22:54.6417709 PM","main.exe","24160","CloseFile","C:\Windows\System32\urlmon.dll","SUCCESS",""
"12:22:54.6418653 PM","main.exe","24160","CreateFile","C:\Windows\System32\urlmon.dll","SUCCESS","Desired Access: Read Data/List Directory, Execute/Traverse, Synchronize, Disposition: Open, Options: Synchronous IO Non-Alert, Non-Directory File, Attributes: n/a, ShareMode: Read, Delete, AllocationSize: n/a, OpenResult: Opened"
"12:22:54.6419037 PM","main.exe","24160","CreateFileMapping","C:\Windows\System32\urlmon.dll","FILE LOCKED WITH ONLY READERS","SyncType: SyncTypeCreateSection, PageProtection: PAGE_EXECUTE|PAGE_NOCACHE"
"12:22:54.6419285 PM","main.exe","24160","CreateFileMapping","C:\Windows\System32\urlmon.dll","SUCCESS","SyncType: SyncTypeOther"
"12:22:54.6420577 PM","main.exe","24160","Load Image","C:\Windows\System32\urlmon.dll","SUCCESS","Image Base: 0x7fff900c0000, Image Size: 0x1dd000"
"12:22:54.6424507 PM","main.exe","24160","CloseFile","C:\Windows\System32\urlmon.dll","SUCCESS",""
"12:22:54.6601554 PM","main.exe","24160","CreateFile","C:\Windows\System32\urlmon.dll","SUCCESS","Desired Access: Read Attributes, Disposition: Open, Options: Open Reparse Point, Attributes: n/a, ShareMode: Read, Write, Delete, AllocationSize: n/a, OpenResult: Opened"
"12:22:54.6601994 PM","main.exe","24160","QueryBasicInformationFile","C:\Windows\System32\urlmon.dll","SUCCESS","CreationTime: 3/11/2026 1:06:41 PM, LastAccessTime: 4/4/2026 12:22:54 PM, LastWriteTime: 3/11/2026 1:06:42 PM, ChangeTime: 3/12/2026 12:16:24 AM, FileAttributes: A"
"12:22:54.6602103 PM","main.exe","24160","CloseFile","C:\Windows\System32\urlmon.dll","SUCCESS",""
"12:22:54.6603617 PM","main.exe","24160","CreateFile","C:\Windows\System32\urlmon.dll","SUCCESS","Desired Access: Read Data/List Directory, Execute/Traverse, Synchronize, Disposition: Open, Options: Synchronous IO Non-Alert, Non-Directory File, Attributes: n/a, ShareMode: Read, Delete, AllocationSize: n/a, OpenResult: Opened"
"12:22:54.6604285 PM","main.exe","24160","CreateFileMapping","C:\Windows\System32\urlmon.dll","FILE LOCKED WITH ONLY READERS","SyncType: SyncTypeCreateSection, PageProtection: PAGE_EXECUTE|PAGE_NOCACHE"
"12:22:54.6604895 PM","main.exe","24160","CreateFileMapping","C:\Windows\System32\urlmon.dll","SUCCESS","SyncType: SyncTypeOther"
"12:22:54.6606377 PM","main.exe","24160","Load Image","C:\Windows\System32\urlmon.dll","SUCCESS","Image Base: 0x7fff900c0000, Image Size: 0x1dd000"
"12:22:54.6612990 PM","main.exe","24160","CloseFile","C:\Windows\System32\urlmon.dll","SUCCESS",""
"12:22:54.6776011 PM","main.exe","24160","CreateFile","C:\Windows\System32\urlmon.dll","SUCCESS","Desired Access: Read Attributes, Disposition: Open, Options: Open Reparse Point, Attributes: n/a, ShareMode: Read, Write, Delete, AllocationSize: n/a, OpenResult: Opened"
"12:22:54.6776546 PM","main.exe","24160","QueryBasicInformationFile","C:\Windows\System32\urlmon.dll","SUCCESS","CreationTime: 3/11/2026 1:06:41 PM, LastAccessTime: 4/4/2026 12:22:54 PM, LastWriteTime: 3/11/2026 1:06:42 PM, ChangeTime: 3/12/2026 12:16:24 AM, FileAttributes: A"
"12:22:54.6776719 PM","main.exe","24160","CloseFile","C:\Windows\System32\urlmon.dll","SUCCESS",""
"12:22:54.6778010 PM","main.exe","24160","CreateFile","C:\Windows\System32\urlmon.dll","SUCCESS","Desired Access: Read Data/List Directory, Execute/Traverse, Synchronize, Disposition: Open, Options: Synchronous IO Non-Alert, Non-Directory File, Attributes: n/a, ShareMode: Read, Delete, AllocationSize: n/a, OpenResult: Opened"
"12:22:54.6778654 PM","main.exe","24160","CreateFileMapping","C:\Windows\System32\urlmon.dll","FILE LOCKED WITH ONLY READERS","SyncType: SyncTypeCreateSection, PageProtection: PAGE_EXECUTE|PAGE_NOCACHE"
"12:22:54.6779090 PM","main.exe","24160","CreateFileMapping","C:\Windows\System32\urlmon.dll","SUCCESS","SyncType: SyncTypeOther"
"12:22:54.6781977 PM","main.exe","24160","Load Image","C:\Windows\System32\urlmon.dll","SUCCESS","Image Base: 0x7fff900c0000, Image Size: 0x1dd000"
"12:22:54.6788350 PM","main.exe","24160","CloseFile","C:\Windows\System32\urlmon.dll","SUCCESS",""
"12:22:54.6926252 PM","main.exe","24160","CreateFile","C:\Windows\System32\urlmon.dll","SUCCESS","Desired Access: Read Attributes, Disposition: Open, Options: Open Reparse Point, Attributes: n/a, ShareMode: Read, Write, Delete, AllocationSize: n/a, OpenResult: Opened"
"12:22:54.6927171 PM","main.exe","24160","QueryBasicInformationFile","C:\Windows\System32\urlmon.dll","SUCCESS","CreationTime: 3/11/2026 1:06:41 PM, LastAccessTime: 4/4/2026 12:22:54 PM, LastWriteTime: 3/11/2026 1:06:42 PM, ChangeTime: 3/12/2026 12:16:24 AM, FileAttributes: A"
"12:22:54.6927454 PM","main.exe","24160","CloseFile","C:\Windows\System32\urlmon.dll","SUCCESS",""
"12:22:54.6929378 PM","main.exe","24160","CreateFile","C:\Windows\System32\urlmon.dll","SUCCESS","Desired Access: Read Data/List Directory, Execute/Traverse, Synchronize, Disposition: Open, Options: Synchronous IO Non-Alert, Non-Directory File, Attributes: n/a, ShareMode: Read, Delete, AllocationSize: n/a, OpenResult: Opened"
"12:22:54.6930225 PM","main.exe","24160","CreateFileMapping","C:\Windows\System32\urlmon.dll","FILE LOCKED WITH ONLY READERS","SyncType: SyncTypeCreateSection, PageProtection: PAGE_EXECUTE|PAGE_NOCACHE"
"12:22:54.6930684 PM","main.exe","24160","CreateFileMapping","C:\Windows\System32\urlmon.dll","SUCCESS","SyncType: SyncTypeOther"
"12:22:54.6933258 PM","main.exe","24160","Load Image","C:\Windows\System32\urlmon.dll","SUCCESS","Image Base: 0x7fff900c0000, Image Size: 0x1dd000"
"12:22:54.6946484 PM","main.exe","24160","CloseFile","C:\Windows\System32\urlmon.dll","SUCCESS",""
"12:22:54.7167718 PM","main.exe","24160","CreateFile","C:\Windows\System32\urlmon.dll","SUCCESS","Desired Access: Read Attributes, Disposition: Open, Options: Open Reparse Point, Attributes: n/a, ShareMode: Read, Write, Delete, AllocationSize: n/a, OpenResult: Opened"
"12:22:54.7168165 PM","main.exe","24160","QueryBasicInformationFile","C:\Windows\System32\urlmon.dll","SUCCESS","CreationTime: 3/11/2026 1:06:41 PM, LastAccessTime: 4/4/2026 12:22:54 PM, LastWriteTime: 3/11/2026 1:06:42 PM, ChangeTime: 3/12/2026 12:16:24 AM, FileAttributes: A"
"12:22:54.7168288 PM","main.exe","24160","CloseFile","C:\Windows\System32\urlmon.dll","SUCCESS",""
"12:22:54.7169117 PM","main.exe","24160","CreateFile","C:\Windows\System32\urlmon.dll","SUCCESS","Desired Access: Read Data/List Directory, Execute/Traverse, Synchronize, Disposition: Open, Options: Synchronous IO Non-Alert, Non-Directory File, Attributes: n/a, ShareMode: Read, Delete, AllocationSize: n/a, OpenResult: Opened"
"12:22:54.7169585 PM","main.exe","24160","CreateFileMapping","C:\Windows\System32\urlmon.dll","FILE LOCKED WITH ONLY READERS","SyncType: SyncTypeCreateSection, PageProtection: PAGE_EXECUTE|PAGE_NOCACHE"
"12:22:54.7169877 PM","main.exe","24160","CreateFileMapping","C:\Windows\System32\urlmon.dll","SUCCESS","SyncType: SyncTypeOther"
"12:22:54.7171354 PM","main.exe","24160","Load Image","C:\Windows\System32\urlmon.dll","SUCCESS","Image Base: 0x7fff900c0000, Image Size: 0x1dd000"
"12:22:54.7176195 PM","main.exe","24160","CloseFile","C:\Windows\System32\urlmon.dll","SUCCESS",""
"12:22:54.7284127 PM","main.exe","24160","CreateFile","C:\Windows\System32\urlmon.dll","SUCCESS","Desired Access: Read Attributes, Disposition: Open, Options: Open Reparse Point, Attributes: n/a, ShareMode: Read, Write, Delete, AllocationSize: n/a, OpenResult: Opened"
"12:22:54.7284489 PM","main.exe","24160","QueryBasicInformationFile","C:\Windows\System32\urlmon.dll","SUCCESS","CreationTime: 3/11/2026 1:06:41 PM, LastAccessTime: 4/4/2026 12:22:54 PM, LastWriteTime: 3/11/2026 1:06:42 PM, ChangeTime: 3/12/2026 12:16:24 AM, FileAttributes: A"
"12:22:54.7284600 PM","main.exe","24160","CloseFile","C:\Windows\System32\urlmon.dll","SUCCESS",""
"12:22:54.7285412 PM","main.exe","24160","CreateFile","C:\Windows\System32\urlmon.dll","SUCCESS","Desired Access: Read Data/List Directory, Execute/Traverse, Synchronize, Disposition: Open, Options: Synchronous IO Non-Alert, Non-Directory File, Attributes: n/a, ShareMode: Read, Delete, AllocationSize: n/a, OpenResult: Opened"
"12:22:54.7285812 PM","main.exe","24160","CreateFileMapping","C:\Windows\System32\urlmon.dll","FILE LOCKED WITH ONLY READERS","SyncType: SyncTypeCreateSection, PageProtection: PAGE_EXECUTE|PAGE_NOCACHE"
"12:22:54.7286083 PM","main.exe","24160","CreateFileMapping","C:\Windows\System32\urlmon.dll","SUCCESS","SyncType: SyncTypeOther"
"12:22:54.7287202 PM","main.exe","24160","Load Image","C:\Windows\System32\urlmon.dll","SUCCESS","Image Base: 0x7fff900c0000, Image Size: 0x1dd000"
"12:22:54.7291070 PM","main.exe","24160","CloseFile","C:\Windows\System32\urlmon.dll","SUCCESS",""
"12:22:54.7384274 PM","main.exe","24160","CreateFile","C:\Windows\System32\urlmon.dll","SUCCESS","Desired Access: Read Attributes, Disposition: Open, Options: Open Reparse Point, Attributes: n/a, ShareMode: Read, Write, Delete, AllocationSize: n/a, OpenResult: Opened"
"12:22:54.7384664 PM","main.exe","24160","QueryBasicInformationFile","C:\Windows\System32\urlmon.dll","SUCCESS","CreationTime: 3/11/2026 1:06:41 PM, LastAccessTime: 4/4/2026 12:22:54 PM, LastWriteTime: 3/11/2026 1:06:42 PM, ChangeTime: 3/12/2026 12:16:24 AM, FileAttributes: A"
"12:22:54.7384852 PM","main.exe","24160","CloseFile","C:\Windows\System32\urlmon.dll","SUCCESS",""
"12:22:54.7386063 PM","main.exe","24160","CreateFile","C:\Windows\System32\urlmon.dll","SUCCESS","Desired Access: Read Data/List Directory, Execute/Traverse, Synchronize, Disposition: Open, Options: Synchronous IO Non-Alert, Non-Directory File, Attributes: n/a, ShareMode: Read, Delete, AllocationSize: n/a, OpenResult: Opened"
"12:22:54.7386650 PM","main.exe","24160","CreateFileMapping","C:\Windows\System32\urlmon.dll","FILE LOCKED WITH ONLY READERS","SyncType: SyncTypeCreateSection, PageProtection: PAGE_EXECUTE|PAGE_NOCACHE"
"12:22:54.7387012 PM","main.exe","24160","CreateFileMapping","C:\Windows\System32\urlmon.dll","SUCCESS","SyncType: SyncTypeOther"
"12:22:54.7392357 PM","main.exe","24160","Load Image","C:\Windows\System32\urlmon.dll","SUCCESS","Image Base: 0x7fff900c0000, Image Size: 0x1dd000"
"12:22:54.7399122 PM","main.exe","24160","CloseFile","C:\Windows\System32\urlmon.dll","SUCCESS",""
"12:22:54.7511276 PM","main.exe","24160","CreateFile","C:\Windows\System32\urlmon.dll","SUCCESS","Desired Access: Read Attributes, Disposition: Open, Options: Open Reparse Point, Attributes: n/a, ShareMode: Read, Write, Delete, AllocationSize: n/a, OpenResult: Opened"
"12:22:54.7511683 PM","main.exe","24160","QueryBasicInformationFile","C:\Windows\System32\urlmon.dll","SUCCESS","CreationTime: 3/11/2026 1:06:41 PM, LastAccessTime: 4/4/2026 12:22:54 PM, LastWriteTime: 3/11/2026 1:06:42 PM, ChangeTime: 3/12/2026 12:16:24 AM, FileAttributes: A"
"12:22:54.7511790 PM","main.exe","24160","CloseFile","C:\Windows\System32\urlmon.dll","SUCCESS",""
"12:22:54.7512593 PM","main.exe","24160","CreateFile","C:\Windows\System32\urlmon.dll","SUCCESS","Desired Access: Read Data/List Directory, Execute/Traverse, Synchronize, Disposition: Open, Options: Synchronous IO Non-Alert, Non-Directory File, Attributes: n/a, ShareMode: Read, Delete, AllocationSize: n/a, OpenResult: Opened"
"12:22:54.7512950 PM","main.exe","24160","CreateFileMapping","C:\Windows\System32\urlmon.dll","FILE LOCKED WITH ONLY READERS","SyncType: SyncTypeCreateSection, PageProtection: PAGE_EXECUTE|PAGE_NOCACHE"
"12:22:54.7513220 PM","main.exe","24160","CreateFileMapping","C:\Windows\System32\urlmon.dll","SUCCESS","SyncType: SyncTypeOther"
"12:22:54.7514360 PM","main.exe","24160","Load Image","C:\Windows\System32\urlmon.dll","SUCCESS","Image Base: 0x7fff900c0000, Image Size: 0x1dd000"
"12:22:54.7518484 PM","main.exe","24160","CloseFile","C:\Windows\System32\urlmon.dll","SUCCESS",""
"12:22:54.7623905 PM","main.exe","24160","CreateFile","C:\Windows\System32\urlmon.dll","SUCCESS","Desired Access: Read Attributes, Disposition: Open, Options: Open Reparse Point, Attributes: n/a, ShareMode: Read, Write, Delete, AllocationSize: n/a, OpenResult: Opened"
"12:22:54.7624450 PM","main.exe","24160","QueryBasicInformationFile","C:\Windows\System32\urlmon.dll","SUCCESS","CreationTime: 3/11/2026 1:06:41 PM, LastAccessTime: 4/4/2026 12:22:54 PM, LastWriteTime: 3/11/2026 1:06:42 PM, ChangeTime: 3/12/2026 12:16:24 AM, FileAttributes: A"
"12:22:54.7624612 PM","main.exe","24160","CloseFile","C:\Windows\System32\urlmon.dll","SUCCESS",""
"12:22:54.7625869 PM","main.exe","24160","CreateFile","C:\Windows\System32\urlmon.dll","SUCCESS","Desired Access: Read Data/List Directory, Execute/Traverse, Synchronize, Disposition: Open, Options: Synchronous IO Non-Alert, Non-Directory File, Attributes: n/a, ShareMode: Read, Delete, AllocationSize: n/a, OpenResult: Opened"
"12:22:54.7626532 PM","main.exe","24160","CreateFileMapping","C:\Windows\System32\urlmon.dll","FILE LOCKED WITH ONLY READERS","SyncType: SyncTypeCreateSection, PageProtection: PAGE_EXECUTE|PAGE_NOCACHE"
"12:22:54.7626914 PM","main.exe","24160","CreateFileMapping","C:\Windows\System32\urlmon.dll","SUCCESS","SyncType: SyncTypeOther"
"12:22:54.7628353 PM","main.exe","24160","Load Image","C:\Windows\System32\urlmon.dll","SUCCESS","Image Base: 0x7fff900c0000, Image Size: 0x1dd000"
"12:22:54.7632808 PM","main.exe","24160","CloseFile","C:\Windows\System32\urlmon.dll","SUCCESS",""
"12:22:54.7736311 PM","main.exe","24160","CreateFile","C:\Windows\System32\urlmon.dll","SUCCESS","Desired Access: Read Attributes, Disposition: Open, Options: Open Reparse Point, Attributes: n/a, ShareMode: Read, Write, Delete, AllocationSize: n/a, OpenResult: Opened"
"12:22:54.7736887 PM","main.exe","24160","QueryBasicInformationFile","C:\Windows\System32\urlmon.dll","SUCCESS","CreationTime: 3/11/2026 1:06:41 PM, LastAccessTime: 4/4/2026 12:22:54 PM, LastWriteTime: 3/11/2026 1:06:42 PM, ChangeTime: 3/12/2026 12:16:24 AM, FileAttributes: A"
"12:22:54.7737071 PM","main.exe","24160","CloseFile","C:\Windows\System32\urlmon.dll","SUCCESS",""
"12:22:54.7738665 PM","main.exe","24160","CreateFile","C:\Windows\System32\urlmon.dll","SUCCESS","Desired Access: Read Data/List Directory, Execute/Traverse, Synchronize, Disposition: Open, Options: Synchronous IO Non-Alert, Non-Directory File, Attributes: n/a, ShareMode: Read, Delete, AllocationSize: n/a, OpenResult: Opened"
"12:22:54.7739170 PM","main.exe","24160","CreateFileMapping","C:\Windows\System32\urlmon.dll","FILE LOCKED WITH ONLY READERS","SyncType: SyncTypeCreateSection, PageProtection: PAGE_EXECUTE|PAGE_NOCACHE"
"12:22:54.7739470 PM","main.exe","24160","CreateFileMapping","C:\Windows\System32\urlmon.dll","SUCCESS","SyncType: SyncTypeOther"
"12:22:54.7741015 PM","main.exe","24160","Load Image","C:\Windows\System32\urlmon.dll","SUCCESS","Image Base: 0x7fff900c0000, Image Size: 0x1dd000"
"12:22:54.7746064 PM","main.exe","24160","CloseFile","C:\Windows\System32\urlmon.dll","SUCCESS",""
"12:22:54.7908700 PM","main.exe","24160","CreateFile","C:\Windows\System32\urlmon.dll","SUCCESS","Desired Access: Read Attributes, Disposition: Open, Options: Open Reparse Point, Attributes: n/a, ShareMode: Read, Write, Delete, AllocationSize: n/a, OpenResult: Opened"
"12:22:54.7909064 PM","main.exe","24160","QueryBasicInformationFile","C:\Windows\System32\urlmon.dll","SUCCESS","CreationTime: 3/11/2026 1:06:41 PM, LastAccessTime: 4/4/2026 12:22:54 PM, LastWriteTime: 3/11/2026 1:06:42 PM, ChangeTime: 3/12/2026 12:16:24 AM, FileAttributes: A"
"12:22:54.7909172 PM","main.exe","24160","CloseFile","C:\Windows\System32\urlmon.dll","SUCCESS",""
"12:22:54.7909972 PM","main.exe","24160","CreateFile","C:\Windows\System32\urlmon.dll","SUCCESS","Desired Access: Read Data/List Directory, Execute/Traverse, Synchronize, Disposition: Open, Options: Synchronous IO Non-Alert, Non-Directory File, Attributes: n/a, ShareMode: Read, Delete, AllocationSize: n/a, OpenResult: Opened"
"12:22:54.7910363 PM","main.exe","24160","CreateFileMapping","C:\Windows\System32\urlmon.dll","FILE LOCKED WITH ONLY READERS","SyncType: SyncTypeCreateSection, PageProtection: PAGE_EXECUTE|PAGE_NOCACHE"
"12:22:54.7910611 PM","main.exe","24160","CreateFileMapping","C:\Windows\System32\urlmon.dll","SUCCESS","SyncType: SyncTypeOther"
"12:22:54.7911774 PM","main.exe","24160","Load Image","C:\Windows\System32\urlmon.dll","SUCCESS","Image Base: 0x7fff900c0000, Image Size: 0x1dd000"
"12:22:54.7914397 PM","main.exe","24160","CloseFile","C:\Windows\System32\urlmon.dll","SUCCESS",""
"12:22:54.8029417 PM","main.exe","24160","CreateFile","C:\Windows\System32\urlmon.dll","SUCCESS","Desired Access: Read Attributes, Disposition: Open, Options: Open Reparse Point, Attributes: n/a, ShareMode: Read, Write, Delete, AllocationSize: n/a, OpenResult: Opened"
"12:22:54.8030110 PM","main.exe","24160","QueryBasicInformationFile","C:\Windows\System32\urlmon.dll","SUCCESS","CreationTime: 3/11/2026 1:06:41 PM, LastAccessTime: 4/4/2026 12:22:54 PM, LastWriteTime: 3/11/2026 1:06:42 PM, ChangeTime: 3/12/2026 12:16:24 AM, FileAttributes: A"
"12:22:54.8030314 PM","main.exe","24160","CloseFile","C:\Windows\System32\urlmon.dll","SUCCESS",""
"12:22:54.8032370 PM","main.exe","24160","CreateFile","C:\Windows\System32\urlmon.dll","SUCCESS","Desired Access: Read Data/List Directory, Execute/Traverse, Synchronize, Disposition: Open, Options: Synchronous IO Non-Alert, Non-Directory File, Attributes: n/a, ShareMode: Read, Delete, AllocationSize: n/a, OpenResult: Opened"
"12:22:54.8032958 PM","main.exe","24160","CreateFileMapping","C:\Windows\System32\urlmon.dll","FILE LOCKED WITH ONLY READERS","SyncType: SyncTypeCreateSection, PageProtection: PAGE_EXECUTE|PAGE_NOCACHE"
"12:22:54.8033270 PM","main.exe","24160","CreateFileMapping","C:\Windows\System32\urlmon.dll","SUCCESS","SyncType: SyncTypeOther"
"12:22:54.8036130 PM","main.exe","24160","Load Image","C:\Windows\System32\urlmon.dll","SUCCESS","Image Base: 0x7fff900c0000, Image Size: 0x1dd000"
"12:22:54.8042478 PM","main.exe","24160","CloseFile","C:\Windows\System32\urlmon.dll","SUCCESS",""
"12:22:54.8206389 PM","main.exe","24160","CreateFile","C:\Windows\System32\urlmon.dll","SUCCESS","Desired Access: Read Attributes, Disposition: Open, Options: Open Reparse Point, Attributes: n/a, ShareMode: Read, Write, Delete, AllocationSize: n/a, OpenResult: Opened"
"12:22:54.8206889 PM","main.exe","24160","QueryBasicInformationFile","C:\Windows\System32\urlmon.dll","SUCCESS","CreationTime: 3/11/2026 1:06:41 PM, LastAccessTime: 4/4/2026 12:22:54 PM, LastWriteTime: 3/11/2026 1:06:42 PM, ChangeTime: 3/12/2026 12:16:24 AM, FileAttributes: A"
"12:22:54.8206988 PM","main.exe","24160","CloseFile","C:\Windows\System32\urlmon.dll","SUCCESS",""
"12:22:54.8207758 PM","main.exe","24160","CreateFile","C:\Windows\System32\urlmon.dll","SUCCESS","Desired Access: Read Data/List Directory, Execute/Traverse, Synchronize, Disposition: Open, Options: Synchronous IO Non-Alert, Non-Directory File, Attributes: n/a, ShareMode: Read, Delete, AllocationSize: n/a, OpenResult: Opened"
"12:22:54.8208146 PM","main.exe","24160","CreateFileMapping","C:\Windows\System32\urlmon.dll","FILE LOCKED WITH ONLY READERS","SyncType: SyncTypeCreateSection, PageProtection: PAGE_EXECUTE|PAGE_NOCACHE"
"12:22:54.8208387 PM","main.exe","24160","CreateFileMapping","C:\Windows\System32\urlmon.dll","SUCCESS","SyncType: SyncTypeOther"
"12:22:54.8209824 PM","main.exe","24160","Load Image","C:\Windows\System32\urlmon.dll","SUCCESS","Image Base: 0x7fff900c0000, Image Size: 0x1dd000"
"12:22:54.8213425 PM","main.exe","24160","CloseFile","C:\Windows\System32\urlmon.dll","SUCCESS",""
"12:22:54.8326352 PM","main.exe","24160","CreateFile","C:\Windows\System32\urlmon.dll","SUCCESS","Desired Access: Read Attributes, Disposition: Open, Options: Open Reparse Point, Attributes: n/a, ShareMode: Read, Write, Delete, AllocationSize: n/a, OpenResult: Opened"
"12:22:54.8326767 PM","main.exe","24160","QueryBasicInformationFile","C:\Windows\System32\urlmon.dll","SUCCESS","CreationTime: 3/11/2026 1:06:41 PM, LastAccessTime: 4/4/2026 12:22:54 PM, LastWriteTime: 3/11/2026 1:06:42 PM, ChangeTime: 3/12/2026 12:16:24 AM, FileAttributes: A"
"12:22:54.8326881 PM","main.exe","24160","CloseFile","C:\Windows\System32\urlmon.dll","SUCCESS",""
"12:22:54.8327890 PM","main.exe","24160","CreateFile","C:\Windows\System32\urlmon.dll","SUCCESS","Desired Access: Read Data/List Directory, Execute/Traverse, Synchronize, Disposition: Open, Options: Synchronous IO Non-Alert, Non-Directory File, Attributes: n/a, ShareMode: Read, Delete, AllocationSize: n/a, OpenResult: Opened"
"12:22:54.8328416 PM","main.exe","24160","CreateFileMapping","C:\Windows\System32\urlmon.dll","FILE LOCKED WITH ONLY READERS","SyncType: SyncTypeCreateSection, PageProtection: PAGE_EXECUTE|PAGE_NOCACHE"
"12:22:54.8328806 PM","main.exe","24160","CreateFileMapping","C:\Windows\System32\urlmon.dll","SUCCESS","SyncType: SyncTypeOther"
"12:22:54.8330165 PM","main.exe","24160","Load Image","C:\Windows\System32\urlmon.dll","SUCCESS","Image Base: 0x7fff900c0000, Image Size: 0x1dd000"
"12:22:54.8336128 PM","main.exe","24160","CloseFile","C:\Windows\System32\urlmon.dll","SUCCESS",""
"12:22:54.8514698 PM","main.exe","24160","CreateFile","C:\Windows\System32\urlmon.dll","SUCCESS","Desired Access: Read Attributes, Disposition: Open, Options: Open Reparse Point, Attributes: n/a, ShareMode: Read, Write, Delete, AllocationSize: n/a, OpenResult: Opened"
"12:22:54.8515289 PM","main.exe","24160","QueryBasicInformationFile","C:\Windows\System32\urlmon.dll","SUCCESS","CreationTime: 3/11/2026 1:06:41 PM, LastAccessTime: 4/4/2026 12:22:54 PM, LastWriteTime: 3/11/2026 1:06:42 PM, ChangeTime: 3/12/2026 12:16:24 AM, FileAttributes: A"
"12:22:54.8515423 PM","main.exe","24160","CloseFile","C:\Windows\System32\urlmon.dll","SUCCESS",""
"12:22:54.8516387 PM","main.exe","24160","CreateFile","C:\Windows\System32\urlmon.dll","SUCCESS","Desired Access: Read Data/List Directory, Execute/Traverse, Synchronize, Disposition: Open, Options: Synchronous IO Non-Alert, Non-Directory File, Attributes: n/a, ShareMode: Read, Delete, AllocationSize: n/a, OpenResult: Opened"
"12:22:54.8517010 PM","main.exe","24160","CreateFileMapping","C:\Windows\System32\urlmon.dll","FILE LOCKED WITH ONLY READERS","SyncType: SyncTypeCreateSection, PageProtection: PAGE_EXECUTE|PAGE_NOCACHE"
"12:22:54.8517318 PM","main.exe","24160","CreateFileMapping","C:\Windows\System32\urlmon.dll","SUCCESS","SyncType: SyncTypeOther"
"12:22:54.8518725 PM","main.exe","24160","Load Image","C:\Windows\System32\urlmon.dll","SUCCESS","Image Base: 0x7fff900c0000, Image Size: 0x1dd000"
"12:22:54.8523765 PM","main.exe","24160","CloseFile","C:\Windows\System32\urlmon.dll","SUCCESS",""
"12:22:54.8701918 PM","main.exe","24160","CreateFile","C:\Windows\System32\urlmon.dll","SUCCESS","Desired Access: Read Attributes, Disposition: Open, Options: Open Reparse Point, Attributes: n/a, ShareMode: Read, Write, Delete, AllocationSize: n/a, OpenResult: Opened"
"12:22:54.8702358 PM","main.exe","24160","QueryBasicInformationFile","C:\Windows\System32\urlmon.dll","SUCCESS","CreationTime: 3/11/2026 1:06:41 PM, LastAccessTime: 4/4/2026 12:22:54 PM, LastWriteTime: 3/11/2026 1:06:42 PM, ChangeTime: 3/12/2026 12:16:24 AM, FileAttributes: A"
"12:22:54.8702568 PM","main.exe","24160","CloseFile","C:\Windows\System32\urlmon.dll","SUCCESS",""
"12:22:54.8703491 PM","main.exe","24160","CreateFile","C:\Windows\System32\urlmon.dll","SUCCESS","Desired Access: Read Data/List Directory, Execute/Traverse, Synchronize, Disposition: Open, Options: Synchronous IO Non-Alert, Non-Directory File, Attributes: n/a, ShareMode: Read, Delete, AllocationSize: n/a, OpenResult: Opened"
"12:22:54.8703966 PM","main.exe","24160","CreateFileMapping","C:\Windows\System32\urlmon.dll","FILE LOCKED WITH ONLY READERS","SyncType: SyncTypeCreateSection, PageProtection: PAGE_EXECUTE|PAGE_NOCACHE"
"12:22:54.8704272 PM","main.exe","24160","CreateFileMapping","C:\Windows\System32\urlmon.dll","SUCCESS","SyncType: SyncTypeOther"
"12:22:54.8705801 PM","main.exe","24160","Load Image","C:\Windows\System32\urlmon.dll","SUCCESS","Image Base: 0x7fff900c0000, Image Size: 0x1dd000"
"12:22:54.8710545 PM","main.exe","24160","CloseFile","C:\Windows\System32\urlmon.dll","SUCCESS",""
"12:22:54.8877084 PM","main.exe","24160","CreateFile","C:\Windows\System32\urlmon.dll","SUCCESS","Desired Access: Read Attributes, Disposition: Open, Options: Open Reparse Point, Attributes: n/a, ShareMode: Read, Write, Delete, AllocationSize: n/a, OpenResult: Opened"
"12:22:54.8877548 PM","main.exe","24160","QueryBasicInformationFile","C:\Windows\System32\urlmon.dll","SUCCESS","CreationTime: 3/11/2026 1:06:41 PM, LastAccessTime: 4/4/2026 12:22:54 PM, LastWriteTime: 3/11/2026 1:06:42 PM, ChangeTime: 3/12/2026 12:16:24 AM, FileAttributes: A"
"12:22:54.8877670 PM","main.exe","24160","CloseFile","C:\Windows\System32\urlmon.dll","SUCCESS",""
"12:22:54.8878595 PM","main.exe","24160","CreateFile","C:\Windows\System32\urlmon.dll","SUCCESS","Desired Access: Read Data/List Directory, Execute/Traverse, Synchronize, Disposition: Open, Options: Synchronous IO Non-Alert, Non-Directory File, Attributes: n/a, ShareMode: Read, Delete, AllocationSize: n/a, OpenResult: Opened"
"12:22:54.8879057 PM","main.exe","24160","CreateFileMapping","C:\Windows\System32\urlmon.dll","FILE LOCKED WITH ONLY READERS","SyncType: SyncTypeCreateSection, PageProtection: PAGE_EXECUTE|PAGE_NOCACHE"
"12:22:54.8879371 PM","main.exe","24160","CreateFileMapping","C:\Windows\System32\urlmon.dll","SUCCESS","SyncType: SyncTypeOther"
"12:22:54.8880890 PM","main.exe","24160","Load Image","C:\Windows\System32\urlmon.dll","SUCCESS","Image Base: 0x7fff900c0000, Image Size: 0x1dd000"
"12:22:54.8885060 PM","main.exe","24160","CloseFile","C:\Windows\System32\urlmon.dll","SUCCESS",""
"12:22:54.9040825 PM","main.exe","24160","CreateFile","C:\Windows\System32\urlmon.dll","SUCCESS","Desired Access: Read Attributes, Disposition: Open, Options: Open Reparse Point, Attributes: n/a, ShareMode: Read, Write, Delete, AllocationSize: n/a, OpenResult: Opened"
"12:22:54.9041172 PM","main.exe","24160","QueryBasicInformationFile","C:\Windows\System32\urlmon.dll","SUCCESS","CreationTime: 3/11/2026 1:06:41 PM, LastAccessTime: 4/4/2026 12:22:54 PM, LastWriteTime: 3/11/2026 1:06:42 PM, ChangeTime: 3/12/2026 12:16:24 AM, FileAttributes: A"
"12:22:54.9041275 PM","main.exe","24160","CloseFile","C:\Windows\System32\urlmon.dll","SUCCESS",""
"12:22:54.9042073 PM","main.exe","24160","CreateFile","C:\Windows\System32\urlmon.dll","SUCCESS","Desired Access: Read Data/List Directory, Execute/Traverse, Synchronize, Disposition: Open, Options: Synchronous IO Non-Alert, Non-Directory File, Attributes: n/a, ShareMode: Read, Delete, AllocationSize: n/a, OpenResult: Opened"
"12:22:54.9042466 PM","main.exe","24160","CreateFileMapping","C:\Windows\System32\urlmon.dll","FILE LOCKED WITH ONLY READERS","SyncType: SyncTypeCreateSection, PageProtection: PAGE_EXECUTE|PAGE_NOCACHE"
"12:22:54.9042716 PM","main.exe","24160","CreateFileMapping","C:\Windows\System32\urlmon.dll","SUCCESS","SyncType: SyncTypeOther"
"12:22:54.9044007 PM","main.exe","24160","Load Image","C:\Windows\System32\urlmon.dll","SUCCESS","Image Base: 0x7fff900c0000, Image Size: 0x1dd000"
"12:22:54.9047691 PM","main.exe","24160","CloseFile","C:\Windows\System32\urlmon.dll","SUCCESS",""
"12:22:54.9157547 PM","main.exe","24160","CreateFile","C:\Windows\System32\urlmon.dll","SUCCESS","Desired Access: Read Attributes, Disposition: Open, Options: Open Reparse Point, Attributes: n/a, ShareMode: Read, Write, Delete, AllocationSize: n/a, OpenResult: Opened"
"12:22:54.9158022 PM","main.exe","24160","QueryBasicInformationFile","C:\Windows\System32\urlmon.dll","SUCCESS","CreationTime: 3/11/2026 1:06:41 PM, LastAccessTime: 4/4/2026 12:22:54 PM, LastWriteTime: 3/11/2026 1:06:42 PM, ChangeTime: 3/12/2026 12:16:24 AM, FileAttributes: A"
"12:22:54.9158144 PM","main.exe","24160","CloseFile","C:\Windows\System32\urlmon.dll","SUCCESS",""
"12:22:54.9159021 PM","main.exe","24160","CreateFile","C:\Windows\System32\urlmon.dll","SUCCESS","Desired Access: Read Data/List Directory, Execute/Traverse, Synchronize, Disposition: Open, Options: Synchronous IO Non-Alert, Non-Directory File, Attributes: n/a, ShareMode: Read, Delete, AllocationSize: n/a, OpenResult: Opened"
"12:22:54.9159463 PM","main.exe","24160","CreateFileMapping","C:\Windows\System32\urlmon.dll","FILE LOCKED WITH ONLY READERS","SyncType: SyncTypeCreateSection, PageProtection: PAGE_EXECUTE|PAGE_NOCACHE"
"12:22:54.9159795 PM","main.exe","24160","CreateFileMapping","C:\Windows\System32\urlmon.dll","SUCCESS","SyncType: SyncTypeOther"
"12:22:54.9161209 PM","main.exe","24160","Load Image","C:\Windows\System32\urlmon.dll","SUCCESS","Image Base: 0x7fff900c0000, Image Size: 0x1dd000"
"12:22:54.9165326 PM","main.exe","24160","CloseFile","C:\Windows\System32\urlmon.dll","SUCCESS",""
"12:22:54.9259400 PM","main.exe","24160","CreateFile","C:\Windows\System32\urlmon.dll","SUCCESS","Desired Access: Read Attributes, Disposition: Open, Options: Open Reparse Point, Attributes: n/a, ShareMode: Read, Write, Delete, AllocationSize: n/a, OpenResult: Opened"
"12:22:54.9259827 PM","main.exe","24160","QueryBasicInformationFile","C:\Windows\System32\urlmon.dll","SUCCESS","CreationTime: 3/11/2026 1:06:41 PM, LastAccessTime: 4/4/2026 12:22:54 PM, LastWriteTime: 3/11/2026 1:06:42 PM, ChangeTime: 3/12/2026 12:16:24 AM, FileAttributes: A"
"12:22:54.9259971 PM","main.exe","24160","CloseFile","C:\Windows\System32\urlmon.dll","SUCCESS",""
"12:22:54.9260945 PM","main.exe","24160","CreateFile","C:\Windows\System32\urlmon.dll","SUCCESS","Desired Access: Read Data/List Directory, Execute/Traverse, Synchronize, Disposition: Open, Options: Synchronous IO Non-Alert, Non-Directory File, Attributes: n/a, ShareMode: Read, Delete, AllocationSize: n/a, OpenResult: Opened"
"12:22:54.9261326 PM","main.exe","24160","CreateFileMapping","C:\Windows\System32\urlmon.dll","FILE LOCKED WITH ONLY READERS","SyncType: SyncTypeCreateSection, PageProtection: PAGE_EXECUTE|PAGE_NOCACHE"
"12:22:54.9261596 PM","main.exe","24160","CreateFileMapping","C:\Windows\System32\urlmon.dll","SUCCESS","SyncType: SyncTypeOther"
"12:22:54.9263007 PM","main.exe","24160","Load Image","C:\Windows\System32\urlmon.dll","SUCCESS","Image Base: 0x7fff900c0000, Image Size: 0x1dd000"
"12:22:54.9266236 PM","main.exe","24160","CloseFile","C:\Windows\System32\urlmon.dll","SUCCESS",""
"12:22:54.9464928 PM","main.exe","24160","CreateFile","C:\Windows\System32\urlmon.dll","SUCCESS","Desired Access: Read Attributes, Disposition: Open, Options: Open Reparse Point, Attributes: n/a, ShareMode: Read, Write, Delete, AllocationSize: n/a, OpenResult: Opened"
"12:22:54.9465367 PM","main.exe","24160","QueryBasicInformationFile","C:\Windows\System32\urlmon.dll","SUCCESS","CreationTime: 3/11/2026 1:06:41 PM, LastAccessTime: 4/4/2026 12:22:54 PM, LastWriteTime: 3/11/2026 1:06:42 PM, ChangeTime: 3/12/2026 12:16:24 AM, FileAttributes: A"
"12:22:54.9465486 PM","main.exe","24160","CloseFile","C:\Windows\System32\urlmon.dll","SUCCESS",""
"12:22:54.9466350 PM","main.exe","24160","CreateFile","C:\Windows\System32\urlmon.dll","SUCCESS","Desired Access: Read Data/List Directory, Execute/Traverse, Synchronize, Disposition: Open, Options: Synchronous IO Non-Alert, Non-Directory File, Attributes: n/a, ShareMode: Read, Delete, AllocationSize: n/a, OpenResult: Opened"
"12:22:54.9466823 PM","main.exe","24160","CreateFileMapping","C:\Windows\System32\urlmon.dll","FILE LOCKED WITH ONLY READERS","SyncType: SyncTypeCreateSection, PageProtection: PAGE_EXECUTE|PAGE_NOCACHE"
"12:22:54.9467122 PM","main.exe","24160","CreateFileMapping","C:\Windows\System32\urlmon.dll","SUCCESS","SyncType: SyncTypeOther"
"12:22:54.9468341 PM","main.exe","24160","Load Image","C:\Windows\System32\urlmon.dll","SUCCESS","Image Base: 0x7fff900c0000, Image Size: 0x1dd000"
"12:22:54.9472501 PM","main.exe","24160","CloseFile","C:\Windows\System32\urlmon.dll","SUCCESS",""
"12:22:54.9640971 PM","main.exe","24160","CreateFile","C:\Windows\System32\urlmon.dll","SUCCESS","Desired Access: Read Attributes, Disposition: Open, Options: Open Reparse Point, Attributes: n/a, ShareMode: Read, Write, Delete, AllocationSize: n/a, OpenResult: Opened"
"12:22:54.9641293 PM","main.exe","24160","QueryBasicInformationFile","C:\Windows\System32\urlmon.dll","SUCCESS","CreationTime: 3/11/2026 1:06:41 PM, LastAccessTime: 4/4/2026 12:22:54 PM, LastWriteTime: 3/11/2026 1:06:42 PM, ChangeTime: 3/12/2026 12:16:24 AM, FileAttributes: A"
"12:22:54.9641394 PM","main.exe","24160","CloseFile","C:\Windows\System32\urlmon.dll","SUCCESS",""
"12:22:54.9642152 PM","main.exe","24160","CreateFile","C:\Windows\System32\urlmon.dll","SUCCESS","Desired Access: Read Data/List Directory, Execute/Traverse, Synchronize, Disposition: Open, Options: Synchronous IO Non-Alert, Non-Directory File, Attributes: n/a, ShareMode: Read, Delete, AllocationSize: n/a, OpenResult: Opened"
"12:22:54.9642533 PM","main.exe","24160","CreateFileMapping","C:\Windows\System32\urlmon.dll","FILE LOCKED WITH ONLY READERS","SyncType: SyncTypeCreateSection, PageProtection: PAGE_EXECUTE|PAGE_NOCACHE"
"12:22:54.9642778 PM","main.exe","24160","CreateFileMapping","C:\Windows\System32\urlmon.dll","SUCCESS","SyncType: SyncTypeOther"
"12:22:54.9643884 PM","main.exe","24160","Load Image","C:\Windows\System32\urlmon.dll","SUCCESS","Image Base: 0x7fff900c0000, Image Size: 0x1dd000"
"12:22:54.9646903 PM","main.exe","24160","CloseFile","C:\Windows\System32\urlmon.dll","SUCCESS",""
"12:22:54.9811308 PM","main.exe","24160","CreateFile","C:\Windows\System32\urlmon.dll","SUCCESS","Desired Access: Read Attributes, Disposition: Open, Options: Open Reparse Point, Attributes: n/a, ShareMode: Read, Write, Delete, AllocationSize: n/a, OpenResult: Opened"
"12:22:54.9811729 PM","main.exe","24160","QueryBasicInformationFile","C:\Windows\System32\urlmon.dll","SUCCESS","CreationTime: 3/11/2026 1:06:41 PM, LastAccessTime: 4/4/2026 12:22:54 PM, LastWriteTime: 3/11/2026 1:06:42 PM, ChangeTime: 3/12/2026 12:16:24 AM, FileAttributes: A"
"12:22:54.9811842 PM","main.exe","24160","CloseFile","C:\Windows\System32\urlmon.dll","SUCCESS",""
"12:22:54.9812785 PM","main.exe","24160","CreateFile","C:\Windows\System32\urlmon.dll","SUCCESS","Desired Access: Read Data/List Directory, Execute/Traverse, Synchronize, Disposition: Open, Options: Synchronous IO Non-Alert, Non-Directory File, Attributes: n/a, ShareMode: Read, Delete, AllocationSize: n/a, OpenResult: Opened"
"12:22:54.9813236 PM","main.exe","24160","CreateFileMapping","C:\Windows\System32\urlmon.dll","FILE LOCKED WITH ONLY READERS","SyncType: SyncTypeCreateSection, PageProtection: PAGE_EXECUTE|PAGE_NOCACHE"
"12:22:54.9813525 PM","main.exe","24160","CreateFileMapping","C:\Windows\System32\urlmon.dll","SUCCESS","SyncType: SyncTypeOther"
"12:22:54.9815218 PM","main.exe","24160","Load Image","C:\Windows\System32\urlmon.dll","SUCCESS","Image Base: 0x7fff900c0000, Image Size: 0x1dd000"
"12:22:54.9818779 PM","main.exe","24160","CloseFile","C:\Windows\System32\urlmon.dll","SUCCESS",""
"12:22:55.1192828 PM","main.exe","24160","CreateFile","C:\Windows\System32\urlmon.dll","SUCCESS","Desired Access: Read Attributes, Disposition: Open, Options: Open Reparse Point, Attributes: n/a, ShareMode: Read, Write, Delete, AllocationSize: n/a, OpenResult: Opened"
"12:22:55.1193193 PM","main.exe","24160","QueryBasicInformationFile","C:\Windows\System32\urlmon.dll","SUCCESS","CreationTime: 3/11/2026 1:06:41 PM, LastAccessTime: 4/4/2026 12:22:54 PM, LastWriteTime: 3/11/2026 1:06:42 PM, ChangeTime: 3/12/2026 12:16:24 AM, FileAttributes: A"
"12:22:55.1193298 PM","main.exe","24160","CloseFile","C:\Windows\System32\urlmon.dll","SUCCESS",""
"12:22:55.1194261 PM","main.exe","24160","CreateFile","C:\Windows\System32\urlmon.dll","SUCCESS","Desired Access: Read Data/List Directory, Execute/Traverse, Synchronize, Disposition: Open, Options: Synchronous IO Non-Alert, Non-Directory File, Attributes: n/a, ShareMode: Read, Delete, AllocationSize: n/a, OpenResult: Opened"
"12:22:55.1194710 PM","main.exe","24160","CreateFileMapping","C:\Windows\System32\urlmon.dll","FILE LOCKED WITH ONLY READERS","SyncType: SyncTypeCreateSection, PageProtection: PAGE_EXECUTE|PAGE_NOCACHE"
"12:22:55.1194952 PM","main.exe","24160","CreateFileMapping","C:\Windows\System32\urlmon.dll","SUCCESS","SyncType: SyncTypeOther"
"12:22:55.1196085 PM","main.exe","24160","Load Image","C:\Windows\System32\urlmon.dll","SUCCESS","Image Base: 0x7fff900c0000, Image Size: 0x1dd000"
"12:22:55.1198760 PM","main.exe","24160","CloseFile","C:\Windows\System32\urlmon.dll","SUCCESS",""
"12:22:55.1305928 PM","main.exe","24160","CreateFile","C:\Windows\System32\urlmon.dll","SUCCESS","Desired Access: Read Attributes, Disposition: Open, Options: Open Reparse Point, Attributes: n/a, ShareMode: Read, Write, Delete, AllocationSize: n/a, OpenResult: Opened"
"12:22:55.1306710 PM","main.exe","24160","QueryBasicInformationFile","C:\Windows\System32\urlmon.dll","SUCCESS","CreationTime: 3/11/2026 1:06:41 PM, LastAccessTime: 4/4/2026 12:22:55 PM, LastWriteTime: 3/11/2026 1:06:42 PM, ChangeTime: 3/12/2026 12:16:24 AM, FileAttributes: A"
"12:22:55.1306825 PM","main.exe","24160","CloseFile","C:\Windows\System32\urlmon.dll","SUCCESS",""
"12:22:55.1307738 PM","main.exe","24160","CreateFile","C:\Windows\System32\urlmon.dll","SUCCESS","Desired Access: Read Data/List Directory, Execute/Traverse, Synchronize, Disposition: Open, Options: Synchronous IO Non-Alert, Non-Directory File, Attributes: n/a, ShareMode: Read, Delete, AllocationSize: n/a, OpenResult: Opened"
"12:22:55.1308508 PM","main.exe","24160","CreateFileMapping","C:\Windows\System32\urlmon.dll","FILE LOCKED WITH ONLY READERS","SyncType: SyncTypeCreateSection, PageProtection: PAGE_EXECUTE|PAGE_NOCACHE"
"12:22:55.1308748 PM","main.exe","24160","CreateFileMapping","C:\Windows\System32\urlmon.dll","SUCCESS","SyncType: SyncTypeOther"
"12:22:55.1309766 PM","main.exe","24160","Load Image","C:\Windows\System32\urlmon.dll","SUCCESS","Image Base: 0x7fff900c0000, Image Size: 0x1dd000"
"12:22:55.1313058 PM","main.exe","24160","CloseFile","C:\Windows\System32\urlmon.dll","SUCCESS",""
"12:22:55.1451475 PM","main.exe","24160","CreateFile","C:\Windows\System32\urlmon.dll","SUCCESS","Desired Access: Read Attributes, Disposition: Open, Options: Open Reparse Point, Attributes: n/a, ShareMode: Read, Write, Delete, AllocationSize: n/a, OpenResult: Opened"
"12:22:55.1452162 PM","main.exe","24160","QueryBasicInformationFile","C:\Windows\System32\urlmon.dll","SUCCESS","CreationTime: 3/11/2026 1:06:41 PM, LastAccessTime: 4/4/2026 12:22:55 PM, LastWriteTime: 3/11/2026 1:06:42 PM, ChangeTime: 3/12/2026 12:16:24 AM, FileAttributes: A"
"12:22:55.1453183 PM","main.exe","24160","CloseFile","C:\Windows\System32\urlmon.dll","SUCCESS",""
"12:22:55.1455511 PM","main.exe","24160","CreateFile","C:\Windows\System32\urlmon.dll","SUCCESS","Desired Access: Read Data/List Directory, Execute/Traverse, Synchronize, Disposition: Open, Options: Synchronous IO Non-Alert, Non-Directory File, Attributes: n/a, ShareMode: Read, Delete, AllocationSize: n/a, OpenResult: Opened"
"12:22:55.1456194 PM","main.exe","24160","CreateFileMapping","C:\Windows\System32\urlmon.dll","FILE LOCKED WITH ONLY READERS","SyncType: SyncTypeCreateSection, PageProtection: PAGE_EXECUTE|PAGE_NOCACHE"
"12:22:55.1456518 PM","main.exe","24160","CreateFileMapping","C:\Windows\System32\urlmon.dll","SUCCESS","SyncType: SyncTypeOther"
"12:22:55.1457984 PM","main.exe","24160","Load Image","C:\Windows\System32\urlmon.dll","SUCCESS","Image Base: 0x7fff900c0000, Image Size: 0x1dd000"
"12:22:55.1466788 PM","main.exe","24160","CloseFile","C:\Windows\System32\urlmon.dll","SUCCESS",""
"12:22:55.1634152 PM","main.exe","24160","CreateFile","C:\Windows\System32\urlmon.dll","SUCCESS","Desired Access: Read Attributes, Disposition: Open, Options: Open Reparse Point, Attributes: n/a, ShareMode: Read, Write, Delete, AllocationSize: n/a, OpenResult: Opened"
"12:22:55.1635741 PM","main.exe","24160","QueryBasicInformationFile","C:\Windows\System32\urlmon.dll","SUCCESS","CreationTime: 3/11/2026 1:06:41 PM, LastAccessTime: 4/4/2026 12:22:55 PM, LastWriteTime: 3/11/2026 1:06:42 PM, ChangeTime: 3/12/2026 12:16:24 AM, FileAttributes: A"
"12:22:55.1635864 PM","main.exe","24160","CloseFile","C:\Windows\System32\urlmon.dll","SUCCESS",""
"12:22:55.1636832 PM","main.exe","24160","CreateFile","C:\Windows\System32\urlmon.dll","SUCCESS","Desired Access: Read Data/List Directory, Execute/Traverse, Synchronize, Disposition: Open, Options: Synchronous IO Non-Alert, Non-Directory File, Attributes: n/a, ShareMode: Read, Delete, AllocationSize: n/a, OpenResult: Opened"
"12:22:55.1637274 PM","main.exe","24160","CreateFileMapping","C:\Windows\System32\urlmon.dll","FILE LOCKED WITH ONLY READERS","SyncType: SyncTypeCreateSection, PageProtection: PAGE_EXECUTE|PAGE_NOCACHE"
"12:22:55.1637645 PM","main.exe","24160","CreateFileMapping","C:\Windows\System32\urlmon.dll","SUCCESS","SyncType: SyncTypeOther"
"12:22:55.1639040 PM","main.exe","24160","Load Image","C:\Windows\System32\urlmon.dll","SUCCESS","Image Base: 0x7fff900c0000, Image Size: 0x1dd000"
"12:22:55.1644879 PM","main.exe","24160","CloseFile","C:\Windows\System32\urlmon.dll","SUCCESS",""
"12:22:55.1817588 PM","main.exe","24160","CreateFile","C:\Windows\System32\urlmon.dll","SUCCESS","Desired Access: Read Attributes, Disposition: Open, Options: Open Reparse Point, Attributes: n/a, ShareMode: Read, Write, Delete, AllocationSize: n/a, OpenResult: Opened"
"12:22:55.1817937 PM","main.exe","24160","QueryBasicInformationFile","C:\Windows\System32\urlmon.dll","SUCCESS","CreationTime: 3/11/2026 1:06:41 PM, LastAccessTime: 4/4/2026 12:22:55 PM, LastWriteTime: 3/11/2026 1:06:42 PM, ChangeTime: 3/12/2026 12:16:24 AM, FileAttributes: A"
"12:22:55.1818040 PM","main.exe","24160","CloseFile","C:\Windows\System32\urlmon.dll","SUCCESS",""
"12:22:55.1818844 PM","main.exe","24160","CreateFile","C:\Windows\System32\urlmon.dll","SUCCESS","Desired Access: Read Data/List Directory, Execute/Traverse, Synchronize, Disposition: Open, Options: Synchronous IO Non-Alert, Non-Directory File, Attributes: n/a, ShareMode: Read, Delete, AllocationSize: n/a, OpenResult: Opened"
"12:22:55.1819239 PM","main.exe","24160","CreateFileMapping","C:\Windows\System32\urlmon.dll","FILE LOCKED WITH ONLY READERS","SyncType: SyncTypeCreateSection, PageProtection: PAGE_EXECUTE|PAGE_NOCACHE"
"12:22:55.1819476 PM","main.exe","24160","CreateFileMapping","C:\Windows\System32\urlmon.dll","SUCCESS","SyncType: SyncTypeOther"
"12:22:55.1820699 PM","main.exe","24160","Load Image","C:\Windows\System32\urlmon.dll","SUCCESS","Image Base: 0x7fff900c0000, Image Size: 0x1dd000"
"12:22:55.1824220 PM","main.exe","24160","CloseFile","C:\Windows\System32\urlmon.dll","SUCCESS",""
"12:22:55.1925552 PM","main.exe","24160","CreateFile","C:\Windows\System32\urlmon.dll","SUCCESS","Desired Access: Read Attributes, Disposition: Open, Options: Open Reparse Point, Attributes: n/a, ShareMode: Read, Write, Delete, AllocationSize: n/a, OpenResult: Opened"
"12:22:55.1925969 PM","main.exe","24160","QueryBasicInformationFile","C:\Windows\System32\urlmon.dll","SUCCESS","CreationTime: 3/11/2026 1:06:41 PM, LastAccessTime: 4/4/2026 12:22:55 PM, LastWriteTime: 3/11/2026 1:06:42 PM, ChangeTime: 3/12/2026 12:16:24 AM, FileAttributes: A"
"12:22:55.1926112 PM","main.exe","24160","CloseFile","C:\Windows\System32\urlmon.dll","SUCCESS",""
"12:22:55.1927318 PM","main.exe","24160","CreateFile","C:\Windows\System32\urlmon.dll","SUCCESS","Desired Access: Read Data/List Directory, Execute/Traverse, Synchronize, Disposition: Open, Options: Synchronous IO Non-Alert, Non-Directory File, Attributes: n/a, ShareMode: Read, Delete, AllocationSize: n/a, OpenResult: Opened"
"12:22:55.1927882 PM","main.exe","24160","CreateFileMapping","C:\Windows\System32\urlmon.dll","FILE LOCKED WITH ONLY READERS","SyncType: SyncTypeCreateSection, PageProtection: PAGE_EXECUTE|PAGE_NOCACHE"
"12:22:55.1928277 PM","main.exe","24160","CreateFileMapping","C:\Windows\System32\urlmon.dll","SUCCESS","SyncType: SyncTypeOther"
"12:22:55.1930276 PM","main.exe","24160","Load Image","C:\Windows\System32\urlmon.dll","SUCCESS","Image Base: 0x7fff900c0000, Image Size: 0x1dd000"
"12:22:55.1938274 PM","main.exe","24160","CloseFile","C:\Windows\System32\urlmon.dll","SUCCESS",""
"12:22:55.2105604 PM","main.exe","24160","CreateFile","C:\Windows\System32\urlmon.dll","SUCCESS","Desired Access: Read Attributes, Disposition: Open, Options: Open Reparse Point, Attributes: n/a, ShareMode: Read, Write, Delete, AllocationSize: n/a, OpenResult: Opened"
"12:22:55.2106075 PM","main.exe","24160","QueryBasicInformationFile","C:\Windows\System32\urlmon.dll","SUCCESS","CreationTime: 3/11/2026 1:06:41 PM, LastAccessTime: 4/4/2026 12:22:55 PM, LastWriteTime: 3/11/2026 1:06:42 PM, ChangeTime: 3/12/2026 12:16:24 AM, FileAttributes: A"
"12:22:55.2106240 PM","main.exe","24160","CloseFile","C:\Windows\System32\urlmon.dll","SUCCESS",""
"12:22:55.2107561 PM","main.exe","24160","CreateFile","C:\Windows\System32\urlmon.dll","SUCCESS","Desired Access: Read Data/List Directory, Execute/Traverse, Synchronize, Disposition: Open, Options: Synchronous IO Non-Alert, Non-Directory File, Attributes: n/a, ShareMode: Read, Delete, AllocationSize: n/a, OpenResult: Opened"
"12:22:55.2108136 PM","main.exe","24160","CreateFileMapping","C:\Windows\System32\urlmon.dll","FILE LOCKED WITH ONLY READERS","SyncType: SyncTypeCreateSection, PageProtection: PAGE_EXECUTE|PAGE_NOCACHE"
"12:22:55.2108508 PM","main.exe","24160","CreateFileMapping","C:\Windows\System32\urlmon.dll","SUCCESS","SyncType: SyncTypeOther"
"12:22:55.2112454 PM","main.exe","24160","Load Image","C:\Windows\System32\urlmon.dll","SUCCESS","Image Base: 0x7fff900c0000, Image Size: 0x1dd000"
"12:22:55.2117568 PM","main.exe","24160","CloseFile","C:\Windows\System32\urlmon.dll","SUCCESS",""
"12:22:55.2210336 PM","main.exe","24160","CreateFile","C:\Windows\System32\urlmon.dll","SUCCESS","Desired Access: Read Attributes, Disposition: Open, Options: Open Reparse Point, Attributes: n/a, ShareMode: Read, Write, Delete, AllocationSize: n/a, OpenResult: Opened"
"12:22:55.2210742 PM","main.exe","24160","QueryBasicInformationFile","C:\Windows\System32\urlmon.dll","SUCCESS","CreationTime: 3/11/2026 1:06:41 PM, LastAccessTime: 4/4/2026 12:22:55 PM, LastWriteTime: 3/11/2026 1:06:42 PM, ChangeTime: 3/12/2026 12:16:24 AM, FileAttributes: A"
"12:22:55.2210888 PM","main.exe","24160","CloseFile","C:\Windows\System32\urlmon.dll","SUCCESS",""
"12:22:55.2212029 PM","main.exe","24160","CreateFile","C:\Windows\System32\urlmon.dll","SUCCESS","Desired Access: Read Data/List Directory, Execute/Traverse, Synchronize, Disposition: Open, Options: Synchronous IO Non-Alert, Non-Directory File, Attributes: n/a, ShareMode: Read, Delete, AllocationSize: n/a, OpenResult: Opened"
"12:22:55.2212525 PM","main.exe","24160","CreateFileMapping","C:\Windows\System32\urlmon.dll","FILE LOCKED WITH ONLY READERS","SyncType: SyncTypeCreateSection, PageProtection: PAGE_EXECUTE|PAGE_NOCACHE"
"12:22:55.2212820 PM","main.exe","24160","CreateFileMapping","C:\Windows\System32\urlmon.dll","SUCCESS","SyncType: SyncTypeOther"
"12:22:55.2214304 PM","main.exe","24160","Load Image","C:\Windows\System32\urlmon.dll","SUCCESS","Image Base: 0x7fff900c0000, Image Size: 0x1dd000"
"12:22:55.2217607 PM","main.exe","24160","CloseFile","C:\Windows\System32\urlmon.dll","SUCCESS",""
"12:22:55.2324079 PM","main.exe","24160","CreateFile","C:\Windows\System32\urlmon.dll","SUCCESS","Desired Access: Read Attributes, Disposition: Open, Options: Open Reparse Point, Attributes: n/a, ShareMode: Read, Write, Delete, AllocationSize: n/a, OpenResult: Opened"
"12:22:55.2324473 PM","main.exe","24160","QueryBasicInformationFile","C:\Windows\System32\urlmon.dll","SUCCESS","CreationTime: 3/11/2026 1:06:41 PM, LastAccessTime: 4/4/2026 12:22:55 PM, LastWriteTime: 3/11/2026 1:06:42 PM, ChangeTime: 3/12/2026 12:16:24 AM, FileAttributes: A"
"12:22:55.2324586 PM","main.exe","24160","CloseFile","C:\Windows\System32\urlmon.dll","SUCCESS",""
"12:22:55.2325436 PM","main.exe","24160","CreateFile","C:\Windows\System32\urlmon.dll","SUCCESS","Desired Access: Read Data/List Directory, Execute/Traverse, Synchronize, Disposition: Open, Options: Synchronous IO Non-Alert, Non-Directory File, Attributes: n/a, ShareMode: Read, Delete, AllocationSize: n/a, OpenResult: Opened"
"12:22:55.2325835 PM","main.exe","24160","CreateFileMapping","C:\Windows\System32\urlmon.dll","FILE LOCKED WITH ONLY READERS","SyncType: SyncTypeCreateSection, PageProtection: PAGE_EXECUTE|PAGE_NOCACHE"
"12:22:55.2326111 PM","main.exe","24160","CreateFileMapping","C:\Windows\System32\urlmon.dll","SUCCESS","SyncType: SyncTypeOther"
"12:22:55.2327364 PM","main.exe","24160","Load Image","C:\Windows\System32\urlmon.dll","SUCCESS","Image Base: 0x7fff900c0000, Image Size: 0x1dd000"
"12:22:55.2331475 PM","main.exe","24160","CloseFile","C:\Windows\System32\urlmon.dll","SUCCESS",""
"12:22:55.2448938 PM","main.exe","24160","CreateFile","C:\Windows\System32\urlmon.dll","SUCCESS","Desired Access: Read Attributes, Disposition: Open, Options: Open Reparse Point, Attributes: n/a, ShareMode: Read, Write, Delete, AllocationSize: n/a, OpenResult: Opened"
"12:22:55.2449379 PM","main.exe","24160","QueryBasicInformationFile","C:\Windows\System32\urlmon.dll","SUCCESS","CreationTime: 3/11/2026 1:06:41 PM, LastAccessTime: 4/4/2026 12:22:55 PM, LastWriteTime: 3/11/2026 1:06:42 PM, ChangeTime: 3/12/2026 12:16:24 AM, FileAttributes: A"
"12:22:55.2449506 PM","main.exe","24160","CloseFile","C:\Windows\System32\urlmon.dll","SUCCESS",""
"12:22:55.2450387 PM","main.exe","24160","CreateFile","C:\Windows\System32\urlmon.dll","SUCCESS","Desired Access: Read Data/List Directory, Execute/Traverse, Synchronize, Disposition: Open, Options: Synchronous IO Non-Alert, Non-Directory File, Attributes: n/a, ShareMode: Read, Delete, AllocationSize: n/a, OpenResult: Opened"
"12:22:55.2450829 PM","main.exe","24160","CreateFileMapping","C:\Windows\System32\urlmon.dll","FILE LOCKED WITH ONLY READERS","SyncType: SyncTypeCreateSection, PageProtection: PAGE_EXECUTE|PAGE_NOCACHE"
"12:22:55.2451116 PM","main.exe","24160","CreateFileMapping","C:\Windows\System32\urlmon.dll","SUCCESS","SyncType: SyncTypeOther"
"12:22:55.2452462 PM","main.exe","24160","Load Image","C:\Windows\System32\urlmon.dll","SUCCESS","Image Base: 0x7fff900c0000, Image Size: 0x1dd000"
"12:22:55.2456105 PM","main.exe","24160","CloseFile","C:\Windows\System32\urlmon.dll","SUCCESS",""
"12:22:55.2556990 PM","main.exe","24160","CreateFile","C:\Windows\System32\urlmon.dll","SUCCESS","Desired Access: Read Attributes, Disposition: Open, Options: Open Reparse Point, Attributes: n/a, ShareMode: Read, Write, Delete, AllocationSize: n/a, OpenResult: Opened"
"12:22:55.2557548 PM","main.exe","24160","QueryBasicInformationFile","C:\Windows\System32\urlmon.dll","SUCCESS","CreationTime: 3/11/2026 1:06:41 PM, LastAccessTime: 4/4/2026 12:22:55 PM, LastWriteTime: 3/11/2026 1:06:42 PM, ChangeTime: 3/12/2026 12:16:24 AM, FileAttributes: A"
"12:22:55.2557755 PM","main.exe","24160","CloseFile","C:\Windows\System32\urlmon.dll","SUCCESS",""
"12:22:55.2558920 PM","main.exe","24160","CreateFile","C:\Windows\System32\urlmon.dll","SUCCESS","Desired Access: Read Data/List Directory, Execute/Traverse, Synchronize, Disposition: Open, Options: Synchronous IO Non-Alert, Non-Directory File, Attributes: n/a, ShareMode: Read, Delete, AllocationSize: n/a, OpenResult: Opened"
"12:22:55.2559341 PM","main.exe","24160","CreateFileMapping","C:\Windows\System32\urlmon.dll","FILE LOCKED WITH ONLY READERS","SyncType: SyncTypeCreateSection, PageProtection: PAGE_EXECUTE|PAGE_NOCACHE"
"12:22:55.2559566 PM","main.exe","24160","CreateFileMapping","C:\Windows\System32\urlmon.dll","SUCCESS","SyncType: SyncTypeOther"
"12:22:55.2560551 PM","main.exe","24160","Load Image","C:\Windows\System32\urlmon.dll","SUCCESS","Image Base: 0x7fff900c0000, Image Size: 0x1dd000"
"12:22:55.2563279 PM","main.exe","24160","CloseFile","C:\Windows\System32\urlmon.dll","SUCCESS",""
"12:22:55.2692712 PM","main.exe","24160","CreateFile","C:\Windows\System32\urlmon.dll","SUCCESS","Desired Access: Read Attributes, Disposition: Open, Options: Open Reparse Point, Attributes: n/a, ShareMode: Read, Write, Delete, AllocationSize: n/a, OpenResult: Opened"
"12:22:55.2693590 PM","main.exe","24160","QueryBasicInformationFile","C:\Windows\System32\urlmon.dll","SUCCESS","CreationTime: 3/11/2026 1:06:41 PM, LastAccessTime: 4/4/2026 12:22:55 PM, LastWriteTime: 3/11/2026 1:06:42 PM, ChangeTime: 3/12/2026 12:16:24 AM, FileAttributes: A"
"12:22:55.2693777 PM","main.exe","24160","CloseFile","C:\Windows\System32\urlmon.dll","SUCCESS",""
"12:22:55.2695583 PM","main.exe","24160","CreateFile","C:\Windows\System32\urlmon.dll","SUCCESS","Desired Access: Read Data/List Directory, Execute/Traverse, Synchronize, Disposition: Open, Options: Synchronous IO Non-Alert, Non-Directory File, Attributes: n/a, ShareMode: Read, Delete, AllocationSize: n/a, OpenResult: Opened"
"12:22:55.2696237 PM","main.exe","24160","CreateFileMapping","C:\Windows\System32\urlmon.dll","FILE LOCKED WITH ONLY READERS","SyncType: SyncTypeCreateSection, PageProtection: PAGE_EXECUTE|PAGE_NOCACHE"
"12:22:55.2696947 PM","main.exe","24160","CreateFileMapping","C:\Windows\System32\urlmon.dll","SUCCESS","SyncType: SyncTypeOther"
"12:22:55.2698541 PM","main.exe","24160","Load Image","C:\Windows\System32\urlmon.dll","SUCCESS","Image Base: 0x7fff900c0000, Image Size: 0x1dd000"
"12:22:55.2704297 PM","main.exe","24160","CloseFile","C:\Windows\System32\urlmon.dll","SUCCESS",""
"12:22:55.2850730 PM","main.exe","24160","CreateFile","C:\Windows\System32\urlmon.dll","SUCCESS","Desired Access: Read Attributes, Disposition: Open, Options: Open Reparse Point, Attributes: n/a, ShareMode: Read, Write, Delete, AllocationSize: n/a, OpenResult: Opened"
"12:22:55.2851232 PM","main.exe","24160","QueryBasicInformationFile","C:\Windows\System32\urlmon.dll","SUCCESS","CreationTime: 3/11/2026 1:06:41 PM, LastAccessTime: 4/4/2026 12:22:55 PM, LastWriteTime: 3/11/2026 1:06:42 PM, ChangeTime: 3/12/2026 12:16:24 AM, FileAttributes: A"
"12:22:55.2851393 PM","main.exe","24160","CloseFile","C:\Windows\System32\urlmon.dll","SUCCESS",""
"12:22:55.2853152 PM","main.exe","24160","CreateFile","C:\Windows\System32\urlmon.dll","SUCCESS","Desired Access: Read Data/List Directory, Execute/Traverse, Synchronize, Disposition: Open, Options: Synchronous IO Non-Alert, Non-Directory File, Attributes: n/a, ShareMode: Read, Delete, AllocationSize: n/a, OpenResult: Opened"
"12:22:55.2854057 PM","main.exe","24160","CreateFileMapping","C:\Windows\System32\urlmon.dll","FILE LOCKED WITH ONLY READERS","SyncType: SyncTypeCreateSection, PageProtection: PAGE_EXECUTE|PAGE_NOCACHE"
"12:22:55.2854433 PM","main.exe","24160","CreateFileMapping","C:\Windows\System32\urlmon.dll","SUCCESS","SyncType: SyncTypeOther"
"12:22:55.2856131 PM","main.exe","24160","Load Image","C:\Windows\System32\urlmon.dll","SUCCESS","Image Base: 0x7fff900c0000, Image Size: 0x1dd000"
"12:22:55.2868245 PM","main.exe","24160","CloseFile","C:\Windows\System32\urlmon.dll","SUCCESS",""
"12:22:55.3042947 PM","main.exe","24160","CreateFile","C:\Windows\System32\urlmon.dll","SUCCESS","Desired Access: Read Attributes, Disposition: Open, Options: Open Reparse Point, Attributes: n/a, ShareMode: Read, Write, Delete, AllocationSize: n/a, OpenResult: Opened"
"12:22:55.3043516 PM","main.exe","24160","QueryBasicInformationFile","C:\Windows\System32\urlmon.dll","SUCCESS","CreationTime: 3/11/2026 1:06:41 PM, LastAccessTime: 4/4/2026 12:22:55 PM, LastWriteTime: 3/11/2026 1:06:42 PM, ChangeTime: 3/12/2026 12:16:24 AM, FileAttributes: A"
"12:22:55.3043682 PM","main.exe","24160","CloseFile","C:\Windows\System32\urlmon.dll","SUCCESS",""
"12:22:55.3045531 PM","main.exe","24160","CreateFile","C:\Windows\System32\urlmon.dll","SUCCESS","Desired Access: Read Data/List Directory, Execute/Traverse, Synchronize, Disposition: Open, Options: Synchronous IO Non-Alert, Non-Directory File, Attributes: n/a, ShareMode: Read, Delete, AllocationSize: n/a, OpenResult: Opened"
"12:22:55.3048359 PM","main.exe","24160","CreateFileMapping","C:\Windows\System32\urlmon.dll","FILE LOCKED WITH ONLY READERS","SyncType: SyncTypeCreateSection, PageProtection: PAGE_EXECUTE|PAGE_NOCACHE"
"12:22:55.3048959 PM","main.exe","24160","CreateFileMapping","C:\Windows\System32\urlmon.dll","SUCCESS","SyncType: SyncTypeOther"
"12:22:55.3050745 PM","main.exe","24160","Load Image","C:\Windows\System32\urlmon.dll","SUCCESS","Image Base: 0x7fff900c0000, Image Size: 0x1dd000"
"12:22:55.3056952 PM","main.exe","24160","CloseFile","C:\Windows\System32\urlmon.dll","SUCCESS",""
"12:22:55.3165800 PM","main.exe","24160","CreateFile","C:\Windows\System32\urlmon.dll","SUCCESS","Desired Access: Read Attributes, Disposition: Open, Options: Open Reparse Point, Attributes: n/a, ShareMode: Read, Write, Delete, AllocationSize: n/a, OpenResult: Opened"
"12:22:55.3166143 PM","main.exe","24160","QueryBasicInformationFile","C:\Windows\System32\urlmon.dll","SUCCESS","CreationTime: 3/11/2026 1:06:41 PM, LastAccessTime: 4/4/2026 12:22:55 PM, LastWriteTime: 3/11/2026 1:06:42 PM, ChangeTime: 3/12/2026 12:16:24 AM, FileAttributes: A"
"12:22:55.3166254 PM","main.exe","24160","CloseFile","C:\Windows\System32\urlmon.dll","SUCCESS",""
"12:22:55.3167120 PM","main.exe","24160","CreateFile","C:\Windows\System32\urlmon.dll","SUCCESS","Desired Access: Read Data/List Directory, Execute/Traverse, Synchronize, Disposition: Open, Options: Synchronous IO Non-Alert, Non-Directory File, Attributes: n/a, ShareMode: Read, Delete, AllocationSize: n/a, OpenResult: Opened"
"12:22:55.3167525 PM","main.exe","24160","CreateFileMapping","C:\Windows\System32\urlmon.dll","FILE LOCKED WITH ONLY READERS","SyncType: SyncTypeCreateSection, PageProtection: PAGE_EXECUTE|PAGE_NOCACHE"
"12:22:55.3167769 PM","main.exe","24160","CreateFileMapping","C:\Windows\System32\urlmon.dll","SUCCESS","SyncType: SyncTypeOther"
"12:22:55.3169004 PM","main.exe","24160","Load Image","C:\Windows\System32\urlmon.dll","SUCCESS","Image Base: 0x7fff900c0000, Image Size: 0x1dd000"
"12:22:55.3172531 PM","main.exe","24160","CloseFile","C:\Windows\System32\urlmon.dll","SUCCESS",""
"12:22:55.3278908 PM","main.exe","24160","CreateFile","C:\Windows\System32\urlmon.dll","SUCCESS","Desired Access: Read Attributes, Disposition: Open, Options: Open Reparse Point, Attributes: n/a, ShareMode: Read, Write, Delete, AllocationSize: n/a, OpenResult: Opened"
"12:22:55.3279297 PM","main.exe","24160","QueryBasicInformationFile","C:\Windows\System32\urlmon.dll","SUCCESS","CreationTime: 3/11/2026 1:06:41 PM, LastAccessTime: 4/4/2026 12:22:55 PM, LastWriteTime: 3/11/2026 1:06:42 PM, ChangeTime: 3/12/2026 12:16:24 AM, FileAttributes: A"
"12:22:55.3279434 PM","main.exe","24160","CloseFile","C:\Windows\System32\urlmon.dll","SUCCESS",""
"12:22:55.3280330 PM","main.exe","24160","CreateFile","C:\Windows\System32\urlmon.dll","SUCCESS","Desired Access: Read Data/List Directory, Execute/Traverse, Synchronize, Disposition: Open, Options: Synchronous IO Non-Alert, Non-Directory File, Attributes: n/a, ShareMode: Read, Delete, AllocationSize: n/a, OpenResult: Opened"
"12:22:55.3280887 PM","main.exe","24160","CreateFileMapping","C:\Windows\System32\urlmon.dll","FILE LOCKED WITH ONLY READERS","SyncType: SyncTypeCreateSection, PageProtection: PAGE_EXECUTE|PAGE_NOCACHE"
"12:22:55.3281331 PM","main.exe","24160","CreateFileMapping","C:\Windows\System32\urlmon.dll","SUCCESS","SyncType: SyncTypeOther"
"12:22:55.3282763 PM","main.exe","24160","Load Image","C:\Windows\System32\urlmon.dll","SUCCESS","Image Base: 0x7fff900c0000, Image Size: 0x1dd000"
"12:22:55.3288303 PM","main.exe","24160","CloseFile","C:\Windows\System32\urlmon.dll","SUCCESS",""
"12:22:55.3392400 PM","main.exe","24160","CreateFile","C:\Windows\System32\urlmon.dll","SUCCESS","Desired Access: Read Attributes, Disposition: Open, Options: Open Reparse Point, Attributes: n/a, ShareMode: Read, Write, Delete, AllocationSize: n/a, OpenResult: Opened"
"12:22:55.3392714 PM","main.exe","24160","QueryBasicInformationFile","C:\Windows\System32\urlmon.dll","SUCCESS","CreationTime: 3/11/2026 1:06:41 PM, LastAccessTime: 4/4/2026 12:22:55 PM, LastWriteTime: 3/11/2026 1:06:42 PM, ChangeTime: 3/12/2026 12:16:24 AM, FileAttributes: A"
"12:22:55.3392817 PM","main.exe","24160","CloseFile","C:\Windows\System32\urlmon.dll","SUCCESS",""
"12:22:55.3393650 PM","main.exe","24160","CreateFile","C:\Windows\System32\urlmon.dll","SUCCESS","Desired Access: Read Data/List Directory, Execute/Traverse, Synchronize, Disposition: Open, Options: Synchronous IO Non-Alert, Non-Directory File, Attributes: n/a, ShareMode: Read, Delete, AllocationSize: n/a, OpenResult: Opened"
"12:22:55.3394023 PM","main.exe","24160","CreateFileMapping","C:\Windows\System32\urlmon.dll","FILE LOCKED WITH ONLY READERS","SyncType: SyncTypeCreateSection, PageProtection: PAGE_EXECUTE|PAGE_NOCACHE"
"12:22:55.3394262 PM","main.exe","24160","CreateFileMapping","C:\Windows\System32\urlmon.dll","SUCCESS","SyncType: SyncTypeOther"
"12:22:55.3395450 PM","main.exe","24160","Load Image","C:\Windows\System32\urlmon.dll","SUCCESS","Image Base: 0x7fff900c0000, Image Size: 0x1dd000"
"12:22:55.3399715 PM","main.exe","24160","CloseFile","C:\Windows\System32\urlmon.dll","SUCCESS",""
"12:22:55.3567311 PM","main.exe","24160","CreateFile","C:\Windows\System32\urlmon.dll","SUCCESS","Desired Access: Read Attributes, Disposition: Open, Options: Open Reparse Point, Attributes: n/a, ShareMode: Read, Write, Delete, AllocationSize: n/a, OpenResult: Opened"
"12:22:55.3567706 PM","main.exe","24160","QueryBasicInformationFile","C:\Windows\System32\urlmon.dll","SUCCESS","CreationTime: 3/11/2026 1:06:41 PM, LastAccessTime: 4/4/2026 12:22:55 PM, LastWriteTime: 3/11/2026 1:06:42 PM, ChangeTime: 3/12/2026 12:16:24 AM, FileAttributes: A"
"12:22:55.3567826 PM","main.exe","24160","CloseFile","C:\Windows\System32\urlmon.dll","SUCCESS",""
"12:22:55.3568755 PM","main.exe","24160","CreateFile","C:\Windows\System32\urlmon.dll","SUCCESS","Desired Access: Read Data/List Directory, Execute/Traverse, Synchronize, Disposition: Open, Options: Synchronous IO Non-Alert, Non-Directory File, Attributes: n/a, ShareMode: Read, Delete, AllocationSize: n/a, OpenResult: Opened"
"12:22:55.3569284 PM","main.exe","24160","CreateFileMapping","C:\Windows\System32\urlmon.dll","FILE LOCKED WITH ONLY READERS","SyncType: SyncTypeCreateSection, PageProtection: PAGE_EXECUTE|PAGE_NOCACHE"
"12:22:55.3569837 PM","main.exe","24160","CreateFileMapping","C:\Windows\System32\urlmon.dll","SUCCESS","SyncType: SyncTypeOther"
"12:22:55.3574415 PM","main.exe","24160","Load Image","C:\Windows\System32\urlmon.dll","SUCCESS","Image Base: 0x7fff900c0000, Image Size: 0x1dd000"
"12:22:55.3584587 PM","main.exe","24160","CloseFile","C:\Windows\System32\urlmon.dll","SUCCESS",""
"12:22:55.3748388 PM","main.exe","24160","CreateFile","C:\Windows\System32\urlmon.dll","SUCCESS","Desired Access: Read Attributes, Disposition: Open, Options: Open Reparse Point, Attributes: n/a, ShareMode: Read, Write, Delete, AllocationSize: n/a, OpenResult: Opened"
"12:22:55.3748751 PM","main.exe","24160","QueryBasicInformationFile","C:\Windows\System32\urlmon.dll","SUCCESS","CreationTime: 3/11/2026 1:06:41 PM, LastAccessTime: 4/4/2026 12:22:55 PM, LastWriteTime: 3/11/2026 1:06:42 PM, ChangeTime: 3/12/2026 12:16:24 AM, FileAttributes: A"
"12:22:55.3748858 PM","main.exe","24160","CloseFile","C:\Windows\System32\urlmon.dll","SUCCESS",""
"12:22:55.3749974 PM","main.exe","24160","CreateFile","C:\Windows\System32\urlmon.dll","SUCCESS","Desired Access: Read Data/List Directory, Execute/Traverse, Synchronize, Disposition: Open, Options: Synchronous IO Non-Alert, Non-Directory File, Attributes: n/a, ShareMode: Read, Delete, AllocationSize: n/a, OpenResult: Opened"
"12:22:55.3750576 PM","main.exe","24160","CreateFileMapping","C:\Windows\System32\urlmon.dll","FILE LOCKED WITH ONLY READERS","SyncType: SyncTypeCreateSection, PageProtection: PAGE_EXECUTE|PAGE_NOCACHE"
"12:22:55.3750874 PM","main.exe","24160","CreateFileMapping","C:\Windows\System32\urlmon.dll","SUCCESS","SyncType: SyncTypeOther"
"12:22:55.3752564 PM","main.exe","24160","Load Image","C:\Windows\System32\urlmon.dll","SUCCESS","Image Base: 0x7fff900c0000, Image Size: 0x1dd000"
"12:22:55.3759937 PM","main.exe","24160","CloseFile","C:\Windows\System32\urlmon.dll","SUCCESS",""
"12:22:55.3872571 PM","main.exe","24160","CreateFile","C:\Windows\System32\urlmon.dll","SUCCESS","Desired Access: Read Attributes, Disposition: Open, Options: Open Reparse Point, Attributes: n/a, ShareMode: Read, Write, Delete, AllocationSize: n/a, OpenResult: Opened"
"12:22:55.3873011 PM","main.exe","24160","QueryBasicInformationFile","C:\Windows\System32\urlmon.dll","SUCCESS","CreationTime: 3/11/2026 1:06:41 PM, LastAccessTime: 4/4/2026 12:22:55 PM, LastWriteTime: 3/11/2026 1:06:42 PM, ChangeTime: 3/12/2026 12:16:24 AM, FileAttributes: A"
"12:22:55.3873879 PM","main.exe","24160","CloseFile","C:\Windows\System32\urlmon.dll","SUCCESS",""
"12:22:55.3875182 PM","main.exe","24160","CreateFile","C:\Windows\System32\urlmon.dll","SUCCESS","Desired Access: Read Data/List Directory, Execute/Traverse, Synchronize, Disposition: Open, Options: Synchronous IO Non-Alert, Non-Directory File, Attributes: n/a, ShareMode: Read, Delete, AllocationSize: n/a, OpenResult: Opened"
"12:22:55.3875734 PM","main.exe","24160","CreateFileMapping","C:\Windows\System32\urlmon.dll","FILE LOCKED WITH ONLY READERS","SyncType: SyncTypeCreateSection, PageProtection: PAGE_EXECUTE|PAGE_NOCACHE"
"12:22:55.3876041 PM","main.exe","24160","CreateFileMapping","C:\Windows\System32\urlmon.dll","SUCCESS","SyncType: SyncTypeOther"
"12:22:55.3878188 PM","main.exe","24160","Load Image","C:\Windows\System32\urlmon.dll","SUCCESS","Image Base: 0x7fff900c0000, Image Size: 0x1dd000"
"12:22:55.3882123 PM","main.exe","24160","CloseFile","C:\Windows\System32\urlmon.dll","SUCCESS",""
"12:22:55.4020934 PM","main.exe","24160","CreateFile","C:\Windows\System32\urlmon.dll","SUCCESS","Desired Access: Read Attributes, Disposition: Open, Options: Open Reparse Point, Attributes: n/a, ShareMode: Read, Write, Delete, AllocationSize: n/a, OpenResult: Opened"
"12:22:55.4021219 PM","main.exe","24160","QueryBasicInformationFile","C:\Windows\System32\urlmon.dll","SUCCESS","CreationTime: 3/11/2026 1:06:41 PM, LastAccessTime: 4/4/2026 12:22:55 PM, LastWriteTime: 3/11/2026 1:06:42 PM, ChangeTime: 3/12/2026 12:16:24 AM, FileAttributes: A"
"12:22:55.4021316 PM","main.exe","24160","CloseFile","C:\Windows\System32\urlmon.dll","SUCCESS",""
"12:22:55.4022083 PM","main.exe","24160","CreateFile","C:\Windows\System32\urlmon.dll","SUCCESS","Desired Access: Read Data/List Directory, Execute/Traverse, Synchronize, Disposition: Open, Options: Synchronous IO Non-Alert, Non-Directory File, Attributes: n/a, ShareMode: Read, Delete, AllocationSize: n/a, OpenResult: Opened"
"12:22:55.4022432 PM","main.exe","24160","CreateFileMapping","C:\Windows\System32\urlmon.dll","FILE LOCKED WITH ONLY READERS","SyncType: SyncTypeCreateSection, PageProtection: PAGE_EXECUTE|PAGE_NOCACHE"
"12:22:55.4022636 PM","main.exe","24160","CreateFileMapping","C:\Windows\System32\urlmon.dll","SUCCESS","SyncType: SyncTypeOther"
"12:22:55.4023714 PM","main.exe","24160","Load Image","C:\Windows\System32\urlmon.dll","SUCCESS","Image Base: 0x7fff900c0000, Image Size: 0x1dd000"
"12:22:55.4026238 PM","main.exe","24160","CloseFile","C:\Windows\System32\urlmon.dll","SUCCESS",""
"12:22:55.4159426 PM","main.exe","24160","CreateFile","C:\Windows\System32\urlmon.dll","SUCCESS","Desired Access: Read Attributes, Disposition: Open, Options: Open Reparse Point, Attributes: n/a, ShareMode: Read, Write, Delete, AllocationSize: n/a, OpenResult: Opened"
"12:22:55.4159717 PM","main.exe","24160","QueryBasicInformationFile","C:\Windows\System32\urlmon.dll","SUCCESS","CreationTime: 3/11/2026 1:06:41 PM, LastAccessTime: 4/4/2026 12:22:55 PM, LastWriteTime: 3/11/2026 1:06:42 PM, ChangeTime: 3/12/2026 12:16:24 AM, FileAttributes: A"
"12:22:55.4159814 PM","main.exe","24160","CloseFile","C:\Windows\System32\urlmon.dll","SUCCESS",""
"12:22:55.4160602 PM","main.exe","24160","CreateFile","C:\Windows\System32\urlmon.dll","SUCCESS","Desired Access: Read Data/List Directory, Execute/Traverse, Synchronize, Disposition: Open, Options: Synchronous IO Non-Alert, Non-Directory File, Attributes: n/a, ShareMode: Read, Delete, AllocationSize: n/a, OpenResult: Opened"
"12:22:55.4160936 PM","main.exe","24160","CreateFileMapping","C:\Windows\System32\urlmon.dll","FILE LOCKED WITH ONLY READERS","SyncType: SyncTypeCreateSection, PageProtection: PAGE_EXECUTE|PAGE_NOCACHE"
"12:22:55.4161214 PM","main.exe","24160","CreateFileMapping","C:\Windows\System32\urlmon.dll","SUCCESS","SyncType: SyncTypeOther"
"12:22:55.4162384 PM","main.exe","24160","Load Image","C:\Windows\System32\urlmon.dll","SUCCESS","Image Base: 0x7fff900c0000, Image Size: 0x1dd000"
"12:22:55.4165064 PM","main.exe","24160","CloseFile","C:\Windows\System32\urlmon.dll","SUCCESS",""
"12:22:55.4265276 PM","main.exe","24160","CreateFile","C:\Windows\System32\urlmon.dll","SUCCESS","Desired Access: Read Attributes, Disposition: Open, Options: Open Reparse Point, Attributes: n/a, ShareMode: Read, Write, Delete, AllocationSize: n/a, OpenResult: Opened"
"12:22:55.4265664 PM","main.exe","24160","QueryBasicInformationFile","C:\Windows\System32\urlmon.dll","SUCCESS","CreationTime: 3/11/2026 1:06:41 PM, LastAccessTime: 4/4/2026 12:22:55 PM, LastWriteTime: 3/11/2026 1:06:42 PM, ChangeTime: 3/12/2026 12:16:24 AM, FileAttributes: A"
"12:22:55.4265778 PM","main.exe","24160","CloseFile","C:\Windows\System32\urlmon.dll","SUCCESS",""
"12:22:55.4266633 PM","main.exe","24160","CreateFile","C:\Windows\System32\urlmon.dll","SUCCESS","Desired Access: Read Data/List Directory, Execute/Traverse, Synchronize, Disposition: Open, Options: Synchronous IO Non-Alert, Non-Directory File, Attributes: n/a, ShareMode: Read, Delete, AllocationSize: n/a, OpenResult: Opened"
"12:22:55.4267045 PM","main.exe","24160","CreateFileMapping","C:\Windows\System32\urlmon.dll","FILE LOCKED WITH ONLY READERS","SyncType: SyncTypeCreateSection, PageProtection: PAGE_EXECUTE|PAGE_NOCACHE"
"12:22:55.4267336 PM","main.exe","24160","CreateFileMapping","C:\Windows\System32\urlmon.dll","SUCCESS","SyncType: SyncTypeOther"
"12:22:55.4268633 PM","main.exe","24160","Load Image","C:\Windows\System32\urlmon.dll","SUCCESS","Image Base: 0x7fff900c0000, Image Size: 0x1dd000"
"12:22:55.4272795 PM","main.exe","24160","CloseFile","C:\Windows\System32\urlmon.dll","SUCCESS",""
"12:22:55.4416764 PM","main.exe","24160","CreateFile","C:\Windows\System32\urlmon.dll","SUCCESS","Desired Access: Read Attributes, Disposition: Open, Options: Open Reparse Point, Attributes: n/a, ShareMode: Read, Write, Delete, AllocationSize: n/a, OpenResult: Opened"
"12:22:55.4417351 PM","main.exe","24160","QueryBasicInformationFile","C:\Windows\System32\urlmon.dll","SUCCESS","CreationTime: 3/11/2026 1:06:41 PM, LastAccessTime: 4/4/2026 12:22:55 PM, LastWriteTime: 3/11/2026 1:06:42 PM, ChangeTime: 3/12/2026 12:16:24 AM, FileAttributes: A"
"12:22:55.4417517 PM","main.exe","24160","CloseFile","C:\Windows\System32\urlmon.dll","SUCCESS",""
"12:22:55.4419161 PM","main.exe","24160","CreateFile","C:\Windows\System32\urlmon.dll","SUCCESS","Desired Access: Read Data/List Directory, Execute/Traverse, Synchronize, Disposition: Open, Options: Synchronous IO Non-Alert, Non-Directory File, Attributes: n/a, ShareMode: Read, Delete, AllocationSize: n/a, OpenResult: Opened"
"12:22:55.4419909 PM","main.exe","24160","CreateFileMapping","C:\Windows\System32\urlmon.dll","FILE LOCKED WITH ONLY READERS","SyncType: SyncTypeCreateSection, PageProtection: PAGE_EXECUTE|PAGE_NOCACHE"
"12:22:55.4420553 PM","main.exe","24160","CreateFileMapping","C:\Windows\System32\urlmon.dll","SUCCESS","SyncType: SyncTypeOther"
"12:22:55.4426045 PM","main.exe","24160","Load Image","C:\Windows\System32\urlmon.dll","SUCCESS","Image Base: 0x7fff900c0000, Image Size: 0x1dd000"
"12:22:55.4431044 PM","main.exe","24160","CloseFile","C:\Windows\System32\urlmon.dll","SUCCESS",""
"12:22:55.4592839 PM","main.exe","24160","CreateFile","C:\Windows\System32\urlmon.dll","SUCCESS","Desired Access: Read Attributes, Disposition: Open, Options: Open Reparse Point, Attributes: n/a, ShareMode: Read, Write, Delete, AllocationSize: n/a, OpenResult: Opened"
"12:22:55.4593178 PM","main.exe","24160","QueryBasicInformationFile","C:\Windows\System32\urlmon.dll","SUCCESS","CreationTime: 3/11/2026 1:06:41 PM, LastAccessTime: 4/4/2026 12:22:55 PM, LastWriteTime: 3/11/2026 1:06:42 PM, ChangeTime: 3/12/2026 12:16:24 AM, FileAttributes: A"
"12:22:55.4593282 PM","main.exe","24160","CloseFile","C:\Windows\System32\urlmon.dll","SUCCESS",""
"12:22:55.4594071 PM","main.exe","24160","CreateFile","C:\Windows\System32\urlmon.dll","SUCCESS","Desired Access: Read Data/List Directory, Execute/Traverse, Synchronize, Disposition: Open, Options: Synchronous IO Non-Alert, Non-Directory File, Attributes: n/a, ShareMode: Read, Delete, AllocationSize: n/a, OpenResult: Opened"
"12:22:55.4594456 PM","main.exe","24160","CreateFileMapping","C:\Windows\System32\urlmon.dll","FILE LOCKED WITH ONLY READERS","SyncType: SyncTypeCreateSection, PageProtection: PAGE_EXECUTE|PAGE_NOCACHE"
"12:22:55.4594691 PM","main.exe","24160","CreateFileMapping","C:\Windows\System32\urlmon.dll","SUCCESS","SyncType: SyncTypeOther"
"12:22:55.4595959 PM","main.exe","24160","Load Image","C:\Windows\System32\urlmon.dll","SUCCESS","Image Base: 0x7fff900c0000, Image Size: 0x1dd000"
"12:22:55.4599508 PM","main.exe","24160","CloseFile","C:\Windows\System32\urlmon.dll","SUCCESS",""
"12:22:55.4748606 PM","main.exe","24160","CreateFile","C:\Windows\System32\urlmon.dll","SUCCESS","Desired Access: Read Attributes, Disposition: Open, Options: Open Reparse Point, Attributes: n/a, ShareMode: Read, Write, Delete, AllocationSize: n/a, OpenResult: Opened"
"12:22:55.4748955 PM","main.exe","24160","QueryBasicInformationFile","C:\Windows\System32\urlmon.dll","SUCCESS","CreationTime: 3/11/2026 1:06:41 PM, LastAccessTime: 4/4/2026 12:22:55 PM, LastWriteTime: 3/11/2026 1:06:42 PM, ChangeTime: 3/12/2026 12:16:24 AM, FileAttributes: A"
"12:22:55.4749057 PM","main.exe","24160","CloseFile","C:\Windows\System32\urlmon.dll","SUCCESS",""
"12:22:55.4749836 PM","main.exe","24160","CreateFile","C:\Windows\System32\urlmon.dll","SUCCESS","Desired Access: Read Data/List Directory, Execute/Traverse, Synchronize, Disposition: Open, Options: Synchronous IO Non-Alert, Non-Directory File, Attributes: n/a, ShareMode: Read, Delete, AllocationSize: n/a, OpenResult: Opened"
"12:22:55.4750234 PM","main.exe","24160","CreateFileMapping","C:\Windows\System32\urlmon.dll","FILE LOCKED WITH ONLY READERS","SyncType: SyncTypeCreateSection, PageProtection: PAGE_EXECUTE|PAGE_NOCACHE"
"12:22:55.4750474 PM","main.exe","24160","CreateFileMapping","C:\Windows\System32\urlmon.dll","SUCCESS","SyncType: SyncTypeOther"
"12:22:55.4751803 PM","main.exe","24160","Load Image","C:\Windows\System32\urlmon.dll","SUCCESS","Image Base: 0x7fff900c0000, Image Size: 0x1dd000"
"12:22:55.4754621 PM","main.exe","24160","CloseFile","C:\Windows\System32\urlmon.dll","SUCCESS",""
"12:22:55.4871247 PM","main.exe","24160","CreateFile","C:\Windows\System32\urlmon.dll","SUCCESS","Desired Access: Read Attributes, Disposition: Open, Options: Open Reparse Point, Attributes: n/a, ShareMode: Read, Write, Delete, AllocationSize: n/a, OpenResult: Opened"
"12:22:55.4871856 PM","main.exe","24160","QueryBasicInformationFile","C:\Windows\System32\urlmon.dll","SUCCESS","CreationTime: 3/11/2026 1:06:41 PM, LastAccessTime: 4/4/2026 12:22:55 PM, LastWriteTime: 3/11/2026 1:06:42 PM, ChangeTime: 3/12/2026 12:16:24 AM, FileAttributes: A"
"12:22:55.4872139 PM","main.exe","24160","CloseFile","C:\Windows\System32\urlmon.dll","SUCCESS",""
"12:22:55.4873392 PM","main.exe","24160","CreateFile","C:\Windows\System32\urlmon.dll","SUCCESS","Desired Access: Read Data/List Directory, Execute/Traverse, Synchronize, Disposition: Open, Options: Synchronous IO Non-Alert, Non-Directory File, Attributes: n/a, ShareMode: Read, Delete, AllocationSize: n/a, OpenResult: Opened"
"12:22:55.4873868 PM","main.exe","24160","CreateFileMapping","C:\Windows\System32\urlmon.dll","FILE LOCKED WITH ONLY READERS","SyncType: SyncTypeCreateSection, PageProtection: PAGE_EXECUTE|PAGE_NOCACHE"
"12:22:55.4874105 PM","main.exe","24160","CreateFileMapping","C:\Windows\System32\urlmon.dll","SUCCESS","SyncType: SyncTypeOther"
"12:22:55.4875576 PM","main.exe","24160","Load Image","C:\Windows\System32\urlmon.dll","SUCCESS","Image Base: 0x7fff900c0000, Image Size: 0x1dd000"
"12:22:55.4881727 PM","main.exe","24160","CloseFile","C:\Windows\System32\urlmon.dll","SUCCESS",""
"12:22:55.5041717 PM","main.exe","24160","CreateFile","C:\Windows\System32\urlmon.dll","SUCCESS","Desired Access: Read Attributes, Disposition: Open, Options: Open Reparse Point, Attributes: n/a, ShareMode: Read, Write, Delete, AllocationSize: n/a, OpenResult: Opened"
"12:22:55.5042166 PM","main.exe","24160","QueryBasicInformationFile","C:\Windows\System32\urlmon.dll","SUCCESS","CreationTime: 3/11/2026 1:06:41 PM, LastAccessTime: 4/4/2026 12:22:55 PM, LastWriteTime: 3/11/2026 1:06:42 PM, ChangeTime: 3/12/2026 12:16:24 AM, FileAttributes: A"
"12:22:55.5042281 PM","main.exe","24160","CloseFile","C:\Windows\System32\urlmon.dll","SUCCESS",""
"12:22:55.5043116 PM","main.exe","24160","CreateFile","C:\Windows\System32\urlmon.dll","SUCCESS","Desired Access: Read Data/List Directory, Execute/Traverse, Synchronize, Disposition: Open, Options: Synchronous IO Non-Alert, Non-Directory File, Attributes: n/a, ShareMode: Read, Delete, AllocationSize: n/a, OpenResult: Opened"
"12:22:55.5043561 PM","main.exe","24160","CreateFileMapping","C:\Windows\System32\urlmon.dll","FILE LOCKED WITH ONLY READERS","SyncType: SyncTypeCreateSection, PageProtection: PAGE_EXECUTE|PAGE_NOCACHE"
"12:22:55.5043940 PM","main.exe","24160","CreateFileMapping","C:\Windows\System32\urlmon.dll","SUCCESS","SyncType: SyncTypeOther"
"12:22:55.5045479 PM","main.exe","24160","Load Image","C:\Windows\System32\urlmon.dll","SUCCESS","Image Base: 0x7fff900c0000, Image Size: 0x1dd000"
"12:22:55.5051264 PM","main.exe","24160","CloseFile","C:\Windows\System32\urlmon.dll","SUCCESS",""
"12:22:55.5164728 PM","main.exe","24160","CreateFile","C:\Windows\System32\urlmon.dll","SUCCESS","Desired Access: Read Attributes, Disposition: Open, Options: Open Reparse Point, Attributes: n/a, ShareMode: Read, Write, Delete, AllocationSize: n/a, OpenResult: Opened"
"12:22:55.5165170 PM","main.exe","24160","QueryBasicInformationFile","C:\Windows\System32\urlmon.dll","SUCCESS","CreationTime: 3/11/2026 1:06:41 PM, LastAccessTime: 4/4/2026 12:22:55 PM, LastWriteTime: 3/11/2026 1:06:42 PM, ChangeTime: 3/12/2026 12:16:24 AM, FileAttributes: A"
"12:22:55.5165289 PM","main.exe","24160","CloseFile","C:\Windows\System32\urlmon.dll","SUCCESS",""
"12:22:55.5166171 PM","main.exe","24160","CreateFile","C:\Windows\System32\urlmon.dll","SUCCESS","Desired Access: Read Data/List Directory, Execute/Traverse, Synchronize, Disposition: Open, Options: Synchronous IO Non-Alert, Non-Directory File, Attributes: n/a, ShareMode: Read, Delete, AllocationSize: n/a, OpenResult: Opened"
"12:22:55.5167142 PM","main.exe","24160","CreateFileMapping","C:\Windows\System32\urlmon.dll","FILE LOCKED WITH ONLY READERS","SyncType: SyncTypeCreateSection, PageProtection: PAGE_EXECUTE|PAGE_NOCACHE"
"12:22:55.5167723 PM","main.exe","24160","CreateFileMapping","C:\Windows\System32\urlmon.dll","SUCCESS","SyncType: SyncTypeOther"
"12:22:55.5170247 PM","main.exe","24160","Load Image","C:\Windows\System32\urlmon.dll","SUCCESS","Image Base: 0x7fff900c0000, Image Size: 0x1dd000"
"12:22:55.5176307 PM","main.exe","24160","CloseFile","C:\Windows\System32\urlmon.dll","SUCCESS",""
"12:22:55.5278180 PM","main.exe","24160","CreateFile","C:\Windows\System32\urlmon.dll","SUCCESS","Desired Access: Read Attributes, Disposition: Open, Options: Open Reparse Point, Attributes: n/a, ShareMode: Read, Write, Delete, AllocationSize: n/a, OpenResult: Opened"
"12:22:55.5279216 PM","main.exe","24160","QueryBasicInformationFile","C:\Windows\System32\urlmon.dll","SUCCESS","CreationTime: 3/11/2026 1:06:41 PM, LastAccessTime: 4/4/2026 12:22:55 PM, LastWriteTime: 3/11/2026 1:06:42 PM, ChangeTime: 3/12/2026 12:16:24 AM, FileAttributes: A"
"12:22:55.5279337 PM","main.exe","24160","CloseFile","C:\Windows\System32\urlmon.dll","SUCCESS",""
"12:22:55.5280518 PM","main.exe","24160","CreateFile","C:\Windows\System32\urlmon.dll","SUCCESS","Desired Access: Read Data/List Directory, Execute/Traverse, Synchronize, Disposition: Open, Options: Synchronous IO Non-Alert, Non-Directory File, Attributes: n/a, ShareMode: Read, Delete, AllocationSize: n/a, OpenResult: Opened"
"12:22:55.5280967 PM","main.exe","24160","CreateFileMapping","C:\Windows\System32\urlmon.dll","FILE LOCKED WITH ONLY READERS","SyncType: SyncTypeCreateSection, PageProtection: PAGE_EXECUTE|PAGE_NOCACHE"
"12:22:55.5281212 PM","main.exe","24160","CreateFileMapping","C:\Windows\System32\urlmon.dll","SUCCESS","SyncType: SyncTypeOther"
"12:22:55.5282240 PM","main.exe","24160","Load Image","C:\Windows\System32\urlmon.dll","SUCCESS","Image Base: 0x7fff900c0000, Image Size: 0x1dd000"
"12:22:55.5284922 PM","main.exe","24160","CloseFile","C:\Windows\System32\urlmon.dll","SUCCESS",""
"12:22:55.5406789 PM","main.exe","24160","CreateFile","C:\Windows\System32\urlmon.dll","SUCCESS","Desired Access: Read Attributes, Disposition: Open, Options: Open Reparse Point, Attributes: n/a, ShareMode: Read, Write, Delete, AllocationSize: n/a, OpenResult: Opened"
"12:22:55.5407104 PM","main.exe","24160","QueryBasicInformationFile","C:\Windows\System32\urlmon.dll","SUCCESS","CreationTime: 3/11/2026 1:06:41 PM, LastAccessTime: 4/4/2026 12:22:55 PM, LastWriteTime: 3/11/2026 1:06:42 PM, ChangeTime: 3/12/2026 12:16:24 AM, FileAttributes: A"
"12:22:55.5407211 PM","main.exe","24160","CloseFile","C:\Windows\System32\urlmon.dll","SUCCESS",""
"12:22:55.5408034 PM","main.exe","24160","CreateFile","C:\Windows\System32\urlmon.dll","SUCCESS","Desired Access: Read Data/List Directory, Execute/Traverse, Synchronize, Disposition: Open, Options: Synchronous IO Non-Alert, Non-Directory File, Attributes: n/a, ShareMode: Read, Delete, AllocationSize: n/a, OpenResult: Opened"
"12:22:55.5408433 PM","main.exe","24160","CreateFileMapping","C:\Windows\System32\urlmon.dll","FILE LOCKED WITH ONLY READERS","SyncType: SyncTypeCreateSection, PageProtection: PAGE_EXECUTE|PAGE_NOCACHE"
"12:22:55.5408697 PM","main.exe","24160","CreateFileMapping","C:\Windows\System32\urlmon.dll","SUCCESS","SyncType: SyncTypeOther"
"12:22:55.5409947 PM","main.exe","24160","Load Image","C:\Windows\System32\urlmon.dll","SUCCESS","Image Base: 0x7fff900c0000, Image Size: 0x1dd000"
"12:22:55.5414100 PM","main.exe","24160","CloseFile","C:\Windows\System32\urlmon.dll","SUCCESS",""
"12:22:57.2152356 PM","main.exe","24160","ReadFile","C:\Windows\System32\DriverStore\FileRepository\u0197640.inf_amd64_38091087f7899005\B025647\amdxx64.dll","SUCCESS","Offset: 42,661,888, Length: 16,384, I/O Flags: Non-cached, Paging I/O, Synchronous Paging I/O, Priority: Normal"
"12:22:57.2152474 PM","main.exe","24160","ReadFile","C:\Windows\System32\DriverStore\FileRepository\u0197640.inf_amd64_38091087f7899005\B025647\amdxx64.dll","SUCCESS","Offset: 42,661,888, Length: 4,096, I/O Flags: Non-cached, Paging I/O, Synchronous Paging I/O, Priority: Normal"
"12:22:57.2153150 PM","main.exe","24160","ReadFile","C:\Windows\System32\DriverStore\FileRepository\u0197640.inf_amd64_38091087f7899005\B025647\amdxx64.dll","SUCCESS","Offset: 42,661,888, Length: 4,096, I/O Flags: Non-cached, Paging I/O, Synchronous Paging I/O, Priority: Normal"
"12:22:57.2153554 PM","main.exe","24160","ReadFile","C:\Windows\System32\DriverStore\FileRepository\u0197640.inf_amd64_38091087f7899005\B025647\amdxx64.dll","SUCCESS","Offset: 42,661,888, Length: 4,096, I/O Flags: Non-cached, Paging I/O, Synchronous Paging I/O, Priority: Normal"
"12:22:57.2154341 PM","main.exe","24160","ReadFile","C:\Windows\System32\DriverStore\FileRepository\u0197640.inf_amd64_38091087f7899005\B025647\amdxx64.dll","SUCCESS","Offset: 42,661,888, Length: 4,096, I/O Flags: Non-cached, Paging I/O, Synchronous Paging I/O, Priority: Normal"
"12:22:57.2155134 PM","main.exe","24160","ReadFile","C:\Windows\System32\DriverStore\FileRepository\u0197640.inf_amd64_38091087f7899005\B025647\amdxx64.dll","SUCCESS","Offset: 42,661,888, Length: 4,096, I/O Flags: Non-cached, Paging I/O, Synchronous Paging I/O, Priority: Normal"
"12:22:57.2155426 PM","main.exe","24160","ReadFile","C:\Windows\System32\DriverStore\FileRepository\u0197640.inf_amd64_38091087f7899005\B025647\amdxx64.dll","SUCCESS","Offset: 42,661,888, Length: 4,096, I/O Flags: Non-cached, Paging I/O, Synchronous Paging I/O, Priority: Normal"
"12:22:57.2155780 PM","main.exe","24160","ReadFile","C:\Windows\System32\DriverStore\FileRepository\u0197640.inf_amd64_38091087f7899005\B025647\amdxx64.dll","SUCCESS","Offset: 42,661,888, Length: 4,096, I/O Flags: Non-cached, Paging I/O, Synchronous Paging I/O, Priority: Normal"
"12:22:57.2156087 PM","main.exe","24160","ReadFile","C:\Windows\System32\DriverStore\FileRepository\u0197640.inf_amd64_38091087f7899005\B025647\amdxx64.dll","SUCCESS","Offset: 42,661,888, Length: 4,096, I/O Flags: Non-cached, Paging I/O, Synchronous Paging I/O, Priority: Normal"
"12:22:57.2156625 PM","main.exe","24160","ReadFile","C:\Windows\System32\DriverStore\FileRepository\u0197640.inf_amd64_38091087f7899005\B025647\amdxx64.dll","SUCCESS","Offset: 42,661,888, Length: 4,096, I/O Flags: Non-cached, Paging I/O, Synchronous Paging I/O, Priority: Normal"
"12:22:57.2156679 PM","main.exe","24160","ReadFile","C:\Windows\System32\DriverStore\FileRepository\u0197640.inf_amd64_38091087f7899005\B025647\amdxx64.dll","SUCCESS","Offset: 42,661,888, Length: 4,096, I/O Flags: Non-cached, Paging I/O, Synchronous Paging I/O, Priority: Normal"
"12:22:57.2156745 PM","main.exe","24160","ReadFile","C:\Windows\System32\DriverStore\FileRepository\u0197640.inf_amd64_38091087f7899005\B025647\amdxx64.dll","SUCCESS","Offset: 42,661,888, Length: 4,096, I/O Flags: Non-cached, Paging I/O, Synchronous Paging I/O, Priority: Normal"
"12:22:57.2156999 PM","main.exe","24160","ReadFile","C:\Windows\System32\DriverStore\FileRepository\u0197640.inf_amd64_38091087f7899005\B025647\amdxx64.dll","SUCCESS","Offset: 42,661,888, Length: 4,096, I/O Flags: Non-cached, Paging I/O, Synchronous Paging I/O, Priority: Normal"
"12:22:57.2157257 PM","main.exe","24160","ReadFile","C:\Windows\System32\DriverStore\FileRepository\u0197640.inf_amd64_38091087f7899005\B025647\amdxx64.dll","SUCCESS","Offset: 42,661,888, Length: 4,096, I/O Flags: Non-cached, Paging I/O, Synchronous Paging I/O, Priority: Normal"
"12:22:57.2729454 PM","main.exe","24160","QueryNameInformationFile","C:\Windows\System32\combase.dll","SUCCESS","Name: \Windows\System32\combase.dll"
"12:22:57.2729722 PM","main.exe","24160","QueryNameInformationFile","C:\Windows\System32\combase.dll","SUCCESS","Name: \Windows\System32\combase.dll"
"12:22:57.2729862 PM","main.exe","24160","QueryNameInformationFile","C:\Windows\System32\combase.dll","SUCCESS","Name: \Windows\System32\combase.dll"
"12:22:57.2729977 PM","main.exe","24160","QueryNameInformationFile","C:\Windows\System32\combase.dll","SUCCESS","Name: \Windows\System32\combase.dll"
"12:22:57.2740838 PM","main.exe","24160","ReadFile","C:\Windows\System32\DriverStore\FileRepository\nvlti.inf_amd64_b3badde551342cd6\nvcuda64.dll","SUCCESS","Offset: 35,016,192, Length: 4,096, I/O Flags: Non-cached, Paging I/O, Synchronous Paging I/O, Priority: Normal"
